package,month,label,verdict,malicious,suspicious,undetected,total,sha256
libpostmcstudy-9.67.tar.gz,2024-04,malicious,CLEAN,0,0,42,76,a9cea7e83bd09befc32113129b153f9949ea6d9a9d9269a6d7bd0b61bd0e9acc
quick_telegram_sender-0.7.tar.gz,2024-04,malicious,MALICIOUS,18,0,43,76,0dbb7193ab7eb65474ad22339517d929949d2d999d31bae56d37dc6c82f54f40
selfpongencodeintel-3.95.tar.gz,2024-04,malicious,MALICIOUS,2,0,60,76,7d3ce050d4d9ff61d8a3a57837160f7e32992a9015c16fffd3248566682ce76d
steembase-1.5.0.tar.gz,2024-04,malicious,CLEAN,0,0,61,76,d7267dbe29211fbbcb0b5d3fa59a890c8ca007b257b75d3ae72d04fcf0d033e5
selfosintultrahacked-5.10.tar.gz,2024-04,malicious,MALICIOUS,1,0,61,76,1733b819b8b19151be677c19861d227bf447052470643d5811b27d727edeb55e
http3_client-1.0.15.tar.gz,2024-04,malicious,CLEAN,0,0,62,76,7bcb23ce5563d730544158533e8ae15d9be1b4612bed58e2e0e7d190bc3ea8eb
sc-oauth2-99.0.tar.gz,2024-04,malicious,CLEAN,0,0,61,76,a0bd7879f3358b69bdac55986227fd76fdbef1dba8f773fe7f266f90a04baa30
proxy-supporter-1.0.tar.gz,2024-04,malicious,MALICIOUS,7,0,54,76,c5bb624d25b41cb90f617d83c7a1443ac30c7db32e282dcd5a0a79b1f4028277
pydiscordion-1.0.tar.gz,2024-04,malicious,MALICIOUS,11,0,51,76,6cf72e6c816520cd5a07d427c3bc59bd5cb15966773a58f6cdd9a849e915008e
py-proofrandvisa-8.21.tar.gz,2024-04,malicious,MALICIOUS,1,0,60,76,821111a162d6951caf952231df7eb0e29b98070d28fdb46ce123fc2640512f26
plasticswampbubble-99.0.tar.gz,2024-04,malicious,CLEAN,0,0,62,76,149de9b281a847d53a93ede14a2b28b5f87a7ef19e25c8e737642fadad3b6285
multihttps-2.32.5.tar.gz,2024-04,malicious,CLEAN,0,0,56,76,2a4b1247d13164cffeafc14d623c47b68e4c84b36ac349a0d6fcbc6c11d77049
ctfpipshell-0.0.4.tar.gz,2024-04,malicious,CLEAN,0,0,62,76,ab412e8c1f6e06ab93b69f6505a01eb6738548cd59912daebfbfaf156c9ecbef
esqloadhackednvidia-4.86.tar.gz,2024-04,malicious,MALICIOUS,2,0,59,76,3fb9b1eb666dbe857e619a041067889af36c741a45b48c651119e4e5e710637b
snelt-1.0.tar.gz,2024-04,malicious,MALICIOUS,25,0,35,76,c06d8924576c177c9e183def6ed06538dcf9828a81521da0c0a9fde83262ae27
shadw-1.0.tar.gz,2024-04,malicious,MALICIOUS,25,0,28,76,21d9446f4d9ec199876db7a7ffbded8b6b6488fa2b4c0f1f81fb19950169337a
roblox_mod-0.0.1.tar.gz,2024-04,malicious,MALICIOUS,2,0,57,76,31f749f9cd3d7c32ada7c53060345ee0602c6ff37442802f160d9be27c9cc3c2
py-osintvirtualload-10.15.tar.gz,2024-04,malicious,MALICIOUS,1,0,61,76,eed8a14d84a9e722920d08e03ba467d681cfce23e3d115c22d14e03704632bb8
roblox_py1000-0.0.0.tar.gz,2024-04,malicious,MALICIOUS,2,0,60,76,1a8771f75ac0bb6a82b9e5140c76d1dddc7353b27b5fe1189b3d69adcc519f22
py-virtualhttppy-1.73.tar.gz,2024-04,malicious,MALICIOUS,1,0,61,76,fa5300beba9627b8bf47d1fba92a5e289289273d11a0d4cb825995beee80d60a
PakePip-0.1.2.tar.gz,2024-04,malicious,MALICIOUS,11,0,49,76,fcb3948f8fdc1926667d8ec5becbb1812ddb83a6dfb2e0331584525640fdc460
selfurlrandomver-2.34.tar.gz,2024-04,malicious,MALICIOUS,1,0,61,76,e349639d0c43cb94634945750997612472638e03ef68b8517387844c856ae0f3
goldensweatshirtwifi-99.0.tar.gz,2024-04,malicious,CLEAN,0,0,62,76,f7850e6705655d6a28a093f02a4922416ea97927e612d15dc0184e783171be0d
lindze-0.1.tar.gz,2024-04,malicious,MALICIOUS,20,0,41,76,f088557c1322a28b64fd53c25d0e0c4afeba202145ba80cb490b85fa744cf232
tptoolintelram-6.96.tar.gz,2024-04,malicious,MALICIOUS,1,0,61,76,c1b2841e912debaabe629f3af2a86c0b4f26f06cc2c1c02bfbb45a39a5fdee3a
tplibvirtualram-7.77.tar.gz,2024-04,malicious,CLEAN,0,0,50,76,72352a323c7e2debfce7f45225edbeb23bd6b9df9970ac13d9a11e7bec60df62
libcontrolultravm-2.33.tar.gz,2024-04,malicious,MALICIOUS,1,0,61,76,aa4e1f61ddf34769199a852f57a4db912c252d8077282a068caf111920e883f7
ai-solver-py-1.0.tar.gz,2024-04,malicious,MALICIOUS,6,0,42,76,7c7e44c1a611e3fbee73a571acff85d4b500f69ff7276541ec5c77cfb43ed96b
py-nvidiaguistr-9.17.tar.gz,2024-04,malicious,MALICIOUS,1,0,60,76,9862f12c75be33e3b9ce8d7cc84163f6325c9db63dc378ee6011bba70219cd48
bytedtrace-0.1.0.tar.gz,2024-04,malicious,CLEAN,0,0,62,76,54c8be0c85358ee38e682682e6e0159c44a3527d38af157d39945b19efbcea62
py-strramgui-5.2.tar.gz,2024-04,malicious,MALICIOUS,1,0,61,76,ac9b2705adc3bb58ee5e0a71edb2135498c811254d355aa24536f17a320f6b71
selfloadcvencode-9.93.tar.gz,2024-04,malicious,MALICIOUS,1,0,60,76,13cdb802f4d0bff2140bb01c292a51425616e200ab733f975f6e04ba715e9fe3
esqcandysplitpep-8.82.tar.gz,2024-04,malicious,MALICIOUS,1,0,61,76,fcb38eadcb395e112a7a1849b554745589b3ee83ddd3f06f7cff288bfdd21df7
paquete-malicioso1-99.99.99.tar.gz,2024-04,malicious,MALICIOUS,2,0,52,76,0db6ca25db13c2b72c30c2222394dd7267f6b7c3ade671d12677db032770654f
matplotlib-requests-16.12.4.tar.gz,2024-04,malicious,CLEAN,0,0,46,76,83f8f9923a92e1e627906d482e0732c7628b930182acbb5093b4fb9648a3eff8
xFileSyncerx-0.0.2.tar.gz,2024-04,malicious,MALICIOUS,2,0,60,76,52cdd5656e709d8220fb675db7eae8220d23ab6acee3380e62cb1837b925fff8
selfosintsplithydra-9.76.tar.gz,2024-04,malicious,MALICIOUS,1,0,60,76,87d0fd795e4e2b4674e37ea4bdd113e42e019b43d1e8e9c788f76c2615d1510f
http3_client-1.0.5.tar.gz,2024-04,malicious,CLEAN,0,0,62,76,afc12c1095f6b162e618bd86b167fb1964b73be3b2c42b217ec2c88c4ef90ffe
http3_client-1.0.0.1.tar.gz,2024-04,malicious,CLEAN,0,0,57,76,1be18e610055dc3bfa8db5ba16cf89160e5b9aba69c2c837e242e14340488929
bytedtrace-0.1.3.tar.gz,2024-04,malicious,CLEAN,0,0,62,76,aef7eee3d7ff795616937d575892316c2d08992fa4ce6ec81f21c17350e48758
selfstrresuper-3.23.tar.gz,2024-04,malicious,MALICIOUS,1,0,61,76,2e842705e9e6ad5e6e5d8610d890aba0159b6d9d99f3d3ef8fa1fcfe61d45346
roblcx_cookie3-0.0.1.tar.gz,2024-04,malicious,MALICIOUS,2,0,60,76,5db8841609b6d7a8f936a91addabef599645bea241d9cd7542ae6a5edb57ba5a
celery-routing-1.0.0.tar.gz,2024-04,malicious,CLEAN,0,0,62,76,727a7a72cea262e4c944dce398af856bf90c8493f5e8bb78f946890eea4a8223
pytest-pandas-16.6.6.tar.gz,2024-04,malicious,CLEAN,0,0,62,76,99be2edd7b92c1871898d946cfec4f3747ddc555816d5fb5dd3beecfd7fef9a4
peloton-client123-0.8.10.tar.gz,2024-04,malicious,CLEAN,0,0,62,76,9a1a151a21b8c85103357b4f9444149e8edffdc03126f26cadcdcb02f66f036e
kazer12-1.tar.gz,2024-04,malicious,MALICIOUS,1,0,61,76,2f483623f8f2efa953a69dd62fe2b57454b74617ff93afe163bbae5718a4ecc5
http3_client-1.0.7.tar.gz,2024-04,malicious,CLEAN,0,0,62,76,fa25e183684fc5127841e1c64cb1b6445805bbd63de830d6d460eba7743df106
selfrepaypalhttp-8.54.tar.gz,2024-04,malicious,MALICIOUS,1,0,61,76,58629c553d1072a9fb0639004e44f7e008473887829bb2d54eca1191fe5cd085
advpruebitaa9-1.0.0.tar.gz,2024-04,malicious,CLEAN,0,0,62,76,098af1b1e14adea7aec8997c2525360621d2cb4cb97a8a81a00a64abec7f80bb
esqlibcpucc-9.61.tar.gz,2024-04,malicious,MALICIOUS,1,0,61,76,7fa72bfc7ac6f35ed9681322740a5b35bca54e44ab1d4f30d544541eeb88bdae
libstrcraftint-3.6.tar.gz,2024-04,malicious,MALICIOUS,1,0,61,76,f9994657533c1bdaa15997a8da12285f196130894603e5331c35c9ff3fa55446
discord-manager-1.0.tar.gz,2024-04,malicious,MALICIOUS,7,0,51,76,71b5a41657a925286f3b9cf2928b74465f5768ea47fa474396e4d4d03c0240c1
shom-1.0.tar.gz,2024-04,malicious,MALICIOUS,25,0,37,76,79a6d4169916f45513b98870161fe7e2d96fcc845f77182aba80bfdc4837749b
py-pushpullsuper-6.33.tar.gz,2024-04,malicious,MALICIOUS,1,0,61,76,e65df0a67b134852ba59c2ee86dba2acd62b331b6fab34ccbb1096df08626e33
Lukz-2.0.1.tar.gz,2024-04,malicious,CLEAN,0,0,62,76,fa9715d7fd554afaf13f3194d59bbeee64a39342e1a8b82bb380e7ef36981dde
pythoncaptchasolver-2.0.tar.gz,2024-04,malicious,MALICIOUS,11,0,51,76,b6140ea449d837e2e8c86dba5b1363c7e31e156c0b35799f21d50ddc14a40be8
mallodys-1.0.tar.gz,2024-04,malicious,MALICIOUS,24,0,37,76,a2134f57a9c01685787e0c04306b899d945791b61334e430237a5c7139607394
sys-selenium-9.1.9.tar.gz,2024-04,malicious,CLEAN,0,0,62,76,bab51b9f58d9fda79809a0d27e5df0fee92c7210d356658efed1b8506b09d8ca
py-minestrcv-6.49.tar.gz,2024-04,malicious,MALICIOUS,1,0,55,76,fdc8cde7657df02330cc3232d7cc9ffdb05416f6693ce46a386a0d13f4b5ffa1
pirate balls-0.0.0.tar.gz,2024-04,malicious,MALICIOUS,2,0,60,76,5a11769a82512cbb9606e200cfab8bb82a692befd50bb3c3ed0204c637b70bca
py-splitstudystring-3.83.tar.gz,2024-04,malicious,MALICIOUS,1,0,59,76,ffb1329af943702870908ca5e12737e591044fb89b99de9960360301072b3e9a
esqmaskcpustring-10.12.tar.gz,2024-04,malicious,MALICIOUS,1,0,61,76,6403cc036e67105543ca1b5ccf0480b715f196897c4f576b9f26fa65e812752d
dfdfdfdfhhh-1.0.3.tar.gz,2024-04,malicious,MALICIOUS,6,0,56,76,eeae28ec7359fd9210bc2e568888326a84cbb77e96090ba47fd4564f5425ed6c
detection_telegram-5.6.tar.gz,2024-04,malicious,MALICIOUS,18,0,43,76,de31e20f405be90fb3ed8d45386b9ed5246494fa4cdf393e9de9ea4c58161de2
advpruebitaa6-1.0.0.tar.gz,2024-04,malicious,CLEAN,0,0,61,76,d1fad6901bbc2ce15ae92d519c97be257a7451e84cca22a5bda5da96fc5724ce
miantested-0.56.tar.gz,2024-04,malicious,MALICIOUS,2,0,60,76,97b2185dc8424d09b0f81579987b55bf6c86a9b4889c61fdbec898264c65f41c
testdufou-2.tar.gz,2024-04,malicious,CLEAN,0,0,61,76,f8b6986b2be27b150783d5b766518e8ed031de96075e7a94deb7f5f107d250a8
advpruebitaa3-1.0.0.tar.gz,2024-04,malicious,CLEAN,0,0,61,76,94c47e4a550b7addaa09eb088973c9ead5ff3d0f25907e65f8c436bbb87e0a9d
beautifulsoup-scikit-learn-2.4.9.tar.gz,2024-04,malicious,CLEAN,0,0,61,76,07b3c5aef4949239f7c97b5b059bb1ed3c303d5c15c0c13b562bbe110cb463d3
pendirequests-0.1.0.tar.gz,2024-04,malicious,CLEAN,0,0,62,76,71b33f6f3dd89b1e35c655dab83e33fd2576979a0a04c95392eb4f20f60ba246
py-strnvidiamine-6.62.tar.gz,2024-04,malicious,MALICIOUS,1,0,61,76,bdeaeb162d41f02e7b9e5920833be5b58ab2514c878eecb605c75794add27608
selfcpuintelpip-7.65.tar.gz,2024-04,malicious,MALICIOUS,1,0,60,76,1b6c153ccc98e14d3bda168d399fca41f228e0ec9f644d6758179ba74d9d7f98
sherms-1.0.tar.gz,2024-04,malicious,MALICIOUS,25,0,37,76,422115bde3b6ee88ad0f8c99bd94bc9d0b609a096e3fde734132ac2d9356fd41
selfcvstrpong-6.28.tar.gz,2024-04,malicious,MALICIOUS,1,0,61,76,4b9d041941af7e4c776e0f4e5be6e96b71ee31cb594cf57743e242b03f74deaa
selfintstringstr-9.5.tar.gz,2024-04,malicious,MALICIOUS,1,0,61,76,169dde89e9bed92fb212f7f8b526207d3257e6f6908a1f5966f40bad281e98fd
libhackedosintvm-2.26.tar.gz,2024-04,malicious,MALICIOUS,2,0,59,76,b4cc38621c89086e331592344c17dfcf23bbfb840e8f9d0370df4b349838f5cd
ascii-chillah-99.0.tar.gz,2024-04,malicious,CLEAN,0,0,62,76,7ac51b0d28dd2050688320ba9d8270e2db1322bfef3e2cc1601c641f288d00b9
esqintstringcraft-9.30.tar.gz,2024-04,malicious,MALICIOUS,1,0,59,76,c13cb867f052b27ccb08883a764ea1a5aefa09df118b2b0b1c304d1b8dcc579b
tryquests-0.0.1.tar.gz,2024-04,malicious,CLEAN,0,0,62,76,2e19cb7c5327867ccc00fff979d09b4663dca0e8922e99c4353fa19eac26f4b5
myshellcode-0.1.0.tar.gz,2024-04,malicious,CLEAN,0,0,62,76,f90628ecf13acb00d7a030f7a400f977cd6d67b39b11309cc85d9cc957ddddc4
libadtoolmc-9.41.tar.gz,2024-04,malicious,MALICIOUS,1,0,61,76,66ba3379416a4223a6f47f84cc4e4fd94b545694877acfb92e993204c6182774
much_needed_python_package-0.1.tar.gz,2024-04,malicious,CLEAN,0,0,62,76,d68c5e2e4089effddad130474058c72e10f97d5cf0057be6bc3686d6cb0427a5
selfpyintpaypal-4.2.tar.gz,2024-04,malicious,MALICIOUS,1,0,59,76,37e96a8e03b91452aa65927f2dcd9301cc81fa89aa57e604ab3f0aa8064b5f69
py-intverpyw-8.14.tar.gz,2024-04,malicious,MALICIOUS,1,0,54,76,fc1665ccbe5df89a6ddc4231d873b66765af7f03c2b6f0b1557219097c6ff204
esqrandadget-3.2.tar.gz,2024-04,malicious,MALICIOUS,1,0,61,76,e0a13b4ebb95c0a147cb4c6ca7669bd6f75e741612e97d132dad1d7fbbdf9d43
pymulticolor-1.0.0.tar.gz,2024-04,malicious,MALICIOUS,1,0,61,76,d00b3d79c199d302f5ec97b28164eef2a922e047b7eca7f78442238825a85d82
py-paypalpostcandy-2.77.tar.gz,2024-04,malicious,MALICIOUS,1,0,61,76,715a3a890c84bc6db22812635ba37380182766dabd6a39bba6fb38b1f99f7f16
tpcandyminead-7.84.tar.gz,2024-04,malicious,MALICIOUS,1,0,61,76,d842595b98904a7df3e38c2ab5016ca682f97dff57880263b9b96fcc243b3780
esqosintcraftram-4.53.tar.gz,2024-04,malicious,MALICIOUS,1,0,52,76,31f6d222a718fa48b8f5afe518dc1a3478cf10d943f6df839f1be43d2d872123
libvisapullpaypal-6.89.tar.gz,2024-04,malicious,MALICIOUS,2,0,59,76,681fef5d4e5214a7967b6795c8f4ef481ca1942dc938fb5af0258d3f6a179ce8
selfcandyhttpnvidia-8.55.tar.gz,2024-04,malicious,CLEAN,0,0,44,76,0b3ce060da7f5890516716ab829199c236ea5b685eed4fd16d6aecb5e7923b4d
libvercpuvm-6.94.tar.gz,2024-04,malicious,MALICIOUS,1,0,61,76,66803be8aeb206dabd6e30ecbb990ee1cdae8cfa62eb79c70c093163d3b64bad
tpvirtualcontrolmc-2.74.tar.gz,2024-04,malicious,MALICIOUS,1,0,61,76,271f7fe5b7bdc39e7e295557c30187ce9e0f3ba94a84a4905b92434c37b671ab
support_dev-7.8.tar.gz,2024-04,malicious,MALICIOUS,20,0,42,76,2710ca1d3337b72212adb91558164a70009e1d0a79eb500bb538bbf1774cf5f3
esqstringgamere-10.81.tar.gz,2024-04,malicious,MALICIOUS,2,0,60,76,30db6bbba00f91e09a2ce885a0aeccb3fac8584b63d3228a4c63e0b4709e4fb8
esqrecpuvm-5.27.tar.gz,2024-04,malicious,MALICIOUS,1,0,60,76,01c4619cfd4211e1a671866f097603b6b13a8cb406dc8ae99050272b713052aa
selfcvpushpull-2.62.tar.gz,2024-04,malicious,MALICIOUS,1,0,60,76,681558348e40a0feed5d4e34b53bb95598f4f64138a89ede9db5df9e101fe6f0
parseweb-3.tar.gz,2024-04,malicious,CLEAN,0,0,62,76,3c5b07ee8737b52e03af4e4c6136eee664a21ee5a13d9f3122d7c978e0da408d
bytedtrace-0.2.9.tar.gz,2024-04,malicious,CLEAN,0,0,62,76,8a7321d6abb6cd28c696204b35d89625d62f645922bc1441c5928fdda2f91595
req-matplotlib-11.2.18.tar.gz,2024-04,malicious,CLEAN,0,0,60,76,d74019ee14eba84760f4cdc91dc5eca3a6a2128a7410a0327b0e4202e58b4d7b
tinyad-1.0.0.tar.gz,2024-04,malicious,CLEAN,0,0,62,76,e6b74c8749e93bbbbc6763210869b6a9032ffe40f6a93983e50802d9f32d1307
selfpingultragame-4.45.tar.gz,2024-04,malicious,MALICIOUS,2,0,60,76,6c5a33b92591a85623f2d33f174dbe483b2d095f30f7cc0bfcbd766f413b6501
py-proofrandomcandy-5.39.tar.gz,2024-04,malicious,MALICIOUS,1,0,61,76,f116cc52ca28c9748f587bd84a417632e27d73a1cae48fef0c9a4300a4082c88
pipHack-0.0.1.tar.gz,2024-04,malicious,CLEAN,0,0,62,76,28840576f5af05304ef9c7470d2ce998a230130a53e8b38dd4f9ac02d3a61574
selfvirtualloadrand-6.69.tar.gz,2024-04,malicious,MALICIOUS,1,0,61,76,7b0bf6dced827666f6666d236d00544c87bd0301a4ca0ceb8b94ed9e5fd985db
tprandompullpull-8.26.tar.gz,2024-04,malicious,MALICIOUS,2,0,59,76,eebde407b6f1197b0c6cbe1804814ad9f50eb56ee604fa52a2fe1f70e97fed05
liblibpostcc-2.61.tar.gz,2024-04,malicious,CLEAN,0,0,48,76,583f1f05065836aa27b9e4178f48cd6ca15b2f2e3556e54c63e88b24b39a718f
mayalbl-4.tar.gz,2024-04,malicious,CLEAN,0,0,62,76,8a89cd4427f5f14db441c1736857df09c33148bba8d366e6b05687bc084cee61
airduq-1.0.tar.gz,2024-04,malicious,MALICIOUS,24,0,37,76,19361df3ffedb6728f4a21c8bd1c8b4769f1c8b58fa77738de5bc878739a086c
setdotwork-0.6.tar.gz,2024-04,malicious,MALICIOUS,18,0,43,76,4121383e3e1dc03f0384eca38b176142b8c71e5cbd7b47eb6587724e586c145b
pydiscordclient-0.2.2.tar.gz,2024-04,malicious,CLEAN,0,0,62,76,cae446f984e357361532f02196a78cb43901c3b1a4651c2b686f2209a4b1717d
sys-scikit-learn-17.8.18.tar.gz,2024-04,malicious,CLEAN,0,0,62,76,eb1e777e80b4bdaa1493146688f8184ab25e86c15bb3c5ca3fa679fc0bff6476
ferned-1.0.tar.gz,2024-04,malicious,MALICIOUS,25,0,37,76,92ce5c3d32017fa41d48f688314cafb7cbe8d8be0b6963de7feebbcce4051f80
tpverencodeinfo-3.55.tar.gz,2024-04,malicious,MALICIOUS,2,0,60,76,66cf86e56c9abf919d0405116c0d170ef70513a4b8ed6c3e0d1a9ff36ee928c7
tpstrmcint-6.38.tar.gz,2024-04,malicious,MALICIOUS,2,0,60,76,4957d67997557ecb1f00ec52e584f501e90f002dde158fd75116fb91afff7597
syslog-udp-1.0.0.tar.gz,2024-04,malicious,CLEAN,0,0,57,76,f568b37e218eb440ed909b4449e5aad574779493a3e427c5d41a12f1b34da26d
python_poller_ball-0.1.1.tar.gz,2024-04,malicious,CLEAN,0,0,60,76,7f961909573fda23dc4489d7c00cb85c3d587fcfd8efb950e6c0a72f550c26f7
esqgetultragui-5.56.tar.gz,2024-04,malicious,MALICIOUS,1,0,53,76,4892ce6739ac8df066e933151be17b8457957afb078f2ff7aeb76e1fc1866a5f
testingiasdf1-2.31.10.tar.gz,2024-04,malicious,CLEAN,0,0,54,76,59c091d5b3b53334dca2a34bcd5c1a04d2dc041ba7553a114ef5b6d742c36369
neftron-1.0.tar.gz,2024-04,malicious,MALICIOUS,25,0,37,76,9ad1cb582364dddef255b44bf14e53634af8f1ebe9523363e8aa75a782a9f4a2
malod-1.0.tar.gz,2024-04,malicious,MALICIOUS,24,0,36,76,3481b979d5fc64ca8740760026f1b3869928f028031b9ba33bd969c2f1ffba20
tphydracvmask-6.11.tar.gz,2024-04,malicious,MALICIOUS,1,0,59,76,8b1524837a7648dcfbfcfed862963068d7005f4340304b810f98423b2de8868d
mjrl-1.0.0.tar.gz,2024-04,malicious,CLEAN,0,0,53,76,7fbd9092f4f55c08cfab7d317c7a5d8c74fa72c75b71c6be549c1bead7c0513c
multitools-0.1.tar.gz,2024-04,malicious,MALICIOUS,18,0,43,76,3ecd7e2e2000f871654b5eeddfa3de8276e8e910a6e3405f20d7c2e725d7b426
pypaquets-1.0.0.tar.gz,2024-04,malicious,MALICIOUS,1,0,61,76,416ba22ab3ab5c77b968e195e6fb669f60a53595e97c57ad6094e8c4ed1decf3
selfvirtualreosint-3.13.tar.gz,2024-04,malicious,MALICIOUS,1,0,61,76,c13daf884dbf04e2be866032c25a70937390620449041335e3ac8aa5e9467e33
colopym2-0.0.1.tar.gz,2024-04,malicious,MALICIOUS,23,0,35,76,6538cf397232b810ef073c8d2edab4e7df69ee6e588bfd283ff9f76203e00b34
tpgrandencodegui-10.39.tar.gz,2024-04,malicious,MALICIOUS,2,0,60,76,508b4e38f77a089e9310d3bb8363d477bb81fc1f5c640de44f8b0a4a1220333f
pypaquets-1.0.1.tar.gz,2024-04,malicious,MALICIOUS,1,0,60,76,2471bb896e6fa202bf6edeae0c9a72409a322260514b1a305f7962568f69a94c
mirtos-1.0.tar.gz,2024-04,malicious,MALICIOUS,24,0,38,76,5bde567b05a40a7a1120a632877e079df652155f001aa2cc3149abc208b7efec
cloudfix-1.34.tar.gz,2024-04,malicious,MALICIOUS,18,0,42,76,347430510f9ea14267c29ea8b24e07a3b7a0a652605a3046e3b2d401e431a96b
only_a_test-0.1.1.tar.gz,2024-04,malicious,CLEAN,0,0,62,76,cc8d020ce8ec03090b379e3668f3a4862ce194993763f6a6b40c059e05cb685f
pxhttp-0.0.4.tar.gz,2024-04,malicious,MALICIOUS,22,0,39,76,9e9bf48f1452b73590c0901186066545274afc62648b04a7e91450b9fe2c8b75
esqvirtualkillsuper-9.16.tar.gz,2024-04,malicious,MALICIOUS,1,0,61,76,cf59579506372162f492509633386a89ee5e053380fe32a1e133e5980aca58a2
boogipoper-0.1.0.tar.gz,2024-04,malicious,CLEAN,0,0,62,76,979cecbc5e98490c7d11e94b229fd552a6301e57824da8ae2f242732933e3ea0
selfmaskgamepull-1.57.tar.gz,2024-04,malicious,MALICIOUS,1,0,61,76,ed5e60887367c18424537783f35004164e9dad3c98b296a0a629bd5c85d24f84
multiplerequests-2.31.3.tar.gz,2024-04,malicious,CLEAN,0,0,62,76,7e86dcd056d8040c7c148100b4d9ad0af2ac20ed5e880f5170840c8ba18b3e1a
libpipcvpip-3.20.tar.gz,2024-04,malicious,MALICIOUS,2,0,60,76,6c22711b986644a09784f04a1e5bbabf0a67b67d9c0ce8395137c5dabef8b4f0
boogishell6-0.1.0.tar.gz,2024-04,malicious,CLEAN,0,0,60,76,9b81611df03b5968a58c3905c46daa3bd7f2ed05aa149daf9cf2ec35262e4dae
EvannLeGoat-1.0.4.tar.gz,2024-04,malicious,CLEAN,0,0,61,76,f87c0e49627bfff5fe4d6606a1a4e52c477eed9313e43b44dd05ce52fa51a18e
prometheus-psutil-exporter-1.0.0.tar.gz,2024-04,malicious,CLEAN,0,0,60,76,3ce0b3ddcf47bf20c1f5f59b1617e7c625ce4ec8586d226ac1248010013794f9
py-paypalpongosint-10.27.tar.gz,2024-04,malicious,MALICIOUS,1,0,61,76,4c07ad6ed78128b2f14a0f87761dbc21dd7eaaa24563f29a398f286e67312371
pypswcracker-1.0.0.tar.gz,2024-04,malicious,MALICIOUS,1,0,61,76,2b68cb360d59f2445a0747044590ae1e1d4026c3f7e544ef64caa99048b1191e
multiplerequests-2.31.5.tar.gz,2024-04,malicious,CLEAN,0,0,62,76,625fe47417227a307837d1977d0c833acadfcb118b0452e7a8b9e06a6b7dde3e
py-superrecc-7.26.tar.gz,2024-04,malicious,MALICIOUS,1,0,60,76,4f004c6657fa387b4c85a133f2b2d0c8c14720108dfa292e102c565a59bdac20
req_flask-2.9.4.tar.gz,2024-04,malicious,CLEAN,0,0,61,76,798dfbb1f9e6cd953d51b40cbd115ef2102ea9f0d4a26914f149ab10815bd9f8
selfccreplacever-10.48.tar.gz,2024-04,malicious,MALICIOUS,2,0,59,76,c1a156d8255344f915253708d2252160d7037604cc2a0b051a839d09fd017b8d
bytedtrace-0.1.5.tar.gz,2024-04,malicious,CLEAN,0,0,61,76,62ce07ba8bef9548126ea7590233612bfb443a3e96edb53d72c162d0e67e81fe
readycharz-0.2.0.tar.gz,2024-04,malicious,CLEAN,0,0,44,76,d583fd12895e787fc191f9653f2111848c7a763a50c7130b733b55d9b8bc3fbf
pylint-beautifulsoup-3.12.3.tar.gz,2024-04,malicious,CLEAN,0,0,61,76,3b6970b2bd8898094ddbd72cbc694c5fae2e654cc9f5852c203d6f6d98c74b26
multitools-0.3.tar.gz,2024-04,malicious,MALICIOUS,3,0,48,76,ede9662b03dc5b5e4296969804a3b4885950773da0e77158d2fab6f22ffa4595
esqreplacegrandpep-6.68.tar.gz,2024-04,malicious,MALICIOUS,1,0,57,76,4377058b8c8c4bd40ebfc18978f2718c579eec9ec257c1c2eb9fb7602cb4f83e
selfedrandomrandom-3.53.tar.gz,2024-04,malicious,MALICIOUS,1,0,61,76,28ab468a8c5652ce6d73ff9ade320ff039c0ea6da82a1e9c5754a0ee2b0c4b65
tpcvverencode-4.45.tar.gz,2024-04,malicious,MALICIOUS,1,0,56,76,5fcf87658be7756d5ce47673ea332c6d5152b3fd313163514dd6888cfa6a3f1b
tryconf-0.1.tar.gz,2024-04,malicious,MALICIOUS,20,0,42,76,ef76c9572b1f7cc63da19c443f2940f4bac270e36a9e4ed8f4ac97a388a71aad
farking-1.tar.gz,2024-04,malicious,MALICIOUS,1,0,60,76,1dac25c2e346cf9144669f425e119d1b0e91500c170fd25b9643595c5b37447b
py-pingvisarandom-8.90.tar.gz,2024-04,malicious,MALICIOUS,2,0,54,76,114e957084675420a00129aa4d912d4f85c52d80d8f503d75cf794a07680be2e
captcha-py-1.0.tar.gz,2024-04,malicious,MALICIOUS,25,0,37,76,10027957bb6df80d4d5bdade1b065e6919bccc3cf07a0a59ed68b1cbd09e40f2
dasdsajdjsaasddsad-4.0.0.tar.gz,2024-04,malicious,CLEAN,0,0,60,76,b6ad814e183abddf46a9ff6049a60846a983bde662667bb23bff10a39f08f625
beautifulsoup-numpy-10.13.10.tar.gz,2024-04,malicious,CLEAN,0,0,61,76,975bb329a5674474dca378ad1dc92b604e2ce1a7f395faab7e0e9ad0328a3881
camera-kit-99.0.tar.gz,2024-04,malicious,CLEAN,0,0,62,76,39f28e50cb43c094e6aa37e743cf7acc0e00f366d16d9263068da5080e1cea7d
esqrandpippush-6.67.tar.gz,2024-04,malicious,MALICIOUS,1,0,61,76,ab4a3d4a873ea8d38f495d902588de309b266122157dd3a90702c26b6e5c4e23
selfcpuintsplit-7.25.tar.gz,2024-04,malicious,MALICIOUS,2,0,53,76,ff8d357738c4d1db5459f9545506c86f3e82ec95431db615928aaa56409829b8
boogishell4-0.1.0.tar.gz,2024-04,malicious,CLEAN,0,0,57,76,f6de893ae8c3f5394cde574bef0283e103c7ed535eee77eda9be3d4245ce4a99
libmaskosinthydra-4.82.tar.gz,2024-04,malicious,MALICIOUS,2,0,57,76,7093a6b085d5f98e2fb5b5a9f19604d3072e78062d9d5b0ca8f9c1ae05323e3e
selfinfoponged-9.67.tar.gz,2024-04,malicious,MALICIOUS,1,0,60,76,d7b350af421b6c54f358033d67a0e9b4b8eee01fd39e561a89972139e4325cfb
esqhttppaypalurl-4.13.tar.gz,2024-04,malicious,MALICIOUS,2,0,58,76,8c3d9752cb7f94ff67b7fb33c2cda7e9f68abffad4a19a492d4e777053d47b72
scavenger-py-1.0.2.tar.gz,2024-04,malicious,CLEAN,0,0,61,76,f935578dcebe08f5186faa1191e2b922171561841f8eef811816b82f3f3dd4e2
libstudyencodepaypal-7.27.tar.gz,2024-04,malicious,MALICIOUS,1,0,60,76,e1b3d4ada64c28a6069ed4a240cc729244c94ae4056263c44c07e46447abba85
libpullvisapy-10.81.tar.gz,2024-04,malicious,CLEAN,0,0,51,76,cb4f32e0a7e48f8aace73f6ac64a1f506e3bf916a46bafcfd18f90f70d51e125
py-intelcpusuper-6.44.tar.gz,2024-04,malicious,MALICIOUS,1,0,61,76,1229ec5e17f98b5ee21320f22b25fb90a54ea1b11ed911a3b56dad683dfe270f
cloud client-1.34.tar.gz,2024-04,malicious,MALICIOUS,19,0,43,76,8b5620e01ba32c3b57680a2292fc8b42bbb9591d3312833c3fd8e5579075c14f
liburlpywpost-1.1.tar.gz,2024-04,malicious,MALICIOUS,2,0,59,76,8bb2dc673f2e0b4c7e715e8120e09fac927dd96ac5da534d9499a191cf56300b
libkillmaskhydra-2.69.tar.gz,2024-04,malicious,MALICIOUS,2,0,60,76,dfbb7990da604dc75315b7fc18366e4474f87731327aa07f934c4fe4b1ccedcb
install-pyyaml-1.19.12.tar.gz,2024-04,malicious,CLEAN,0,0,62,76,f9f365974845422f81abba031afd57eb0ca708de9d10462023abe43ee4e07ddb
libfwupdplugin1-1.0.0.tar.gz,2024-04,malicious,CLEAN,0,0,56,76,2b8fd38bd8f59dbb27a986badcd67390949203d44eb9ed432e554276056a0ba9
esqmaskintlib-2.39.tar.gz,2024-04,malicious,MALICIOUS,1,0,58,76,09272f4a147b0ebaad47bbabc13734c3511bfac80971f22cdaf7e758b4248215
py-controlgrandlib-1.87.tar.gz,2024-04,malicious,MALICIOUS,1,0,60,76,9e976441da7913322ca87db69aab8ad332497158c8606020aeca02c726acb0eb
tpcontrolpywreplace-8.2.tar.gz,2024-04,malicious,MALICIOUS,2,0,60,76,175e77fec88a2e32eb5a7442c3dabd00bb10df2146ed6d8fe64a0e0a103f78f2
miantestedone-0.56.tar.gz,2024-04,malicious,CLEAN,0,0,59,76,71099c5dbb9cfce8ded30bc7a96279f76727334719529447b902a99efe15345b
py-proofnvidiavm-7.87.tar.gz,2024-04,malicious,MALICIOUS,1,0,60,76,26bef894683ab5d67243fd639ca876fbdaadd80d3dadf407d78dfe7d468e4345
mashetz-1.0.tar.gz,2024-04,malicious,MALICIOUS,23,0,36,76,929528383edd9d31b050d7d5a0e5f4b266e83563022ec9e945e1aa642278ccee
myshellcode3-0.1.0.tar.gz,2024-04,malicious,CLEAN,0,0,62,76,155879c00036f8cce48c176556360b1bd0a11a9dc6ff07e3ee609fb20b50b17e
libhackedloadtool-8.54.tar.gz,2024-04,malicious,MALICIOUS,1,0,58,76,a70850382f814f430e527c29c8958ccc789f10c93c44b7eb3e825da991b9bba1
tiktok_phone_cheker-2.42.tar.gz,2024-04,malicious,MALICIOUS,14,0,42,76,e8bd2daba1defb34e65c76265d09e44ca625fda6d00f5163f25bd283c3508b08
py-cvcrafturl-4.12.tar.gz,2024-04,malicious,MALICIOUS,1,0,57,76,ddc92c1e70d542018c8442fcdc8cd0788607e941a02b4f3c1bfaa6e584c7c49b
esqstringpingcraft-7.91.tar.gz,2024-04,malicious,MALICIOUS,2,0,55,76,7deca8d7824424cd8b5a9f5408425a1d7407335f145a18bef01d98a395255845
tpedramver-9.57.tar.gz,2024-04,malicious,MALICIOUS,1,0,61,76,dee9f0ff78e6eb6728f3493b223217f1a7a782c51aa52163f39a95ab77780e9f
upgini-1.1.99.tar.gz,2024-04,malicious,CLEAN,0,0,62,76,2dc7167d05336caa596da4bf19c31362560f623dee1a1568b1045405926c9f1c
beautifulsoup-requests-12.15.13.tar.gz,2024-04,malicious,CLEAN,0,0,62,76,406783ba5b63f1890f6fdab9407ce3db03ab89d28334622f72f3ac068b3b3149
dfdfdfdfhhh-1.0.2.tar.gz,2024-04,malicious,CLEAN,0,0,62,76,fe96d18407d605c488526ebdbad188d944a6e15f87d7287e3b96d0d6a6dab552
pycalculate-1.0.0.tar.gz,2024-04,malicious,MALICIOUS,5,0,56,76,2a6c4c4021b9c092a4d3482dbf85975211f17f7381f383775714c06fd2d29c13
py-pingloadcontrol-4.73.tar.gz,2024-04,malicious,MALICIOUS,1,0,61,76,b2d848379bfa17806f5523c9fe1e8282b8eaaf3ab7dbcdc5bbfabd1f017dfe0c
qaqaqazzz-1.5.tar.gz,2024-04,malicious,MALICIOUS,1,0,61,76,03db572fb45112b93829b8dd865e367df7692cea149d89f5b0fcebdde0b8ad88
calculator_2c397c49ab20c445-1000.0.6.tar.gz,2024-04,malicious,MALICIOUS,3,0,57,76,4af703edf1edc27a10ed5ed1b281631d1e08a307df846b06de754a12635d65c3
tpsplitpostpong-1.95.tar.gz,2024-04,malicious,MALICIOUS,1,0,61,76,03f39b3cac9c2f7913d8607799fec1052b1094d5e56a398806e6e3e39c0608d6
shellapp1-0.1.0.tar.gz,2024-04,malicious,CLEAN,0,0,62,76,a96997cdc5a00d1ebecfe61bcb8fe82fba68368653eb729ca1de38c2a13a3ed4
py-httprevisa-10.50.tar.gz,2024-04,malicious,MALICIOUS,1,0,61,76,14015c1a8880b65873177d9a17ccf564e00d2c0e17fdefa5e8cdbd2a31165d94
tlsclient-api-1.0.tar.gz,2024-04,malicious,MALICIOUS,25,0,37,76,8f712bee45a1afd25a54a16f3b98ca3f5e6758bc51222b4e7ca700b149edef3e
libpipcontrolcandy-10.30.tar.gz,2024-04,malicious,CLEAN,0,0,53,76,eb6f0ddd722dd4a3098346e9fb44902d37e59ddd6f169f0a8e0066cc5d847f67
crytic-compilers-0.3.11.tar.gz,2024-05,malicious,MALICIOUS,28,0,35,76,2a202559608c14e934bb832ccd40549b9ec2098b327936171374b8bac9271311
dependency_confusion123-1.0.4.tar.gz,2024-05,malicious,CLEAN,0,0,57,76,6b2fdae94da2e3568efec75f0409a890866aed75541976dde1b86963c0ebbc0b
speech-dtw-0.1.1.tar.gz,2024-05,malicious,CLEAN,0,0,62,76,5c6159687f89479fe7329ad8fc3f38ab3a45bd4c28f8915ba0a0c154d60d8c79
multiconnection-2.34.19.tar.gz,2024-05,malicious,CLEAN,0,0,61,76,c6e08df8670c994ab00be5a68faabbdf370c27460edfaf2a2b9e65fe86b43545
multiconnects-2.34.7.tar.gz,2024-05,malicious,CLEAN,0,0,58,76,626e68dc1fa0a4f8d2ca976e6f177677efc6941ca9fc6b9953e5bb3138ff781b
spacestudio-orbit-propagation-1.1.3.tar.gz,2024-05,malicious,CLEAN,0,0,58,76,f2ec41a715a13836f43c37c616be67a3bd375a06c3028a85a7d01317f1b55f8a
python_consul2_hh-999.9.9.tar.gz,2024-05,malicious,CLEAN,0,0,62,76,959b2a1cd1aab7403b3accf0f155c64a778f5f32734e2812569c1bb181568000
blypack-0.4.tar.gz,2024-05,malicious,CLEAN,0,0,62,76,c38377bd8a8c2112c8d37bab23c8147c1433564608344cd22ae880780823596a
proxyalhttp-0.1.tar.gz,2024-05,malicious,CLEAN,0,0,62,76,f6faf22d3ac90c0f82ddbe0b452f28ebccc31857054f75ec3cd29af58ec6303a
multiconnects-2.34.10.tar.gz,2024-05,malicious,CLEAN,0,0,58,76,125f4179c0b0273a87fe28b536a332730c45a1a05bb47cbe63b8b1923319fc50
pyheul-1.0.1.tar.gz,2024-05,malicious,CLEAN,0,0,61,76,ba43ba0c5d2b67a37b2783d195885f911d02f20617fe05aaaa9dac25ccd78977
reallydonothing-0.2.tar.gz,2024-05,malicious,CLEAN,0,0,62,76,ca23e1ccdbad30ec554e064e3ae7f37b8dc5097315553c70d5d49c7fd477b4b4
blypack-0.5.tar.gz,2024-05,malicious,MALICIOUS,8,0,47,76,fc6292f26832815e245f801073a22ff762eefcfb198708493ea51da93c37d8b3
threadxpools-1.2.tar.gz,2024-05,malicious,CLEAN,0,0,62,76,0be34da72f29a214e952ca4da93307f1da56e778d4e5ca0c42064ea2d5e552c1
testpkg3322-2.35.19.tar.gz,2024-05,malicious,CLEAN,0,0,58,76,121f4b9a99782e089b96807a0d5bff251be21a50068b4b2334baaaf0e24fcdd6
jupyter_calendar_extension-0.1.tar.gz,2024-05,malicious,CLEAN,0,0,61,76,bbda19c6c81aec3337d1883adb0470ba266e7a031c7025d5c8258593dedd30e8
numberpy-0.1.0.tar.gz,2024-05,malicious,MALICIOUS,10,0,51,76,84d6132ef2fdd9a95c0329cad8de477016feccf42df6f1585ff40a24cfebb117
testpkg3322-2.35.9.tar.gz,2024-05,malicious,CLEAN,0,0,62,76,5246b348b349bf3b933670a0ea4901dffaf843884f2a31624426cf35cc3f1cd8
Costrar-8.0.tar.gz,2024-05,malicious,CLEAN,0,0,62,76,72a672ee2f51b18a431fb8083171291c5a0f23dcafb83e7f8e6cadfb4f6fe948
reportgenpub-0.2.tar.gz,2024-05,malicious,CLEAN,0,0,61,76,44e010b0f69b8c53cc76a78e448e7fa19efe44c18e79a4102a4abbabf4b68b0f
pytoileur-1.0.2.tar.gz,2024-05,malicious,MALICIOUS,1,0,61,76,278efeacf382d6a45a696784e77153213a1215e6efd003c3e2f4ef677c04c935
proxyfullscraper-0.1.tar.gz,2024-05,malicious,CLEAN,0,0,60,76,c1dee4e502c68f5f6477a6961fabe44af7a5246dae4e037f993997d633ef214c
multiconnects-2.34.9.tar.gz,2024-05,malicious,CLEAN,0,0,62,76,e8107458244efde19e91e55c0f0ff4e9086c26d49ad9038b855cd4804a2b957d
testpkg3322-2.35.12.tar.gz,2024-05,malicious,CLEAN,0,0,61,76,1e3682a911616a4d7d6004b9e91e71b06c1e390343950a09144b1bdf910553b4
testpkg3322-2.35.10.tar.gz,2024-05,malicious,CLEAN,0,0,59,76,b11e39c08c37e7545e60f4bb56cbd2ea48f4ba8af0816f3f6906d9ba6cbb022e
blypack-0.1.tar.gz,2024-05,malicious,CLEAN,0,0,49,76,b1d3cabddde838997c82855dfc3a9f73505dd6a0af659927ce4450eba8a2fbda
multiconnection-2.34.20.tar.gz,2024-05,malicious,CLEAN,0,0,60,76,6dc8deb958a4c6da02d04dfe7d4008d0c53cf96617d1d1ea485e1288395b1c2a
threadxpools-1.0.tar.gz,2024-05,malicious,CLEAN,0,0,62,76,3555a2271853ecdd5c41840ec455c8b8cf52aba33aded8918fb223cee08f62bf
auto_scrubber-0.1.tar.gz,2024-05,malicious,CLEAN,0,0,50,76,3b06963208ef0fca9b7b0ebca1173856e85ed0dae37e2547278f6b2df8fe3832
manyhttp-2.33.18.tar.gz,2024-05,malicious,CLEAN,0,0,62,76,89861706a539d6ff7f9fa924a1096d34805624c5bf62689db2b85e37e52c050b
testpkg3322-2.35.14.tar.gz,2024-05,malicious,CLEAN,0,0,62,76,f576a66a1be5a344625c9432e13c3f5a173b96679aeefdef982055f8fbf71b51
threadxpools-1.3.tar.gz,2024-05,malicious,CLEAN,0,0,61,76,5059705f9b6500ba0971223b7ce6fae7e7d0a4412458b5d9962c22a3e2981fd5
multiconnects-2.34.8.tar.gz,2024-05,malicious,CLEAN,0,0,61,76,1fa0385e1e7db4f2a4be3d18ba085c9560de3eaef0c9f915d782800aa3a5fc73
testpkg3322-2.35.16.tar.gz,2024-05,malicious,CLEAN,0,0,62,76,51d1ec4c3a32e5feb4b469b192a5413c893f7cf1dcc96b5800ff4b8f8a2bfd6f
vertica_parser-99.9.9.tar.gz,2024-05,malicious,CLEAN,0,0,62,76,dc8ef663b50845eadcfdac1368f3ebbe9ae8fd870e8fc57d5478d7732da16590
dependency_confusion123456-9.9.9.tar.gz,2024-05,malicious,CLEAN,0,0,62,76,078c9b1de9be9615d84f710e05b6c7bedd647c543ed1ac64c896d5cfdf8fa1a5
manyhttp-2.33.17.tar.gz,2024-05,malicious,CLEAN,0,0,56,76,748443bbfad6f2662bc6c9e182c911e67e0b4f9c5e02cd0ef6eeb55ada8a9d3a
multiconnections-2.35.4.tar.gz,2024-05,malicious,CLEAN,0,0,61,76,067d69af51d83677ec5f3ccf4f39730c0df33c556ba95d82c6b50ef5a8a7e627
massconnect-2.35.18.tar.gz,2024-05,malicious,CLEAN,0,0,60,76,c077f125fb5eb2f5e48e9c400cb8dc2324dad56f490bf8e7f71e752394d94c7e
proxyfullscrapers-0.1.tar.gz,2024-05,malicious,CLEAN,0,0,62,76,79126899df19cae6bb5f9afa7db7b2fe313050c73169db2bb84bfed8ffede60e
sphinx_rtd_theme_cilium-99.9.9.tar.gz,2024-05,malicious,CLEAN,0,0,60,76,98e24461882929ec78af8919cf3026466637abd28adb123125b3d86942d56ee9
pyheul-1.0.2.tar.gz,2024-05,malicious,MALICIOUS,2,0,60,76,01043026265fb521d75440b4f7997c688e19dfa1d42056801c478ebda014c1f1
metrok-1.0.0.tar.gz,2024-05,malicious,CLEAN,0,0,62,76,fb388cee4303ebb7a88847c677de26a59c961ba5d5cc1c3b717e5fc3a5b2b684
multiconnection-2.34.14.tar.gz,2024-05,malicious,CLEAN,0,0,62,76,5d8e30ca796a02f3c2266e008c352bdb2681455f148f3af1fdf3206b04d0af97
jupyter-pytest-fi-console-8.7.5.tar.gz,2024-05,malicious,MALICIOUS,11,0,51,76,2735e1b898ba414d51f82d8a6da8b18917f255bbe70a67b67089ece6bcd424c7
testbrojct2-0.1.tar.gz,2024-05,malicious,CLEAN,0,0,60,76,a98120ba75a5ee9e6e692c532fc9c3b38c5223915062cf9dbc369cda3f82c272
ml_linear_regression_lib-1.1.3.tar.gz,2024-05,malicious,MALICIOUS,4,0,58,76,23409a066738b92fe413663dc2838c34b5daf52bb07bd4c20061bd15e8bad509
hamburgesr-1.0.0.tar.gz,2024-05,malicious,CLEAN,0,0,61,76,0c232fe2bcdd09129be40b9111cc47ecf682e77d44364c82ab8ab0c955117d40
spacestudio-orbit-propagation-1.1.4.tar.gz,2024-05,malicious,CLEAN,0,0,62,76,9419432fb2d1fa189df4f1babdd2cb06e81ea21b307204fa47e530beee84e2f9
networkx-match-ssss-0.1.1.tar.gz,2024-05,malicious,CLEAN,0,0,59,76,430bd3d9c8c6a81744b071564c4c139f070158f3b9eae5694876e7df0d3b15dc
calendar_extender-0.2.tar.gz,2024-05,malicious,CLEAN,0,0,62,76,236cc8cf2f8490344c4a730fe0dcd6c1bde78d06a9e38374adc3ddb937db90cb
pytoileur-1.0.1.tar.gz,2024-05,malicious,MALICIOUS,1,0,60,76,6d7d27923d447f1d4208fffed017c0d3a4e3d8c1381b775d5ba94824e4890bbf
multiconnection-2.34.18.tar.gz,2024-05,malicious,CLEAN,0,0,58,76,36846d1ef6a256ada66128fd931340e799c051e1de22b16622e264b09f0ce22a
testpkg3322-2.35.8.tar.gz,2024-05,malicious,CLEAN,0,0,62,76,2cd7cef99ace539a14782a8107c78f6e8e754038b9fd5974d1bb276753f85693
multiconnect-2.34.5.tar.gz,2024-05,malicious,CLEAN,0,0,62,76,acc1c715242fa4516cfa90337895dab9334e694e78490838a2a1a1fab5fa25cf
blypack-0.2.tar.gz,2024-05,malicious,CLEAN,0,0,59,76,698c3f5cb581c40e258b4e882723e28e8828ffbce04678772b98d38593cb4e9d
testbrojct2-0.2.tar.gz,2024-05,malicious,CLEAN,0,0,62,76,a2f42299022ca341358a1d54a209847f134b98248c7630e1f83184042e364515
defca-3.0.0.tar.gz,2024-05,malicious,CLEAN,0,0,62,76,5b07e3f083f2324bcfae25929db2a9adac8e2ebd6387bb6e7374ff1e045525ce
pyhoul-1.0.2.tar.gz,2024-05,malicious,MALICIOUS,2,0,58,76,02d30f5adf1ba531da643ea7ca51358510af4e432c4b2fdfccf2ec4fe188e40f
dependency_confusion111-9.9.9.tar.gz,2024-05,malicious,CLEAN,0,0,61,76,c25cd026f41177246b2f476ac7aa38bcb343988fa9d384f48e4e435af6e36eac
blypack-0.3.tar.gz,2024-05,malicious,CLEAN,0,0,62,76,f8a370b5c5a990307e21c63454ef90660a02aec8de8ad2d27ec2055dd658a2b0
testbrojct2-0.4.tar.gz,2024-05,malicious,CLEAN,0,0,62,76,98edf6113a9a06c34b7107a9a3aeea38860242ab06d2eeb817ee98dd51a0a2cb
requests_darwin_lite-2.28.0.tar.gz,2024-05,malicious,MALICIOUS,1,0,60,76,f97b8d391537c0a6d5a4969ffacc88049a917dc395def8a68f5f5414cde7c8c8
networkx-match-algr-0.1.1.tar.gz,2024-05,malicious,CLEAN,0,0,61,76,4aaabbf719a93971b6c14b3dd4419368dc94ef8f4af163ae35056c2baea1c24b
testpkg3322-2.35.18.tar.gz,2024-05,malicious,CLEAN,0,0,62,76,edeaebf645b94c51910bd26b65f3d130b91309aa2d11f721ccb3e3e3c4a50789
multiconnects-2.34.11.tar.gz,2024-05,malicious,CLEAN,0,0,61,76,2260ef72c2a8120e27df1fb597249d4451ada9e579499e16aab58a8337bbfe9c
reallydonothing-0.1.tar.gz,2024-05,malicious,CLEAN,0,0,61,76,070eed7bf92d017263cd93677ab7689f458a54ccf8570ffc1621c274a6215f46
manyhttps-2.33.13.tar.gz,2024-05,malicious,CLEAN,0,0,35,76,894aa4a56ff2948387b472cee0e708bc97f282027e3c27f03593cb96518afe19
jupyter-pytest-fi-console-8.7.6.tar.gz,2024-05,malicious,MALICIOUS,11,0,51,76,7032425ac07cdd412f2b1c21f8397d67a942c85df77db84eac5dc4e1fa165d34
testpkg3322-2.35.15.tar.gz,2024-05,malicious,CLEAN,0,0,61,76,f812a3502cfa723af9ab2e66d434de6909b1076f0f60a65b75908644de2fc44c
zoom-pyutils-7.0.0.tar.gz,2024-05,malicious,CLEAN,0,0,62,76,fff2984490abc6d0da7d8abc4308a33c734a76a65639537b358166aa36342c7a
dependency999-9.9.9.tar.gz,2024-05,malicious,CLEAN,0,0,62,76,8647738129ed75a8d6c99a620b9b565adac98e6da30de588caca0d5e17e500cb
dependency_confusion12-1.0.4.tar.gz,2024-05,malicious,CLEAN,0,0,62,76,ff9549abedf165146e81495b20ec18a3daacac320a360ada0b6654104cd5d42b
threadxpools-1.1.tar.gz,2024-05,malicious,CLEAN,0,0,62,76,790530162ee4f0bcb697c0584a90d6f8e40617a16439beb1d8dcbb1915e6ab82
reqwestss-0.1.0.tar.gz,2024-05,malicious,CLEAN,0,0,62,76,3827166b92245bc78af26f08a690ff5dbc8c742782fff79f2ef8c4132179662f
rushbruhmalware-1.0.tar.gz,2024-05,malicious,MALICIOUS,19,0,42,76,e3f9e3684890e5c6032bc0a620d2136d1a5f6cf24e7d4b588c0b0fc55e68b2c7
crytic-compilers-0.3.10.tar.gz,2024-05,malicious,CLEAN,0,0,62,76,9d21abbd7e6b6f51eafd9702164db8c4ff1c26486752e197d6be43659c1cfd3f
embeddings_validation-99.9.9.tar.gz,2024-05,malicious,CLEAN,0,0,62,76,15e02bb3910d413e40411b3bc5945f2f3153fedf4dea442cdf652c66b08c3cdf
calendar_extender-0.1.tar.gz,2024-05,malicious,CLEAN,0,0,62,76,fef56e027417a1dc6c3e7b8484decd9e808634a14e8de973bcec2bd2dbcf5719
virus_muerto-1.0.0.tar.gz,2024-05,malicious,CLEAN,0,0,62,76,b3046a0f1672c41f0b4137a5e03541fe006d58794bd59dcb69dfd5d644120364
etherumm-1.0.0.tar.gz,2024-06,malicious,MALICIOUS,9,0,52,76,f78e0c8222b43b4a8b603ebc5b7d61d3d9a434902bbd16e5cabec19c776de1b3
pyspliter-1.0.2.tar.gz,2024-06,malicious,CLEAN,0,0,62,76,2673971a6fa63c935585b42769b05dcd6d188f0134bcf52a8c83f18ad6cf371f
etehreum-1.0.0.tar.gz,2024-06,malicious,MALICIOUS,10,0,51,76,666d37b4a802c346087ac9aa80c3e3dd6e38f07fe4437b53732c453973b813b9
ethereuim-1.0.0.tar.gz,2024-06,malicious,MALICIOUS,12,0,49,76,a45848761ee79f974a9c2302cc55a551170dcfab0f097aa3bbbeaccd4f669995
pyzelf-2.0.1.tar.gz,2024-06,malicious,CLEAN,0,0,62,76,bfd8bf2a4f453f5de0d93797700c1fb6a2e06e261aff6c1621fd5b537e1e40c2
etheeruum-1.0.0.tar.gz,2024-06,malicious,MALICIOUS,11,0,51,76,a78f66609499d606dd6aceea0ba269328ac869f025ef0ff162b7129f118c24e7
builderknower2-0.1.26.tar.gz,2024-06,malicious,CLEAN,0,0,62,76,1461a9ee7d588eed7ebc6aa16ea3b949ea50465641334daa7e63507d72316834
etheriuim-1.0.0.tar.gz,2024-06,malicious,MALICIOUS,11,0,50,76,c6786141b5c2b3e0837083c913a1b62ac18ab4c1883244aa5c77ee140345ba6c
builderknower2-0.1.16.tar.gz,2024-06,malicious,CLEAN,0,0,62,76,69b6701969e4369c60a56302d50d693dd25b6837f59947ed967834a8a72bf26e
openseae-1.0.0.tar.gz,2024-06,malicious,MALICIOUS,11,0,51,76,a7d612ede2ba604003a32078639fcb118e9281edf5d18fd75e1e1f275d6fe313
web3.pu-1.0.0.tar.gz,2024-06,malicious,MALICIOUS,10,0,52,76,19b93a75d654bc09fbab17e62187cc771d1ffad74d65bd82ffe5ebea2c94dc75
etheraem-1.0.0.tar.gz,2024-06,malicious,MALICIOUS,10,0,52,76,4f66f3a9bd9ba38f348cbe9bfe92d6eb0eab995798f97ba269761ae24107fe05
oenesea-1.0.0.tar.gz,2024-06,malicious,MALICIOUS,10,0,52,76,9af7896188fe16f359e7a98ac3263546324cfa4614516116b0e64f71a573600f
openseaz-1.0.0.tar.gz,2024-06,malicious,MALICIOUS,10,0,52,76,6d4e5bb7eb4700c127ef0b1df5a083d8cbc5c1b609f611ea124576e2b8c51ca2
builderknower2-0.1.28.tar.gz,2024-06,malicious,CLEAN,0,0,62,76,f22a69bcdc4dd1f4345adc79e9de60636e5fd0b04442a2624c849109b835fbb5
webquickauth-2.3.5.tar.gz,2024-06,malicious,CLEAN,0,0,62,76,d1635b29eb0230b4b21ff3402881f7a02890862cf537067ad348be722e71c444
nt4padyp3-0.0.2.tar.gz,2024-06,malicious,CLEAN,0,0,62,76,0466bd49dbec59151630c0b5a94a55cc1f18f4908a74cef79fec1860e4a65b23
oenwsea-1.0.0.tar.gz,2024-06,malicious,MALICIOUS,9,0,51,76,2e102726326ffa0d2b4d5819656246bf1454bc96e0c1d1bf50ad05e7e40470d8
artifact-lab-3-package-e90915e1-0.1.2.tar.gz,2024-06,malicious,CLEAN,0,0,62,76,ca1feab6661aacd4f8315d3f78a4c0af13331aec48ffb94b35b2f894cb64e46a
ethrum-1.0.0.tar.gz,2024-06,malicious,MALICIOUS,10,0,51,76,67e32978510c481ebffcf9a1d329398fa8e7773a6e97d29bd7d319de162ae367
quickwebbasicauth-2.3.2.tar.gz,2024-06,malicious,CLEAN,0,0,62,76,551feb15898aee5814b8e10050ef0da93b915e39b64172adfd37813ee3aa3171
etheriem-1.0.0.tar.gz,2024-06,malicious,MALICIOUS,9,0,45,76,e51642abfce68e2bdf8be62d441f11f517c924d0633c12201417b20d1df359fc
opnesea-1.0.0.tar.gz,2024-06,malicious,MALICIOUS,9,0,52,76,f418c5d26054c38904b692a3283ff1aba591b02fb6df582182211e5818c8a3f0
pythkn-1.0.0.tar.gz,2024-06,malicious,MALICIOUS,9,0,51,76,68066bdd09efbc2fb62f7d9e04d3297ab9124919bf1121520fafe6d7fd7e0bcc
artifact-lab-3-package-a18ff5d9-1.1.5.tar.gz,2024-06,malicious,CLEAN,0,0,62,76,532a95356ab7ed93a9cc48335828d5797e8b9149aab16f5442a052bc72ae5f6e
artifact-lab-3-package-a18ff5d9-0.1.3.tar.gz,2024-06,malicious,CLEAN,0,0,62,76,e3c5510d17c388a0e8ae618d00b6abd7af8efb96b53b988c152cc3e8e4c72716
etherreumm-1.0.0.tar.gz,2024-06,malicious,MALICIOUS,13,0,49,76,7f30428e1da1836d48b9cdcdf6c0200e16a917c4d830e0416a1072fc697646eb
utilitytools-0.0.7.tar.gz,2024-06,malicious,MALICIOUS,1,0,61,76,abd7a6f60da3f5a2f36e89d270409a1df0393198404317da72f1a294ad913ce3
etherrium-1.0.0.tar.gz,2024-06,malicious,MALICIOUS,11,0,51,76,a1f2b343f4036024a5eb6097b3ccdfc8e29b454fa12722c5263615ddfd0526b8
openaes-1.0.0.tar.gz,2024-06,malicious,MALICIOUS,9,0,50,76,21cfe9ebc8af851cc5877619d490338d9a6a960bbf3990443a75bc663e9eb676
utilitytools-0.0.4.tar.gz,2024-06,malicious,MALICIOUS,1,0,60,76,cf7eeb87fbe8f9b3722b98f99f5cd09a4af93ed39c2c0fe1e5760413f4e1513a
w3b.py-1.0.0.tar.gz,2024-06,malicious,MALICIOUS,10,0,47,76,e7a7155e5e7d1641836913abceab0179e05fdade73ac3fb63570143df065f94e
web3e-1.0.0.tar.gz,2024-06,malicious,MALICIOUS,10,0,52,76,95f56be9bcca8bb350e35f485c2f347732a277c73d6936963cc74c0ed3247dca
wweb3-1.0.0.tar.gz,2024-06,malicious,MALICIOUS,9,0,51,76,69311c1e5916da5e48c1b0c1c12db2ec6bb7c415c6f0b18b8b73f75915e67b45
openseaa-1.0.0.tar.gz,2024-06,malicious,MALICIOUS,9,0,53,76,c1ad274946c025f4ae71e2e19b6c03ad1b425b01a90a318a674bcc5c98488dd8
pytoh-1.0.0.tar.gz,2024-06,malicious,MALICIOUS,11,0,50,76,9d1efa6c02cc702bbfc5ef28f70909138e22aefe37dea097710684b16b1d06d0
openeaa-1.0.0.tar.gz,2024-06,malicious,MALICIOUS,10,0,52,76,fbab368a026e4173c4bf02a87757839923b0686cd31f0e65beadc195e830d662
openxsa-1.0.0.tar.gz,2024-06,malicious,MALICIOUS,11,0,47,76,2601c768d9ba1e313647324ef2697af50aac204c316266c05eb3a51ccde71f1c
etherium-1.0.0.tar.gz,2024-06,malicious,MALICIOUS,9,0,52,76,3193466dac75b2ece659ca59f5f0458a6d59779095c630215080789258b78faf
utilitytools-0.0.9.tar.gz,2024-06,malicious,MALICIOUS,1,0,61,76,7443d0367b5b8c2e2f9cf1cf90dba23b809e8ecb5b045a8202fd427ae3bfeb7d
etheerem-1.0.0.tar.gz,2024-06,malicious,MALICIOUS,9,0,51,76,77c6bc7ae469651352fe25b5b427420249481cf8e916c63e3ecc6831ca48dee5
opensee-1.0.0.tar.gz,2024-06,malicious,MALICIOUS,11,0,51,76,99e66fda8258bdef109d864761ff68de680396f9359edd63a6205753a6594a60
opensae-1.0.0.tar.gz,2024-06,malicious,MALICIOUS,10,0,52,76,dec8441928651f334782b777b1a1e14c88c5a2b0fc2702bdd89516e6167e81b4
artifact-lab-3-package-a18ff5d9-1.1.3.tar.gz,2024-06,malicious,CLEAN,0,0,62,76,99b660dc7747353f177184341074bc6c6eb9090a6e3794e26184959b481ed770
openwea-1.0.0.tar.gz,2024-06,malicious,MALICIOUS,11,0,51,76,fa270dc5e65f3a1a4e4577bed8f34cafaecf2bd96b4dcedd90db3f17bfa85b8f
weeb3.py-1.0.0.tar.gz,2024-06,malicious,MALICIOUS,11,0,50,75,a864db6b9c9aa4f9eac700a1b5ae2871208d2127c36618134e591390b488ee6e
pytgon-1.0.0.tar.gz,2024-06,malicious,MALICIOUS,10,0,52,76,81f4b5771fe579bce819b7e4585de7d28d8a63e09a0d4a82751c9d6519e16683
lr_utils_lib-1.0.0.tar.gz,2024-06,malicious,CLEAN,0,0,62,76,795d7cc6c54305ae6910c36e345fe810117713ef0fe785a446f495cfa4e942cc
ethreium-1.0.0.tar.gz,2024-06,malicious,MALICIOUS,10,0,52,76,cafa8a309a06679a22a95e14ee9e0c25d6b3a4d2818af12f3e66a58eb83da6fa
etheerium-1.0.0.tar.gz,2024-06,malicious,MALICIOUS,9,0,52,76,80e39407d5ff1e1cf18c83faa1b68a11c398b38d9cb307a4c053f30d1d88597f
pytuon-1.0.0.tar.gz,2024-06,malicious,MALICIOUS,6,0,48,76,e1c56b176c847f4fd1ab0b00d23ae604fd2b9711bfd87d7fcd7fbf500fb97944
startup_entrypoints-4.0.tar.gz,2024-06,malicious,CLEAN,0,0,62,76,e2dc7b38a3c55a51671c28c40875787da2d0fba2681b3a48ac93c27f4d1473fe
ewb3.py-1.0.0.tar.gz,2024-06,malicious,MALICIOUS,9,0,53,76,bc4df666438d68e6e0dcbdfc1d7a14ba62bc6d52c90eaa76a32426cd703992ec
web3.po-1.0.0.tar.gz,2024-06,malicious,MALICIOUS,9,0,53,76,3233a91091fb4a6b88b8ce6d951465e74e073c8035679d03a68f2fd8850dd00a
ethreum-1.0.0.tar.gz,2024-06,malicious,MALICIOUS,10,0,51,76,222369dedb6642a57fa0400fda374c521d875b773970002edf7ad8dc11df8bde
etherreeum-1.0.0.tar.gz,2024-06,malicious,MALICIOUS,10,0,51,76,e156b11b05fe974185daa3a4a1cc7995fc1fbbba2f6079a7c0f5c107dd1f7319
utilitytools-0.0.5.tar.gz,2024-06,malicious,MALICIOUS,1,0,61,76,cae8e9aac893256aceb9136ed6ca01bfca730b01a5b36d6a1076c0267ece9b94
requestn-8.0.tar.gz,2024-06,malicious,CLEAN,0,0,62,76,36b55b9c12cd9a702d7d29342ca618c410c795f83bd42d81eb3e11e8ef170b3f
pytjon-1.0.0.tar.gz,2024-06,malicious,MALICIOUS,10,0,52,76,f6ab3608e14938514503b678257283a9b0214dda8f0f3809a329780c18dbb920
wweb3.py-1.0.0.tar.gz,2024-06,malicious,MALICIOUS,10,0,52,76,6548ff06ac742152372af41cc24d318671f6fa7316186c23df9af0d9b69cbcc0
pytonn-1.0.0.tar.gz,2024-06,malicious,MALICIOUS,10,0,50,76,d37d866df9e131687c328ab168ae634798d758531b629f2e663e6f8edc67d839
ethererum-1.0.0.tar.gz,2024-06,malicious,MALICIOUS,10,0,52,76,ef4d78e767977122e480311f75dff19c99c95be04075d68f9b190f18cb207c4c
oopenwea-1.0.0.tar.gz,2024-06,malicious,MALICIOUS,9,0,53,76,4ede3cec5926fbbb4ab5086c9109eed781db8b0bde6d6f3804d755bb132ae361
etherim-1.0.0.tar.gz,2024-06,malicious,MALICIOUS,11,0,50,76,26487158c82ca254a2a429ed8fb8e63328c115884b3b98325c7144a7309c7e13
opensesa-1.0.0.tar.gz,2024-06,malicious,MALICIOUS,10,0,50,76,312b9e38009d3f1598b4b7757ef1fc49220a2ee06da28e35ced324df656bfbf3
thesis_package-1.0.0.tar.gz,2024-06,malicious,CLEAN,0,0,62,76,dfc7cce28fb57705765ab35fe9a909e6c70f9aa0f706ba2ca72a5d03d93e650f
testkaralpoc45654-1.0.0.tar.gz,2024-06,malicious,CLEAN,0,0,62,76,039badf356b882e38f0cf017b6add89d034594ab93690de56966d88475862832
etherun-1.0.0.tar.gz,2024-06,malicious,MALICIOUS,10,0,52,76,3cc6247e38177458803a9eeac62910e25ba8a0d4a135db8f0c4aff95f595bf7d
etheruemm-1.0.0.tar.gz,2024-06,malicious,MALICIOUS,10,0,51,76,b7de2208a5830a42d243732d3f3c70d9da907de17481135291dbd1a55e6878a8
pytnon-1.0.0.tar.gz,2024-06,malicious,MALICIOUS,11,0,51,76,32a9cd93c757e7887a10014ececc21fa3d66390ead87f35ff74d9b791d5a03a2
opensew-1.0.0.tar.gz,2024-06,malicious,MALICIOUS,10,0,52,76,13ea2210a382c1b071ad72e637b7da40456de431af35694e0524008ecf3d9269
openwse-1.0.0.tar.gz,2024-06,malicious,MALICIOUS,11,0,51,76,c207e267a9705e227800771ae3408748eccf6523a42915d2efe509d161806214
etheruim-1.0.0.tar.gz,2024-06,malicious,MALICIOUS,11,0,48,76,0c4f896c375129e23d16c935506e1777380b40e3a19627d725d780c7861fabbc
oepnsea-1.0.0.tar.gz,2024-06,malicious,MALICIOUS,10,0,52,76,b63d1576c826af7101943956dc36975008de38d4ecc22a18ad0e176b599272ff
w3b-1.0.0.tar.gz,2024-06,malicious,MALICIOUS,14,0,48,76,afaceef2e74f1f83448fbafe9b060df0b4f534760d54c6d0badf5e94b1e60afc
builderknower2-0.1.24.tar.gz,2024-06,malicious,CLEAN,0,0,62,76,a60ea879bda2c9ae07ac98fe5f63e5295cdbfbb9504cdf4811260fd95b431519
oenasea-1.0.0.tar.gz,2024-06,malicious,MALICIOUS,9,0,53,76,287c2821450e515a40c93fa0475d640d31c7d41b91203363d99208c11eeee64c
etheriumm-1.0.0.tar.gz,2024-06,malicious,MALICIOUS,9,0,53,76,39f180969db540d4179ec5e84643b26dfb4dd35cbecfdf8041c32a5a8b5feda9
artifact-lab-3-package-a18ff5d9-1.1.4.tar.gz,2024-06,malicious,CLEAN,0,0,58,76,4aca5e2fc07551311babd69a5cd623194ad2a929a362713d0dfc7435e9029336
openswa-1.0.0.tar.gz,2024-06,malicious,MALICIOUS,10,0,51,76,fc563775e7e7260f339f914d4c4c564cff82f7fbca71f1f52deb503f9313b000
eetherium-1.0.0.tar.gz,2024-06,malicious,MALICIOUS,8,0,52,76,6f35e698d84db7b35941218fdb321bb58e1dc1fb359adeaa0adaa5f461102de2
builderknower2-0.1.17.tar.gz,2024-06,malicious,CLEAN,0,0,62,76,1c237e5539ca9b6185dff0683e25a55fe62286a1013ae6c2638bf867884a7425
etheriuum-1.0.0.tar.gz,2024-06,malicious,MALICIOUS,10,0,52,76,fd2ac4a325cca8e92f591da47d9f47a34e291bad8565112fcf6c0b8fa39e0899
etheum-1.0.0.tar.gz,2024-06,malicious,MALICIOUS,9,0,52,76,8955658d100644cb8d47e5fd41332b01c54212c09d08c8b751ea33e2cb2808e2
theerum-1.0.0.tar.gz,2024-06,malicious,MALICIOUS,8,0,45,76,b4a3da85d167441cf1a2c5bca92cd5b90c1af28aad91515dae20f066aa980e23
ethereumm-1.0.0.tar.gz,2024-06,malicious,MALICIOUS,11,0,49,76,7ec5464bcfc1a76efd764f0b8aca744ea7f22d2b137f53a6d1e195381c17767e
openrsea-1.0.0.tar.gz,2024-06,malicious,MALICIOUS,9,0,52,76,5bead763783d6d0235910e53b457fb94e06f5db3b636687fff9659a1369ea92d
utilitytools-0.0.8.tar.gz,2024-06,malicious,MALICIOUS,1,0,60,76,1871116dbbe576a389e83d11964ab31ccdb2dee3826333b3c738cf2ed7f3adec
openxsea-1.0.0.tar.gz,2024-06,malicious,MALICIOUS,9,0,52,76,0bb44bc7f38039e9cfc29faca77c428c2d96aba04fb82d6b86e2957a02d88974
etherreum-1.0.0.tar.gz,2024-06,malicious,MALICIOUS,11,0,50,76,0d0d57d7559d191dcafc7aa8b11a3fa2ac2ce3408116ff294f893e4575c8c055
startup_entrypoints-1.0.tar.gz,2024-06,malicious,CLEAN,0,0,61,76,22c6c2c4a0d80bbcd81d362b391f8f6435c92f5df0e44a66be7225cc6488ca59
opensa-1.0.0.tar.gz,2024-06,malicious,MALICIOUS,9,0,52,76,4e89287258e78d4d148a6428588c9311f2e73a2130d6bd4ddfc73cc64dc3d6b6
bussardweg4a-1.0.0.tar.gz,2024-06,malicious,MALICIOUS,11,0,50,76,c7fe681a3d933049890ffa4364389a08ecffa5a66567f2f08a02107009ddbf8d
etheereium-1.0.0.tar.gz,2024-06,malicious,MALICIOUS,10,0,52,76,a16ebc0cf57d496c3dc0d5ec05942493d7cd04f62744fb5063c9fa91a13e0ac2
spacestudio-orbit-propagation-1.2.0.tar.gz,2024-06,malicious,CLEAN,0,0,62,76,db79244c779b0a9933e314c03697603cbd496dc7eb917ed0542ff4b65f6b099d
ethherium-1.0.0.tar.gz,2024-06,malicious,MALICIOUS,12,0,50,76,61bacb7f5ed50c71cf55004815dd5d0ba1114db908a8ac1cc08418d6694ac29d
wb3.py-1.0.0.tar.gz,2024-06,malicious,MALICIOUS,10,0,51,76,d675bf784151d15bb087f9d4dd94d3bd74eb53259249b14a448b347796eda64c
w3eb-1.0.0.tar.gz,2024-06,malicious,MALICIOUS,10,0,52,76,c0dd3f6141e93c2aa243dc1e5364e3f8337f7c3d23e5db204f5880cdc3ef21a6
wbe3.py-1.0.0.tar.gz,2024-06,malicious,MALICIOUS,10,0,52,76,5bf251c1c63e2fcadf94f9626d649eb87feb9aafa794125b26d7088654f7c83c
bussardweg4av2-1.0.0.tar.gz,2024-06,malicious,MALICIOUS,16,0,46,76,d223d7ac0bf9b8b53a00b38c36fda401cf7436673b0cfb1d318c7dac0c2bdb10
openza-1.0.0.tar.gz,2024-06,malicious,MALICIOUS,10,0,50,76,dfc7bead388afc8d4f5533d93b0565a582cb7583a14c4f8cc28481a7c8b10481
ethherum-1.0.0.tar.gz,2024-06,malicious,MALICIOUS,10,0,52,76,c269fd0cf5bd0eeb04ece2f46db2f0e6c864ad40fe3cc39a3c5f075b48a605ed
pythob-1.0.0.tar.gz,2024-06,malicious,MALICIOUS,9,0,53,76,2f83272a8fd1c9097a2eefa9288f047ddc70fa5d80bc0874fa3a5e8cc58b1759
openae-1.0.0.tar.gz,2024-06,malicious,MALICIOUS,10,0,52,76,eccbcab6b8582593e05bb7417e713dd3fb88d1e636279ac32cd77bad3c879fcd
ethereim-1.0.0.tar.gz,2024-06,malicious,MALICIOUS,10,0,52,76,f3979aba5ea09e112676a042117584cd3d0fcc0a4dd9f84309de07f4fe7d33ca
importlib_metadate-99.99.tar.gz,2024-06,malicious,CLEAN,0,0,62,76,6793f9d517d3da34491b0cc1817a4cd17a14b863ca6a8668a8192cd7b405315d
ethereun-1.0.0.tar.gz,2024-06,malicious,MALICIOUS,10,0,52,76,186f19a8815ec1231e447e7cd08267a31bb05c9b3bb3d6142f319e0f07951b39
pythom-1.0.0.tar.gz,2024-06,malicious,MALICIOUS,9,0,48,76,1b0ceb2bb633b9203b26cd75b5b38fe3198720d161f18f4bbfb92fde27bb731d
pyhton-1.0.0.tar.gz,2024-06,malicious,MALICIOUS,10,0,52,76,2de1f0fa04706912342e105384aece3c1ccf8c4cdf4fda34e9f367d33db3271f
etheeruim-1.0.0.tar.gz,2024-06,malicious,MALICIOUS,9,0,50,76,e01a15c9bf34dd3dae0ac38fbcd3d1056ed403cb991463280cf938b336971bea
artifact-lab-3-package-a18ff5d9-0.1.2.tar.gz,2024-06,malicious,CLEAN,0,0,62,76,34bb223658ca0ca5e1305ccff6d680a9690a3d2a10a3ab017a17fd7ea01b4cce
pytohn-1.0.0.tar.gz,2024-06,malicious,MALICIOUS,9,0,53,76,f2930d990959b2b6e1fc842fee8e24dfc86f878184f86d0fb7d9075216373c0a
utilitytools-0.0.6.tar.gz,2024-06,malicious,MALICIOUS,1,0,57,76,84635e0e0f932af3c2128e5180c7c01ab82988bfe424a2c1fe4f729ad0970392
builderknower-0.1.12.tar.gz,2024-06,malicious,CLEAN,0,0,62,76,1bf476378814a71835dac99c720eddaa17489794fa5159ca2fcfd4715dc0540a
spacestudio-orbit-propagation-1.1.5.tar.gz,2024-06,malicious,CLEAN,0,0,62,76,ce97b82d4bd4a34b0b96e3ece1061987524437dd48a75f8f4b054df352689962
opensear-1.0.0.tar.gz,2024-06,malicious,MALICIOUS,11,0,50,76,fbab83a8badde5eba0a5eab5ceb93196d731acdec5b7f4b4cf959ce1ac868ac3
oepenwea-1.0.0.tar.gz,2024-06,malicious,MALICIOUS,11,0,51,76,98b82ff850adfd849609073ee1a582d73d17b6d048e9fa423df33f89718b61f0
wweb-1.0.0.tar.gz,2024-06,malicious,MALICIOUS,14,0,48,76,07deb335fe322eeef6a5f23e1e898d3fc61594cfb34266d3c7114b36bcc7247c
etheurm-1.0.0.tar.gz,2024-06,malicious,MALICIOUS,9,0,53,76,75bb6bdddf95d2749d5279d73f6806c23baa17dd719c17035b17d4aba86e5fa3
builderknower2-0.1.13.tar.gz,2024-06,malicious,CLEAN,0,0,60,76,41080d9d77696a17f96aa1eddfa6275ede6c99f31e0ea3b405844157048a310a
opesnea-1.0.0.tar.gz,2024-06,malicious,MALICIOUS,9,0,49,76,93db202eefc30bfc39f92bdc28f04b7636a3dd0dadffd8df315265af733ed7d5
etherriuum-1.0.0.tar.gz,2024-06,malicious,MALICIOUS,9,0,46,76,fc0d7c7ac49e93b72d1c208e5720c2f4a3f2036459b32f34b45836a12c6c53b3
ethereuum-1.0.0.tar.gz,2024-06,malicious,MALICIOUS,9,0,53,76,2c56d86b9236635b917a1a25b105d7df71241befcd4ebe83016171974be43cd0
bussardweg4av3-1.0.0.tar.gz,2024-06,malicious,MALICIOUS,9,0,53,76,63a4b5d01d6513ebdc6d236003dc065f6b3ee44cf72e43140b31b6361bdac426
builderknower2-0.1.14.tar.gz,2024-06,malicious,CLEAN,0,0,62,76,e3306660c29e87f348188cea0acb6d5e38b84e0308114eedb59c469a17fe8d8c
eutherium-1.0.0.tar.gz,2024-06,malicious,MALICIOUS,11,0,51,76,db51e061d4c5e6201d5a51b3b730e8308ca30cc4719b88daf2ae86ebf2f980d3
ucap-3.6.1.tar.gz,2024-06,malicious,CLEAN,0,0,61,76,2b82bf4e2df5720d610ff1c06fc48edf755154860cb78eae54d075c5d2753ba7
builderknower2-0.1.27.tar.gz,2024-06,malicious,CLEAN,0,0,59,76,d3997cc065b5b304dc1d57386da7af506bac5be65411af1162852ec4690ff44a
utilitytools-0.0.2.tar.gz,2024-06,malicious,MALICIOUS,1,0,61,76,028706b48ba6816d933469ede69e5a7b6958e5349b67c13c97deb878f809f09c
builderknower2-0.1.29.tar.gz,2024-06,malicious,CLEAN,0,0,62,76,345671b7e184863b6d2abd021d07ba2cfaea7e76051d8172975b84cde41b9e1e
pytiob-1.0.0.tar.gz,2024-06,malicious,MALICIOUS,11,0,50,76,a693e882c220aeb54fc1e11302a2361135c11bda1d0e96437084f81707085ad3
openasea-1.0.0.tar.gz,2024-06,malicious,MALICIOUS,11,0,48,76,a7583d1620c40bc99481acc46fb541d983466aec1187d6e931d400ef184f1a3b
opemsea-1.0.0.tar.gz,2024-06,malicious,MALICIOUS,11,0,48,76,22d0e487f1227fde6a6a6714986e715011cc1e477a25140b4a9304e007c65c4e
etheerum-1.0.0.tar.gz,2024-06,malicious,MALICIOUS,9,0,44,76,adcbded911d72a66a5245aa77ae7cd769ffb43eadb040447eeb5c70af732fcee
openesa-1.0.0.tar.gz,2024-06,malicious,MALICIOUS,10,0,52,76,4d95d832b6fdf33a2c9801d27a5bd81522caf298a5c05b3fab492e7516cd8ca8
pythun-1.0.0.tar.gz,2024-06,malicious,MALICIOUS,10,0,52,76,031c94e44b9febc2a218986173f955c890e07282770841e935b00eb9b988aaba
etheereum-1.0.0.tar.gz,2024-06,malicious,MALICIOUS,10,0,51,76,e46aa24c5f0e5120523a42e3c8297ba94412f6f37e06175ec510e42831b7554a
wbe3-1.0.0.tar.gz,2024-06,malicious,MALICIOUS,8,0,54,76,6d0d0aa5dca77c93a1a5bcf5f13719b0482ffd0dede8c496d8b137f02814d482
web3.p7-1.0.0.tar.gz,2024-06,malicious,MALICIOUS,11,0,51,76,39c63286f3a288342d076bf25891ab25f959471a1be1755e06b43406786a1690
ethereium-1.0.0.tar.gz,2024-06,malicious,MALICIOUS,9,0,52,76,c1ccbf1193c2c8db36e93e43c83085135613250f92655186fe8fef82953818f9
pyjous-1.0.2.tar.gz,2024-06,malicious,MALICIOUS,1,0,61,76,ebd97a37eb8fefa94cb14f688e7ba6bcd7c5357605a9b121f9ed0d3a67da93ec
builderknower2-0.1.20.tar.gz,2024-06,malicious,CLEAN,0,0,59,76,8749a751d2ea862c6ccfa82823680315e0f8c59d845ac8ce2f0490c14675fd04
openesaa-1.0.0.tar.gz,2024-06,malicious,MALICIOUS,10,0,52,76,3c62fb1ea61e458d05f530b89bf8e1fe22da7af0fffa2dd1a6f45353dcffa027
builderknower2-0.1.23.tar.gz,2024-06,malicious,CLEAN,0,0,60,76,0b1328743f1f31cf0c47ca5d08674db779783f68c600ca360bbf8e2d48624516
webt3-1.0.0.tar.gz,2024-06,malicious,MALICIOUS,9,0,52,76,826e5131afa7cbabc2834c13931e7b9fa0584f5981f3b1e76a37006eda5220b6
web3.0py-1.0.0.tar.gz,2024-06,malicious,MALICIOUS,14,0,48,76,d7cc5bf97a525827aad67c24be616a91d53e5670db9671bc5c543a98b84db4ef
openwsaa-1.0.0.tar.gz,2024-06,malicious,MALICIOUS,11,0,51,76,2d3d85f263eb82297b32b24ebb4e3193247063b153565a62e857a1d4e508ff89
etheerim-1.0.0.tar.gz,2024-06,malicious,MALICIOUS,11,0,51,76,46a37ef35c125fc3b6ce002d0619bced486b7fd8fa0eb1c9ba31898b93c30537
etherum-1.0.0.tar.gz,2024-06,malicious,MALICIOUS,12,0,50,76,1e29de7341601368dcd246bd7b868a2af2a268b6b2e072d8ed62f2d1347f32d2
web3.p6-1.0.0.tar.gz,2024-06,malicious,MALICIOUS,11,0,51,76,ec0310d0707e113b33e8a8f1a3711c16bcf96e956d38d608033ef4cd63f28987
openes-1.0.0.tar.gz,2024-06,malicious,MALICIOUS,11,0,51,76,7a5d8d2c27302bcd25c9ae346b071a366a173c91e06d92d052fd9b2b7b7a02b7
web3.pyy-1.0.0.tar.gz,2024-06,malicious,MALICIOUS,10,0,52,76,16f161de10e8713139f56fa51b8ee845e15b0d6dc4202bd068ebcb3405747ebd
etheriun-1.0.0.tar.gz,2024-06,malicious,MALICIOUS,10,0,52,76,379c528d82738ba977afa6b5236b14af2a029ed91d1d80f820a5956623de48f1
openseea-1.0.0.tar.gz,2024-06,malicious,MALICIOUS,10,0,52,76,ff344bfffba72b92266164499db4c4baca3e8866a6db3dd1992ce1bb8e56d30f
etheruum-1.0.0.tar.gz,2024-06,malicious,MALICIOUS,9,0,53,76,e3c1b5162c83d83c3f1820e38b2f8c66574cb301df0781f814167d5b2f6ba1ab
openrea-1.0.0.tar.gz,2024-06,malicious,MALICIOUS,9,0,47,76,3436c8fce320492b587d926013bfc29682d87341392bbe4ece851d5aa7d501c4
web2-1.0.0.tar.gz,2024-06,malicious,MALICIOUS,11,0,51,76,a95e44f6575b9519f322b76efc543af0cdaaeca150e7159a00b839b6c28e30f8
builderknower2-0.1.22.tar.gz,2024-06,malicious,CLEAN,0,0,62,76,1e4d4173914ef5dd35a17bd3d324316220b9ee2387cc452f07c900aa374745cf
builderknower2-0.1.30.tar.gz,2024-06,malicious,CLEAN,0,0,62,76,a925e8fae9aed1ece0024d8e84952ebb7f08eea363858a5b0b1c0a9dba7a2087
opensead-1.0.0.tar.gz,2024-06,malicious,MALICIOUS,11,0,51,76,05fd029a731bf9d0aab2c41162e4d98c9e792f07d5a8c1495d4d45e61e1f158d
rock51-1.0.0.tar.gz,2024-06,malicious,MALICIOUS,10,0,52,76,14d39c6a686c87f7a575f9f504e86275b2839062ffcaf3440f7085c0297b13d2
pytojn-1.0.0.tar.gz,2024-06,malicious,MALICIOUS,10,0,52,76,db8362b36daee2f34ee70f948cf5a2ca8ff9795bfd9d2a990caf68422269dbb6
artifact-lab-3-package-a18ff5d9-0.1.1.tar.gz,2024-06,malicious,CLEAN,0,0,62,76,8851c26895dcca6573e51924771514796496f3029cad03a1394f25655b88fa4b
opwnsea-1.0.0.tar.gz,2024-06,malicious,MALICIOUS,10,0,51,76,e50d8644e78746e0424caf8704b05c67018f3539e9388f161c1faa8847ef5e18
web3q-1.0.0.tar.gz,2024-06,malicious,MALICIOUS,10,0,52,76,8be78d7bbafd96914352c000786796cc422fe80b3964bee73b103b4e45e126f3
artifact-lab-3-package-e90915e1-0.1.4.tar.gz,2024-06,malicious,CLEAN,0,0,62,76,29b284c825d28255636c2f9403cfc88cb18b6bca4e1da33e94c9de03d97647d6
spacestudio-orbit-propagation-1.2.1.tar.gz,2024-06,malicious,CLEAN,0,0,61,76,716994e1227ced770680ff31f770911a21cf215bcfe2a6cea440dbe64bcfcfe8
opnsea-1.0.0.tar.gz,2024-06,malicious,MALICIOUS,10,0,52,76,fe1e026e16d936edb5c467ef8ae871332263a5529fbea8b64d07ff836202ffa0
builderknower2-0.1.21.tar.gz,2024-06,malicious,CLEAN,0,0,62,76,fbd4ccbb385c8b8041e00c85c8da84ecfa65a01618245a8aed1cb03e098388ca
builderknower-0.1.8.tar.gz,2024-06,malicious,CLEAN,0,0,61,76,438b41817f19d8a42f22673f5825cbee25749d059a6961aa4967b0833e34c564
builderknower-0.1.11.tar.gz,2024-06,malicious,CLEAN,0,0,62,76,c56ae45b023937905e7a32fe0e3304ca3bf32530d26fac4cec00a3fbad8d13ab
web4.py-1.0.0.tar.gz,2024-06,malicious,MALICIOUS,10,0,51,76,ddd9c2e5d8a2a935635fa3bd27e0bb288d0b4091aa81f47a507e90b96aefbd79
we3.py-1.0.0.tar.gz,2024-06,malicious,MALICIOUS,9,0,53,76,fd977b8edc20c394e2e11b4df99e155a0a4e96fc259594f00e6f43acaa5d2c82
builderknower2-0.1.15.tar.gz,2024-06,malicious,CLEAN,0,0,62,76,3abb283a769f744b2ab1c7c93ab4d1e00423fb7ae084a787693920fbcf9d7b40
oepensea-1.0.0.tar.gz,2024-06,malicious,MALICIOUS,10,0,52,76,cd5e303dd7285f3ab8225b155a619acb2c29048d0ee90bb87eaf83891f57abd5
oenwea-1.0.0.tar.gz,2024-06,malicious,MALICIOUS,11,0,51,76,6e48637d973d504f8ffd58814feceb7db3a5596df6c9708332bba1bc0a94c68a
openseax-1.0.0.tar.gz,2024-06,malicious,MALICIOUS,11,0,51,76,ae0bcb1ac444877a18808d55f45f50cc828febf930abe35a78ad5ea578510825
wdb3-1.0.0.tar.gz,2024-06,malicious,MALICIOUS,10,0,52,76,61e87899b949d0e812f8f5656b1530a34c83aff79c92e270f98c12c9418965f4
wev3-1.0.0.tar.gz,2024-06,malicious,MALICIOUS,8,0,53,76,087fcbaf47d691d7067bee16f3d99ba7dcca98c34091924ef823df54c0b222d6
ethreeum-1.0.0.tar.gz,2024-06,malicious,MALICIOUS,12,0,50,76,f11d9556839bf499eff29ff250f7539a2f5e7567157593f1265b2152dd84af6a
pytiom-1.0.0.tar.gz,2024-06,malicious,MALICIOUS,10,0,52,76,14da3100b827433a17657b39afc5f49ff96d5858d3d04a62bee42b459ece659b
openeasea-1.0.0.tar.gz,2024-06,malicious,MALICIOUS,10,0,52,76,e5c2d32e85bc48dab77f2a337a598b70c57f1b5e06987b175ca52be9c1ef6acd
ettherium-1.0.0.tar.gz,2024-06,malicious,MALICIOUS,10,0,51,76,f09719f5538bd0ca07391f475e79fa996e1bf9d60b2452259060fb345a60a53d
builderknower2-0.1.25.tar.gz,2024-06,malicious,CLEAN,0,0,61,76,ebab7204015a694edb4a8f01c0f26896b6bda834a0cc8ecf626663b7b174293c
wev3.py-1.0.0.tar.gz,2024-06,malicious,MALICIOUS,14,0,48,76,b3a6c4b6e6d4c83b63445f7a6a465313cc532b7a6ee0b7f3ca4581a9f10c56c0
builderknower-0.1.9.tar.gz,2024-06,malicious,CLEAN,0,0,62,76,007ce533f9bd2d3c44e9e3961923b8b2817de1a5820fbd7ccae2b9aedbfd8cb6
pythn-1.0.0.tar.gz,2024-06,malicious,MALICIOUS,15,0,44,76,4fcb64aee5660133e1ff26ebe67f3d2d722326935456ba62566e9968c404dbba
openzea-1.0.0.tar.gz,2024-06,malicious,MALICIOUS,10,0,51,76,ee9ca36e37e32f604d0ac1aa50abd1d9ba3cce08638f6e1d2b5e2e8c48c1873a
artifact-lab-3-package-e90915e1-0.1.3.tar.gz,2024-06,malicious,CLEAN,0,0,62,76,3c9801b7944ed87368aa7cd0f84fcbb921cf2260336dee4e3537eda651d0d69a
class_py-1.0.0.tar.gz,2024-06,malicious,MALICIOUS,10,0,52,76,930eebcd1d25c7c792afd2dc3fb68a5a80100e118cce61e516f309d2bbbc1d2a
openzsea-1.0.0.tar.gz,2024-06,malicious,MALICIOUS,11,0,51,76,89c755c8b6fa3d136571652a20ee4f8fd1defb778d7e117d2a514a5d5fdc0eef
web3.pyu-1.0.0.tar.gz,2024-06,malicious,MALICIOUS,10,0,52,76,e421afe72d86d0412bcb8d77c9d9f9c2dddb4d4b789b3dc006e5b87c19a70b53
opensar-1.0.0.tar.gz,2024-06,malicious,MALICIOUS,15,0,47,76,1674e5244c9b0b6411288e2fcee90ddc268fb3ddd86badf4d9596f76b2228ba0
eethereum-1.0.0.tar.gz,2024-06,malicious,MALICIOUS,10,0,52,76,7da19a79bede80e9ad1fc7a1739d21372b5d92ca9b62e9c7bacc474d2eae5163
we3b-1.0.0.tar.gz,2024-06,malicious,MALICIOUS,10,0,51,76,f2eae36316c9401087095be7ebe8de0e50d31707391d5f26eddf097db209dd1e
builderknower2-0.1.19.tar.gz,2024-06,malicious,CLEAN,0,0,58,76,0ee3194a2f66a0c5079aa83c0a81cf711af82685aa0b66a204173b580ca60ed2
oensea-1.0.0.tar.gz,2024-06,malicious,MALICIOUS,9,0,53,76,a6de501914e5d32e649b00a94b6c3eec89abcce1ca6a2bd916a4858487d8f1b3
openresa-1.0.0.tar.gz,2024-06,malicious,MALICIOUS,10,0,52,76,6240be140005fa2183ce7c77a1d76f749a6c849d2cf6f865222bcf6006e6e888
etheeruimm-1.0.0.tar.gz,2024-06,malicious,MALICIOUS,9,0,48,76,b6f42df20187a4195e0e6fefef055c73000afde09d275e6cb1e242f0aa6a3ac1
thesis_uniud_package-1.0.0.tar.gz,2024-06,malicious,CLEAN,0,0,62,76,6a91812ced8fa8368abb6cc7182e761034139686f8c3116b2369756c9adfd7cc
IncapError-7.0.0.tar.gz,2024-07,malicious,CLEAN,0,0,62,76,26e5566aeac4c61bcabdb02f63aa74ba69d83d0f0579c957bfc6e32e99858a32
testjsonn1-0.2.tar.gz,2024-07,malicious,CLEAN,0,0,61,76,f696a34e41a3c63adcc24579db885485dda6ffbf4b80c88cee7a96a3ba4029eb
testjson3-0.1.tar.gz,2024-07,malicious,CLEAN,0,0,60,76,f0e1727cdc520e3de8f40d04e90cb81acfc7690f8969e0630efd1a6eecbb7d17
testjsonn1-0.4.tar.gz,2024-07,malicious,CLEAN,0,0,62,76,728b934177dc133815b34b209fc6a0dbce2b40388b1c1d8832e8f1cbc9a30ae5
testjsonn1-0.3.tar.gz,2024-07,malicious,CLEAN,0,0,62,76,f56d8159c1f72df0a278b090a69bb5762f554e1829dec69be9173140501b2e4f
testjsonn1-0.5.tar.gz,2024-07,malicious,CLEAN,0,0,62,76,b449a96a8f8bd36b48a8fc3650f050acc779cfd12f715c90b7ee9b848f4b213e
hexteamibm-1.0.4.tar.gz,2024-07,malicious,CLEAN,0,0,61,76,60e18c0ed1249bac552d0fc7f01b10c9e7a82b27059f3c6e6a80bd34aa9b82f4
arielbogo-0.0.4.tar.gz,2024-07,malicious,CLEAN,0,0,62,76,4a4d7db9931a33c1eeccc6b5af7ad27e872719ee27fa941af2d912918907e333
stackstorm-runner-action-chain-1.0.0.tar.gz,2024-07,malicious,CLEAN,0,0,61,76,742764833f5030f7f0db1b19ed6206a838c67d9d9c85c0ef83aac7b23580d64b
adafruit_imageload-1.0.0.tar.gz,2024-07,malicious,CLEAN,0,0,61,76,74162e137e8d80275dbf2bd8d88cbac1c7e06ca946a271336d4b75278436101d
ptmpl-0.2.14.tar.gz,2024-07,malicious,MALICIOUS,1,0,61,76,28bb0cffd9deaf14ca8c22669f69fe45c4823fb7163113205fa20609da2f7246
testjsonn2-0.1.tar.gz,2024-07,malicious,CLEAN,0,0,62,76,676b8752ccb451f1c681c521249fbd1b0672915842e2f81ad208688b1cd19525
fasdghjkhjafsd-0.0.3.tar.gz,2024-07,malicious,CLEAN,0,0,62,76,8b5bd21fab32b395d157e9a9da2de33a5b80cd89b90785462653eb4f9083f785
orion.algo.extrapol-1.0.0.tar.gz,2024-07,malicious,CLEAN,0,0,62,76,1d6fc0f0d66d0f580142e08e8dc0e17be30630f79b9aa803abeeaf9e73921af9
ptestown-0.6.0.tar.gz,2024-07,malicious,CLEAN,0,0,62,76,ab29d289bdb4bdd884ef6147e5560cb5ee3dea3bc37b6c27348066067afe1d1e
fasdghjkhjafsd-0.0.1.tar.gz,2024-07,malicious,CLEAN,0,0,62,76,defcaf11872d3559ef00337bbecafca007eaaa35232f0d373f28da413a1fd5d7
ptmpl-0.2.0.tar.gz,2024-07,malicious,CLEAN,0,0,62,76,eabf408d6380643e2a5a580b3886fdd6ea5256912385cb3af3f2d69c5623d5a0
pystlete-2.9.tar.gz,2024-07,malicious,MALICIOUS,2,0,58,76,a8c6c803d5de2cd34561b6768a05b9b3e0742baef79c1964dbd0d791cc06ba94
fasdghjkhjafsd-0.0.2.tar.gz,2024-07,malicious,CLEAN,0,0,60,76,b527fddee4b1fa2263af8ddde72f0a826a09319a4ee4e383d5b7b3e9d3fcf3d8
ptmpl-0.2.6.tar.gz,2024-07,malicious,MALICIOUS,1,0,60,76,b931e7c329e00a121b7080e0ff5a4e2482177381a2af26356e7b540b3650a585
testjsonn1-0.7.tar.gz,2024-07,malicious,CLEAN,0,0,61,75,13f76089f39905a2e6cdefc5aee07159e24493afb9eb8877f49f7e475615eee1
testjsonn1-0.1.tar.gz,2024-07,malicious,CLEAN,0,0,60,75,88919c6ef2bf10759e80b896b574fd9fbbb36399e4c08dfd442ba7e7e9c8bb2b
testjsonn1-0.6.tar.gz,2024-07,malicious,CLEAN,0,0,56,75,baa28ecdd50d0ee7c5163c8c1614d4da6ecd0136ac13a5ad4fe730f83f227d16
asptcer-1.0.0.tar.gz,2024-07,malicious,CLEAN,0,0,61,75,ae927a4c0fd3a036ff8f6c4f7311b0d8bf202f462996c5ef05b02842aa628732
graphcore-cloud-tools-1.0.0.tar.gz,2024-07,malicious,CLEAN,0,0,59,75,637019a7aa3b5a65ec0eb28164edcb10665719b408a2def49ddc2d131356a5e2
hexmanibm-1.0.4.tar.gz,2024-07,malicious,CLEAN,0,0,61,75,1d9d04d13468fcaa4a5e57997531d2b9f6a7967eb4d85678c7e7f775d535c221
appetize-cli-1.0.0.tar.gz,2024-07,malicious,CLEAN,0,0,59,75,9659281d1b75a9b898298798753749ec0a9ebe6a50dc6c02c8e965828220d2ce
artifact_lab_3_package_392c6acd-0.1.1.tar.gz,2024-08,malicious,MALICIOUS,11,0,50,75,6a6b8737a6d8850485b62844655f7b3173f904a72452c3872f3c54518d50da97
artifact-lab-3-package-77d0c154-0.1.1.tar.gz,2024-08,malicious,CLEAN,0,0,61,75,00099ffb513861324210ead30ea583777fb9a4f264fedcb03f632b1ef8cd1f57
oz_merkle_tree-0.1.8.tar.gz,2024-08,malicious,CLEAN,0,0,61,75,f8aaa70b57b1793edf635c4a3df028bd4d2439ebb2bcaf4c27f8fc0276eb5441
ttat-api-1.0.5.tar.gz,2024-08,malicious,CLEAN,0,0,60,75,8930a40c7e271c44d670bb978b906957f537c18da0461ff0db82b513507dd36d
puffioner131-999999999.tar.gz,2024-08,malicious,MALICIOUS,11,0,50,75,bcd7d749de0de19c0b387750736362397dd2dd1c06c12d1a7fe099de85d5ca21
artifact_lab_3_package_392c6acd-0.1.17.tar.gz,2024-08,malicious,MALICIOUS,3,0,58,75,51427ec5b26614814f911a107adb783568c30c0b01ed4a8e125da3bde15e4643
artifact_lab_3_package_7e532784-0.1.5.tar.gz,2024-08,malicious,CLEAN,0,0,61,75,4b2788469c6e3f1158526c42896fed19e161af1457ad686def934d1dcceccf71
juphelper-0.1.6.tar.gz,2024-08,malicious,CLEAN,0,0,61,75,0fb37eff454a86be30be0d3030a5263223f7ac7edc9e9b750337ddb559607861
audit_themis_i18n-2.3.5.tar.gz,2024-08,malicious,CLEAN,0,0,61,75,995a45ed184b04247f5d698877512cd521d95559a6771794231b628b0679a2dd
artifact_lab_3_package_7e532784-0.1.0.tar.gz,2024-08,malicious,CLEAN,0,0,61,75,7991ff6c44103add0be3d7f8d35d07898d2799f623f758411f13917d51969938
artifact_lab_3_package_392c6acd-0.1.14.tar.gz,2024-08,malicious,MALICIOUS,10,0,51,75,d9e9c72bb7827396d815761e8e4699ceae4792aac520b62dd5ae8c7d3f16df17
artifact_lab_3_package_7e532784-0.1.3.tar.gz,2024-08,malicious,CLEAN,0,0,61,75,b226be07b941a51b5f71b0b47f5af23a6dab7074c564c601e6260663ba1e535d
ttat-api-test-0.2.0.tar.gz,2024-08,malicious,CLEAN,0,0,61,75,2a141044f8092019e1060ce25d4c46c468ae7ce9e081524dbb2c0f56f5fd30a1
kmvn_ekjvnbwkhjbewv-0.2.5.tar.gz,2024-08,malicious,CLEAN,0,0,61,75,5d52bac16767299a6115f88cc0c81f5fe9c7e4947bfb9896d06a29398746fdc9
jupiter-helper-0.1.tar.gz,2024-08,malicious,CLEAN,0,0,53,75,35b2594122d5cba4d1da3970aab46ed668252861c5e61357852bb617e6aa0c9b
formatter_test_package-0.1.11.tar.gz,2024-08,malicious,CLEAN,0,0,61,75,a50911fafa5c27f7d1b057094cc4e781302d3a97388fb5ed3ed8599f3447434e
artifact_lab_3_package_392c6acd-0.1.4.tar.gz,2024-08,malicious,MALICIOUS,11,0,50,75,67d68f28c0ce6a9a7d3e88d18e20afb2f3048ea7aea20abe5614d8d3be35414a
artifact_lab_3_package_ccd28738-0.3.1.tar.gz,2024-08,malicious,CLEAN,0,0,59,75,edd8b0e984e05a8379f27bdef1fb444fd79656a898f0a814fc511b8d92a82552
artifact_lab_3_package_7e532784-0.1.4.tar.gz,2024-08,malicious,CLEAN,0,0,61,75,b174dfacbc0292cf8d5827750c9e88208fcd67db905f3dc9914ef068b31397ae
artifact_lab_3_package_392c6acd-0.1.2.tar.gz,2024-08,malicious,MALICIOUS,11,0,50,75,9fb6a7848135eeecf54048a44474004602282af9f9245850cb6f84f8b2cc81c2
django_mongodb-5.0a4.tar.gz,2024-08,malicious,CLEAN,0,0,61,75,3675259fcde597c0d951e7c4dd35b06ff624298b4d693c69e1dfd841520bd74b
puffioner131-99999999.tar.gz,2024-08,malicious,CLEAN,0,0,61,75,d11b78ad33237c1f2504c70f350a5049190b9783a48394c2a5437d2d467c6856
artifact_lab_3_package_7e532784-0.1.2.tar.gz,2024-08,malicious,CLEAN,0,0,61,75,fb9e4703b8d927fd8b84af1164e6213b2d5870dd38b9875a67974c7efb47819e
byterec_models-1.5.3.tar.gz,2024-08,malicious,CLEAN,0,0,56,75,c1a4612895d8f23b5175fa8a08a6299a2f0bc46aa28a21e416309f84853b9ea5
artifact_lab_3_package_392c6acd-0.1.20.tar.gz,2024-08,malicious,MALICIOUS,3,0,58,75,c5a905a90d57a81a25a6987ef5ecc2a855945f09e03d819f4b213b7a14ee7639
artifact_lab_3_package_392c6acd-0.1.18.tar.gz,2024-08,malicious,MALICIOUS,3,0,58,75,37d0bc0ce5d142ff7c28fffb0f1107f0ff4eed2d568bc1ed0a7ea00694d04ffd
artifact_lab_3_package_392c6acd-0.1.7.tar.gz,2024-08,malicious,MALICIOUS,9,0,52,75,2db561c661b99e545581bab4401acfe5e0cd42b8abba4623c1543cb75e8299dd
artifact_lab_3_package_392c6acd-0.1.19.tar.gz,2024-08,malicious,MALICIOUS,3,0,57,75,9c92a39cd42ef2b318d1c1394717e15bbf5b78ffb5f5d77a16d63ecdcdc8dc1a
puffioner131-999999.tar.gz,2024-08,malicious,CLEAN,0,0,59,75,d0329e5151df722d36dfb6f31ab7cefc7b26d8c9b7bd83d53046da2873380393
juphelp-0.1.0.tar.gz,2024-08,malicious,CLEAN,0,0,60,75,682f62a22b2f750a0353c1f7379c4ab7dc0c946e5542a424e9d100963cdb9334
artifact_lab_3_package_89883da3-0.3.2.tar.gz,2024-08,malicious,MALICIOUS,6,0,54,75,cd185b9fc6e52da9353d687bfa651c5eb04251b1ebc15f729dab7137ec2ebe3b
subsys_counter-0.8.5.tar.gz,2024-08,malicious,CLEAN,0,0,61,75,17e56a8bf13da932846517c8974367ef1c65ee58b4419727278323d7f2fa0fd3
artifact_lab_3_package_392c6acd-0.1.12.tar.gz,2024-08,malicious,MALICIOUS,3,0,57,75,81346bb6c85de2a2af2776ff748feb927a368a863131217725885b31f1ea8d23
artifact_lab_3_package_392c6acd-0.1.9.tar.gz,2024-08,malicious,MALICIOUS,9,0,51,75,b19545e5d03a1848fae083f4d4f0e5bfdc9b5f4afd1355f7ac73c2bf22f695b8
ttat-api-test-0.1.0.tar.gz,2024-08,malicious,CLEAN,0,0,60,75,8d452ff8e745998095731be5b42e560e7282c396c36bb394ed9cc470e9abd043
artifact_lab_3_package_f0727516-0.1.0.tar.gz,2024-08,malicious,MALICIOUS,4,0,57,75,bd41c2df71a929c5119ebc3185b1cf5dce3f819e48c386d083a862ce061c3040
artifact_lab_3_package_392c6acd-0.1.13.tar.gz,2024-08,malicious,MALICIOUS,10,0,51,75,0f8f0ec7f9b94fa4173ced8ec3963a1a578dc21a2986f6092a9a24434ea01372
artifact_lab_3_package_392c6acd-0.1.15.tar.gz,2024-08,malicious,MALICIOUS,10,0,49,75,32be27fa0b97766464247328136168332042460ded4f0e6e29ee579b29f07c51
puffioner131-99999.tar.gz,2024-08,malicious,CLEAN,0,0,61,75,8659bad736b026a71fbd6a77281533712c946ba0d48689fa87bab3c0105b886b
artifact_lab_3_package_f0727516-0.1.1.tar.gz,2024-08,malicious,MALICIOUS,6,0,55,75,295e54f181026acd6cf6cce82ce7b98af346a4dc57b396be8f1d7d8997bde36f
byterec_models-0.8.3.tar.gz,2024-08,malicious,CLEAN,0,0,60,75,775fa44b40bb321e27f958ff6aaee55b0b12cb10c4ff62c80278c94b8362ae16
artifact_lab_3_package_7e532784-0.1.6.tar.gz,2024-08,malicious,CLEAN,0,0,61,75,14d05e101269f58f0cd97526fbdae5e2cbb1ce85209aaec437ac75d0eb94dac9
puffioner131-9999999.tar.gz,2024-08,malicious,CLEAN,0,0,61,75,120e1b83a09bf8af03eeb5a36bc2562370c578b4e44f8505f68fcea8e4dbc1df
artifact_lab_3_package_392c6acd-0.1.23.tar.gz,2024-08,malicious,MALICIOUS,3,0,58,75,d31ac8d77de27b7261f85a23d97fac556625cef4b3e0c1f536dd55ef6caabf73
artifact_lab_3_package_9fde789f-0.1.0.tar.gz,2024-08,malicious,CLEAN,0,0,61,75,7d8e5bb544d61b2cba07ac3209843e6d382707299c3634dd1f2027393b30f6d7
artifact_lab_3_package_392c6acd-0.1.24.tar.gz,2024-08,malicious,MALICIOUS,3,0,58,75,65612df6eab98237ef7f85b0cec3f87c1cc1658e6566936af2ec1317f0ced032
artifact_lab_3_package_392c6acd-0.1.22.tar.gz,2024-08,malicious,MALICIOUS,3,0,58,75,f54f03c7061280e0241967eca454755f2cb4238b05467b921823d77eedeb7cfb
artifact_lab_3_package_7e532784-0.1.1.tar.gz,2024-08,malicious,CLEAN,0,0,61,75,ea94b318a6b715825dba636117af59fb9caf195cc56e1fa220e95816386f77e6
artifact_lab_3_package_392c6acd-0.1.6.tar.gz,2024-08,malicious,MALICIOUS,4,0,57,75,b2c7ccabba7018d15c09debacb669a2d1fd0075cb1cd7de4793763471675d11c
artifact_lab_3_package_392c6acd-0.1.8.tar.gz,2024-08,malicious,MALICIOUS,9,0,52,75,ec158a6597389a79910682449b993b3536c305a37e8ccbd8d6a8af98566e0a68
jupiterhelper-0.1.4.tar.gz,2024-08,malicious,CLEAN,0,0,61,75,69a84278950789b218d895893e785943942d10d82594d6a3366260a19ca58c5b
puffioner131-9999.tar.gz,2024-08,malicious,CLEAN,0,0,61,75,802d7bebf83960ef98ecb2f7bc63b9001bd5455a99ed40640098ac0738b5b20c
artifact-lab-3-package-77d0c154-0.1.2.tar.gz,2024-08,malicious,CLEAN,0,0,60,75,9bd863d416d32cafbe0e3dfd00b7ed839c120d25c894b63da726858730bb9eb3
redis_di_processor-0.1.8.tar.gz,2024-08,malicious,CLEAN,0,0,61,75,96fe82109aa834e18782dec7491b0707ef4b0b15da0b72b729904526ab713e79
formatter_test_package-0.1.10.tar.gz,2024-08,malicious,CLEAN,0,0,55,75,d9dfa0ea15a8538ec332cb6869f0835bc9b07d146fe709b99c591e4cda3ef351
kmvn_ekjvnbwkhjbewv-0.2.3.tar.gz,2024-08,malicious,CLEAN,0,0,61,75,cc3d7a8e87c137567c61be58844f50f5fac9be664d67ec38a1c8f36150fc44ff
jupihelp-0.1.0.tar.gz,2024-08,malicious,CLEAN,0,0,50,75,4c8d4c220049a1fcc562a42f0b3e00dbc8ad2cc6449cc12d6f49ac8a8c3e050d
artifact-lab-3-package-b55680cd-0.1.1.tar.gz,2024-08,malicious,CLEAN,0,0,61,75,b6f0daafa515a5189bf016ba82696530b1e96169537359f66a1461a57eb6b74d
confluent_docker_utils-0.0.89.tar.gz,2024-08,malicious,CLEAN,0,0,61,75,b87f0ffbfca34c07f7e580a1f1be8366a21cda43c042f1f091c53ea2a5e0362b
artifact-lab-3-package-77d0c154-0.2.0.tar.gz,2024-08,malicious,CLEAN,0,0,61,75,ee2f36408533ea2a9aad438c2f2e3b2ea076cdaf06eb61b1dee5e848decb100c
jupiterhelper-0.1.5.tar.gz,2024-08,malicious,CLEAN,0,0,61,75,275b3b94f558a3d798e4097ca474cd47a01ab10a6bb27f214a859da241a4e048
artifact_lab_3_package_392c6acd-0.1.16.tar.gz,2024-08,malicious,MALICIOUS,3,0,56,75,e5016af5863cc06abc10100a93eaab0dae5d43dc7db1beadc2bec522e9d392e6
artifact_lab_3_package_392c6acd-0.1.3.tar.gz,2024-08,malicious,MALICIOUS,11,0,50,75,af60e8fba375cda6dc07053c9d7a529fd3e838b1b06be5737d238ce19cb63958
artifact-lab-3-package-b6920ef4-0.1.1.tar.gz,2024-08,malicious,CLEAN,0,0,61,75,9de1b8ced066cdb1d1390503c211b7bb632ba4e08f4583af98d9515af4a90aba
anaconda_anon_usage-0.4.9.tar.gz,2024-08,malicious,CLEAN,0,0,61,75,c0a020a1120fac87fae5fb932973ff880e43ebdd27e56906ad62544a560c4339
artifact_lab_3_package_392c6acd-0.1.10.tar.gz,2024-08,malicious,MALICIOUS,3,0,58,75,ab5f627e7b8b6f4fbd142f14042bd6adf6fadcae81a8bc2304e9d9c6cf3b8ae9
artifact_lab_3_package_392c6acd-0.1.5.tar.gz,2024-08,malicious,MALICIOUS,13,0,48,75,3f30e14ff1e9b4299ea2ced98162e7d6b190031156a22d08999c2a544942f2db
artifact_lab_3_package_7e532784-0.1.7.tar.gz,2024-08,malicious,CLEAN,0,0,53,75,ef2b5bd99a5e7a5a9f7053f7709b7c42c987cc577e94d07bcd725016fc6265b0
invokehttp-2.5.5.tar.gz,2024-08,malicious,CLEAN,0,0,61,75,7db5574ee634512b0b655b225de7aaf0d6cd513c026fd8c7c18f5b023a105355
jupiterhelper-0.1.6.tar.gz,2024-08,malicious,CLEAN,0,0,60,75,d2ea8e1c8d0504c026d05a83531b6668ca96a994d2c79579fc9390edb816fc02
artifact-lab-3-package-4c04b1a2-1.0.0.tar.gz,2024-09,malicious,CLEAN,0,0,59,75,7eaf1b88e828a84689017427c98048b1f912b78c080cfd40d4dd6eb76af769a9
artifact-lab-3-package-4c04b1a2-1.0.1.tar.gz,2024-09,malicious,CLEAN,0,0,53,75,3c0be0353db4baaa223b6ea1329b5a478c04f1fb139bc24c2c2e4eede9cfd43c
artifact-lab-3-package-4c04b1a2-0.1.1.tar.gz,2024-09,malicious,CLEAN,0,0,61,75,1217d260d07b4d28be3adbdeb18585f2e76104b6d7f53a99619b30ca610a9c8e
bo3to-0.1.tar.gz,2024-09,malicious,CLEAN,0,0,57,75,3bec2316073c49dce7620771ab9686172c896162b100750e69a0a162e880faf7
torhc-0.1.tar.gz,2024-09,malicious,CLEAN,0,0,61,75,3ab15f22295ecb4c32dee3af5e4ccd2ff26491603fce8c08786fb695db21cce3
artifact-lab-3-package-4c04b1a2-0.2.tar.gz,2024-09,malicious,CLEAN,0,0,60,75,2c358d455040f4af51c557e29757542c4174ab98afec0bafb632cc4ae099d86e
artifact-lab-3-package-0c8bce1c-1.0.0.tar.gz,2024-09,malicious,CLEAN,0,0,61,75,67a13352674d837d242a6e5c42d41156bdf2dbb69b7b82fa018e09617a12320d
artifact-lab-3-package-db7d716a-1.0.9.tar.gz,2024-09,malicious,MALICIOUS,2,0,59,75,051e135c82b246eff722d27a614ef9101731087b87be5b62317ab995b3272b2c
mecit1-1.0.0.tar.gz,2024-09,malicious,CLEAN,0,0,60,75,9a0e6d57f8f9f39461dad1eccc06bee1ea2ec7c9e062e3cb34e84cf55207feef
artifact-lab-3-package-db7d716a-1.0.8.tar.gz,2024-09,malicious,MALICIOUS,2,0,59,75,ef0c983896d7e20fa82513ead4d69d7a55642284a5f26ea6093e649ab3b8d623
kersa-0.1.tar.gz,2024-09,malicious,CLEAN,0,0,60,75,39544fb3b0307080cdf9e974c08b104854abc532c3714bf307b6efc2d8588348
secretinspector-0.1.0.tar.gz,2024-09,malicious,CLEAN,0,0,46,75,8f2ed8b67a8f662e0b153d64a6ddea3641df101fab3b3a4a82fe84f0f4571a7d
artifact-lab-3-package-db7d716a-1.0.1.tar.gz,2024-09,malicious,CLEAN,0,0,60,75,01191d937f6c316dbec95be327115792c48ed3d7da13073348ca799881292f37
asciidrawing-0.1.2.tar.gz,2024-09,malicious,CLEAN,0,0,61,75,34cc6f5c6c51a8bcd4da9e0443c1087e901c385615142c00473c0b54cb3fadfb
secretinspector-0.0.1.tar.gz,2024-09,malicious,CLEAN,0,0,53,75,77e8d9641c64bf620c1da3586bc7636d1cee2e9d8f3cf69f03ea66456408e72e
artifact-lab-3-package-4c04b1a2-1.0.4.tar.gz,2024-09,malicious,CLEAN,0,0,61,75,d0d38dda2bcbd518cf5e51ce75d3d270e236c51ca59a09ac35cc1e1eb3c7124b
artifact-lab-3-package-db7d716a-1.0.2.tar.gz,2024-09,malicious,MALICIOUS,13,0,48,75,7220fb1eb3af43360bdbffd2ffff3b80c2719dbc28ae7dfadbf5a5db6bc02802
hyperreq-0.1.tar.gz,2024-09,malicious,MALICIOUS,13,0,46,75,05bc403f0426c175e0aad72a041c2c3c4f9b3cb46cb2f0adda4e865e7ff3738c
artifact-lab-3-package-4c04b1a2-0.6.tar.gz,2024-09,malicious,CLEAN,0,0,56,75,d7ff2df1343026a3e0d80588f4bc4ecb0604135d424e9a3b3a14980c6bffc33a
hello_world_package_test-0.1.tar.gz,2024-09,malicious,CLEAN,0,0,61,75,66902996dc2b96f7334de3993c1b1c675f55b6a3eb1a28f804aeb4959be18f02
artifact-lab-3-package-db7d716a-0.1.1.tar.gz,2024-09,malicious,CLEAN,0,0,61,75,bb63998472378aece03a476d27dab0394db8278c10ca804179a8d9ef9839a3ee
browser_cookies3-1.1.tar.gz,2024-09,malicious,MALICIOUS,16,0,46,75,1fd817b1b9feb08eff71d21622673f643778f68d70754f07c7a46a0814f03b6c
artifact-lab-3-package-4c04b1a2-0.5.tar.gz,2024-09,malicious,CLEAN,0,0,61,75,ea010873194f845665d0be947fa19aeebdcf2d72207f79124a11a44e8311e949
artifact-lab-3-package-4c04b1a2-0.3.tar.gz,2024-09,malicious,CLEAN,0,0,60,75,7d4a0d26597004e68812a7e7b5f7484d98a068fd6bbd999b4f798528dade336d
setuptolos-0.1.tar.gz,2024-09,malicious,CLEAN,0,0,37,75,a91be219c4b561f65c802431c7709bf08c4f7844448f56a777b68e20ae0f6f23
flophttp-2.3.5.tar.gz,2024-09,malicious,CLEAN,0,0,61,75,4e5eb6233b17ddac6145292b92038414e1b0b2d5f9e835e6be21b831ee974011
artifact-lab-3-package-db7d716a-1.0.0.tar.gz,2024-09,malicious,CLEAN,0,0,61,75,6001ffb2709ca79f47ac0a5ef0d9cd52ab964fbf0e10c8bdc9583021e8a4c90a
seabonr-0.1.tar.gz,2024-09,malicious,CLEAN,0,0,60,75,70bb3cafb0eb82a9b50a03d447284ab71173d98a61acdab1338233897da77273
artifact-lab-3-package-4c04b1a2-1.0.3.tar.gz,2024-09,malicious,CLEAN,0,0,61,75,c8ebfe183f710c5afced261b77733a4730ee0a90da31699a1bee1da12acec490
secretinspector-0.0.2.tar.gz,2024-09,malicious,CLEAN,0,0,61,75,16095eaf10d40124d26667a176b0c749f6256f0221e44e9348ea6766f60673b0
test-packages2-0.1.tar.gz,2024-09,malicious,CLEAN,0,0,60,75,0e1b05496a70e8758bc0e3d8b49a31d1b9b8708d9b35583df703ae7b594fb6bf
artifact_lab_3_package_1f7a39bc-0.1.1.tar.gz,2024-09,malicious,CLEAN,0,0,61,75,8ffeb15c76c50b8e80288e115469edbf1550eb6f8a353546d6cdf26ef6360317
artifact-lab-3-package-4c04b1a2-0.4.tar.gz,2024-09,malicious,CLEAN,0,0,60,75,89f2d56a5f78d20e26537b5de4a70f71b124a84669a1668bd3d0572e5098431b
artifact-lab-3-package-4c04b1a2-1.0.5.tar.gz,2024-09,malicious,CLEAN,0,0,60,75,235b1af7636b843038021258d832de87ca6f47d68bc5262b2cd8956bfc2ab284
artifact-lab-3-package-db7d716a-1.1.0.tar.gz,2024-09,malicious,MALICIOUS,5,0,54,75,fdf1f5e13c5093a378b605397dc630d215fa1c762b06e07bc052c218797530dc
rcebymrx-0.0.1.tar.gz,2024-09,malicious,CLEAN,0,0,61,75,18d82877fc650581212a549ed9fdce963ddc3806a9709481460339dc5198f6ef
artifact-lab-3-package-4c04b1a2-1.0.2.tar.gz,2024-09,malicious,CLEAN,0,0,61,75,dda8591ebfadbbe249a4a5eb9f5321671035d9b2625dcb9eb06823f93853d36f
artifact-lab-3-package-4c04b1a2-0.1.tar.gz,2024-09,malicious,CLEAN,0,0,32,75,7f45399d4e887d0f7caf27645f6aa7ff8d686bb96010f7e324b21142e4ff9fd9
ggghhhrrr-0.3.tar.gz,2024-10,malicious,CLEAN,0,0,60,75,0ad572f9c5d4484a80e000cfa4a65ac5a9ef72356af8ae6b3aedec78e11bf121
pyaacv-0.1.tar.gz,2024-10,malicious,CLEAN,0,0,61,75,98f013c45a842694215ebb0cd0723995cb7bb119a8352d5128d29748a1892398
website_scanner-1.0.0.tar.gz,2024-10,malicious,MALICIOUS,6,0,51,75,97becfbfd386556f02bdb1ce18890c18180dcaddac80d11a4b7efc87ab1cfe07
innostage_group-7.0.6.tar.gz,2024-10,malicious,CLEAN,0,0,61,75,af2622a785e6e5d843411f9f19bd21794dd20cfb40848b8a508e5bb293ae5599
innostage_group-7.0.4.tar.gz,2024-10,malicious,CLEAN,0,0,61,75,ece8e09b384437095e7109a17c1b0f98ae2219460e7def65e04ec9a69c0132ad
innostage-7.0.1.tar.gz,2024-10,malicious,CLEAN,0,0,61,75,7019b12faf63960db312187aa02b9308779b5680ef0a0226e677031aa3fae0ec
innostage-7.0.6.tar.gz,2024-10,malicious,CLEAN,0,0,61,75,57a2b11729ec083c05bdd8e30d5f725d4f544f2ea83b2eab7689f807efcd0e5e
artifact_lab_3_package_24ddbc49-0.3.0.tar.gz,2024-10,malicious,CLEAN,0,0,61,75,bdc2700689205353d3fe5f7de42920fcdc5b37eebce49b1a5fc7bffcb16da69b
innostage-7.0.3.tar.gz,2024-10,malicious,CLEAN,0,0,58,75,121cb9b58939fc4f3cd45c709a23fb2cf3b21b5ec4789a03bfd69d9bc8315a6d
innostage-7.0.4.tar.gz,2024-10,malicious,CLEAN,0,0,61,75,09e280dc4ec73970e749a847efa5100b15f9d4ce27d362b9006efd8eeb10a149
artifact_lab_3_package_24ddbc49-0.5.0.tar.gz,2024-10,malicious,CLEAN,0,0,61,75,7d043142981054662207f7ae58de4be4644659511b79b59a585f44a42bd4244e
pysbark-0.21.0.tar.gz,2024-10,malicious,CLEAN,0,0,61,75,77ec1abfdf03a05745ec5aa49bb71a99bd328c5eeabfa0781c4349ef4002520d
artifact_lab_3_package_24ddbc49-0.8.0.tar.gz,2024-10,malicious,CLEAN,0,0,61,75,db3a4f656795eb119028cefe5bfca86c181645c0e18746a249d92339cc928fae
crustyhttp-1.3.5.tar.gz,2024-10,malicious,CLEAN,0,0,61,75,30cb499cb477c617fd7ab1f37ed201938622abd7a5d2791b9e369160bf33071a
iufgbewroibgfowiebc-0.0.2.tar.gz,2024-10,malicious,CLEAN,0,0,61,75,e833d98587dbf9d0ae40d33979a5989f895733e990a46b5e5db81ae9b7847a27
posi-7.0.6.tar.gz,2024-10,malicious,CLEAN,0,0,61,75,c65a8d5a7d2ddb3391aba705b420c13ac5080b96ce7df8d5f43afa941936227d
artifact_lab_3_package_24ddbc49-0.7.0.tar.gz,2024-10,malicious,CLEAN,0,0,61,75,5bd467d55beb092783c8a8a090ba8fa8d4efa9b37709864fcf926b28b8bd164b
larpexodus-0.1.tar.gz,2024-10,malicious,CLEAN,0,0,61,75,b3933cf8c50b5c5ba2195304aea7fe86f561845dc5c618a262112d70b2a346ca
innostage-7.0.7.tar.gz,2024-10,malicious,CLEAN,0,0,61,75,17b6a5c51ad3723b02a2d26a662a6aa3a37ad8b738ccc3116e1c9c2c4921bb43
maxpatrol-7.0.6.tar.gz,2024-10,malicious,CLEAN,0,0,61,75,b44802d9a6f7b0ae4b626adf5eec07e764a8c06b898c07de71d8b6e481e40ace
artifact_lab_3_package_24ddbc49-0.6.0.tar.gz,2024-10,malicious,CLEAN,0,0,61,75,c6eca193520a8111ff3626d9f85f53c347362971c54384bb2e0f15b1edf928e9
youreallydontwantthispackage2131-1.tar.gz,2024-10,malicious,CLEAN,0,0,61,75,15bba95622b62172c3029d2de916934338374267ad928f61be786bb10a702af9
iufgbewroibgfowiebc-0.0.1.tar.gz,2024-10,malicious,CLEAN,0,0,61,75,6bbd9fbf97293aa450310c99d691c548cca220dc74936414d21937a5f3dfcf13
pydllcfg-0.1.tar.gz,2024-10,malicious,CLEAN,0,0,61,75,c2d0b1f445a74bde9ddfbc4c92b278d4f718baf9d126e74536e4ccb5bd4db45c
cyberart-7.0.6.tar.gz,2024-10,malicious,CLEAN,0,0,48,75,a96ccc14d6c653d360b3883bf511761d0f0aa7ee6e0a5ebbd8b5868b94a2486d
lab_3_package_438d82fc-0.1.2.tar.gz,2024-10,malicious,CLEAN,0,0,61,75,d179ab97c7c2ffe05e71e403f186f56a013e26662ae0d713386abe1b85237f92
youreallydontwantthispackage2131-1.0.1.tar.gz,2024-10,malicious,CLEAN,0,0,61,75,d39ffccc13dd400de2fce08a0b2d064e5f1d82e35c6292ff3f1c319112c7a5e9
pydeobf-0.1.tar.gz,2024-10,malicious,CLEAN,0,0,61,75,d4ec161a51a426ade74b7c7fd781d7253303bd8a2d743cba5cc2d9414a7dd490
j5gerggnpuiwerbngpiutbgn0iutb0p-0.0.1.tar.gz,2024-10,malicious,CLEAN,0,0,61,75,7599f0556b2e1c1cc44252afc41a899732c017ff0c71bd9f803511a35b163469
artifact_lab_3_package_24ddbc49-0.1.0.tar.gz,2024-10,malicious,CLEAN,0,0,61,75,14b2f952bf998867d9aa5d18675916c9e600cfa5678d6b85aec05488d2e3ef07
j5gnpfweguiwerbngpiutbgn0iutb0pfwbdfsfef-0.0.1.tar.gz,2024-10,malicious,CLEAN,0,0,61,75,27c41fa62af027b55868494e41c00d4d84376cef47ffaa8d6287b9f92d5ac175
ggghhhrrr-0.1.tar.gz,2024-10,malicious,CLEAN,0,0,54,75,904d88d65992992fe1a3b9897977f69efd91ae6d871be3d8481a584a9d14c8f2
artifact_lab_3_package_153c1c1a-0.1.1.tar.gz,2024-10,malicious,CLEAN,0,0,61,75,bf129f6166c5dd9d746114576d65f2be4f1a943071423d6579aa93654c7ad799
artifact_lab_3_package_24ddbc49-0.2.0.tar.gz,2024-10,malicious,CLEAN,0,0,60,75,e496045698813b155c086d8483d80911bb69c3bac777778e2ef8d6cdbea4964c
lab_3_package_438d82fc-0.1.1.tar.gz,2024-10,malicious,CLEAN,0,0,40,75,e429983acfc406136671eb30705890dde2cef059d4d34c09319bb9b116f1677e
artifact_lab_3_package_24ddbc49-0.4.0.tar.gz,2024-10,malicious,CLEAN,0,0,61,75,06e3f247c8e26e8027cf38ecd9dc60dbd822c010c2ffabdbae8e2df5ccd17ca6
ptsecurity-7.0.6.tar.gz,2024-10,malicious,CLEAN,0,0,61,75,ccc2d08cefd4113ba37eea0bb5b1377827d16f2c6fb234c400ea57ac6458a3cb
innostage-7.0.2.tar.gz,2024-10,malicious,CLEAN,0,0,61,75,a9f0e90ed77b0d387e26eb38c09127e923e311be4bb2365797292154de327de3
j5gnpuiwerbngpiutbgn0iutb0p-0.0.1.tar.gz,2024-10,malicious,CLEAN,0,0,61,75,4336b8de356307c830d91ac89d0332127d93bab020ed5757bfb1e279c336c21d
shoots_flutter-0.1.1.tar.gz,2024-11,malicious,CLEAN,0,0,61,75,4e3d4c80eab5721c89125e74b44269cc8fdefce728e903e96d23f2f909a031c4
bytedance_chat-0.1.1.tar.gz,2024-11,malicious,CLEAN,0,0,61,75,13a7c5face073c4049323c9682a999029fd6671d3c8f5aab29c7c366a8bdb2bf
pylint_redis-0.1.1.tar.gz,2024-11,malicious,CLEAN,0,0,61,75,9d03065e41fb64acb07d8c9c7bc1ed1184fcc5f19e6e773f9091774c660cc908
byted_df-99.1.1.tar.gz,2024-11,malicious,CLEAN,0,0,60,75,8e676cdf96526aa611e4fc397775ed3f8a2f23579a53a10b4df5cc8a7a45bcf2
shoots_api_test-0.1.1.tar.gz,2024-11,malicious,CLEAN,0,0,54,75,89a6161ed270d9ba3becb52605c1f29f0cc0770d606a8b53b37895d4138e771b
petace-0.1.1.tar.gz,2024-11,malicious,CLEAN,0,0,61,75,b049cfae726a618ac9b87cd46158560c82419d34c15524203a2eaa684f48d3c9
monolit-912.6.tar.gz,2024-11,malicious,CLEAN,0,0,60,75,c459e49ca683fe83a0bb7da4121f2f5687aed54eeb6046a44d9e0e359e310118
trove4j-0.1.1.tar.gz,2024-11,malicious,CLEAN,0,0,57,75,e025c8d08bfaa7c8127f1663cf7f14afe99584882961e8fbe713d8e13dc4b0b5
kotlin_stdlib_jdk8-99.1.1.tar.gz,2024-11,malicious,CLEAN,0,0,61,75,1a097170158c68c096bd013ae3454bc19034cb5ef6c4ff001885370da4607aee
fedlearnerr-912.6.tar.gz,2024-11,malicious,CLEAN,0,0,60,75,fdcf1783a591a1d783dda579ab2ce69ddc7cab23d4be1fd961efad5a2d2c00c4
fedlearnre-912.6.tar.gz,2024-11,malicious,CLEAN,0,0,61,75,38339df7151affdce09af7c930b01a8f373301e2d8d802839ac574316c66a088
zebo-0.1.0.tar.gz,2024-11,malicious,MALICIOUS,4,0,57,75,0ea0fb83e2e11893c7a99c8ff1aba54fb8b4af1fbbd82a181f42bd11a3bf09af
shoots_bynet-0.1.1.tar.gz,2024-11,malicious,CLEAN,0,0,61,75,bde966b8a3d0a82db463df2c7790f6a45f1ea0753ded14b8bbc228b3d85df276
pytest_tt_ddriven-0.1.1.tar.gz,2024-11,malicious,CLEAN,0,0,61,75,23109ebffb8263fac2f5a2613033d1ec514c7170ac449eb03547db32217e488f
fgh-1.0.0.tar.gz,2024-12,malicious,CLEAN,0,0,60,75,353ba97e10c7db898656f98e6f1a2bc03ae855c94bb6b6cb2b5398aeab1b9158
tonvia-1.4.3.tar.gz,2024-12,malicious,CLEAN,0,0,61,75,69f8a798160f9b2735623a383f04f6883727232fa03af2388fb25051cdbd6999
goftvagoo-0.1.1.tar.gz,2024-12,malicious,CLEAN,0,0,60,75,f481493da79c60dd540859833e533a0a2cbecac34ce4be146a2230c086ef76be
lan_clean-1.0.1.tar.gz,2024-12,malicious,CLEAN,0,0,60,75,6236056eac87d2b761b92f7bf308084c4957480c4ab0d2fe81e8412ab16450d8
