package,month,verdict,malicious,suspicious,undetected,total,sha256
locust-swarm-4.1.11.tar.gz,2023-03,CLEAN,0,0,62,76,5e124cbfa084e416e92377c5a9939c01eeda558dbab5752b915fe8d462ccd040
xtrack-0.29.1.tar.gz,2023-03,CLEAN,0,0,62,76,ae4eaae3db4e73334c506f459ef52508cf9964a21169ca9404fa1de9664486b3
ihcsdk-2.8.5.tar.gz,2023-03,CLEAN,0,0,62,76,12eb871b62eea9020898bdc629ce886d68da5110f6f9187b931cf116350226eb
sqlmap-1.7.3.tar.gz,2023-03,MALICIOUS,5,0,39,76,ae7c62cae047edabac719ef0d5c142038d07fca8a69e77edb7162dac37fcc0b2
botocore-a-la-carte-route53domains-1.29.103.tar.gz,2023-03,CLEAN,0,0,62,76,75bcc26528468bc7787eeb21a8a6d4ad8c03ed2592cfff7e89cb888cf2597f66
tencentcloud-sdk-python-cis-3.0.845.tar.gz,2023-03,CLEAN,0,0,61,76,f718a8b78e734099942e3c4589bc531f741a1bec79afc47bfc2ab6d6befb94bc
lbt-honeybee-0.7.166.tar.gz,2023-03,CLEAN,0,0,62,76,5eac3c3723cfd5c23313edaccb3fc46244309d2c1d047902698978e818c7732c
pysus-0.9.0.tar.gz,2023-03,CLEAN,0,0,61,76,ba0a53e444d495a4a67e9db72c45547f6825bb91332a379a75637cd937bf5f0b
haggis-0.9.1.tar.gz,2023-03,CLEAN,0,0,62,76,b0521cef8dcfdcb8f700b6b00d5eaeb13337d416bc2583777b4c7304206ed6b5
tencentcloud-sdk-python-privatedns-3.0.848.tar.gz,2023-03,CLEAN,0,0,62,76,856196cd30280402b097b25277230425ae53228a69eb7d4ca41e5337680852c0
types-aiobotocore-quicksight-2.5.0.tar.gz,2023-03,CLEAN,0,0,62,76,f5d78e97783ab2a8109a5d30b94a1082ee074518d1b2afe551f3d387e53b8d34
tencentcloud-sdk-python-lcic-3.0.851.tar.gz,2023-03,CLEAN,0,0,62,76,e3b15b559ef263f47add31f6f357e29ecdb122e2afde317783c1aeaa06177e14
wodoo-0.3.111.tar.gz,2023-03,CLEAN,0,0,62,76,c3fed81f8ff5f1a005a25311d0c4043a2b53c29d51c876198eebf4bd479b88cc
botocore-a-la-carte-cloudsearch-1.29.94.tar.gz,2023-03,CLEAN,0,0,61,76,988db337619ca5d9ba1531835d987c2693d30763433dd91186048840ab57e6f4
aws-cdk.aws-amplify-alpha-2.72.1a0.tar.gz,2023-03,CLEAN,0,0,62,76,609c14f4a63655b29386e69943d0bcced83fa80f933748efbc63201359205b17
sphinxcontrib-jquery-4.0.tar.gz,2023-03,CLEAN,0,0,61,76,786c725715c2083c33333905aab0ad07a69582b5c22ebe9c46ddfc8256240765
MindsDB-23.3.3.1.tar.gz,2023-03,CLEAN,0,0,61,76,c09804f9a5f758712eb0cd429bf213b58b108ed90df0a7e3b21d7a7e8f19073e
fractal_tasks_core-0.9.0.tar.gz,2023-03,CLEAN,0,0,31,76,e5885fc9d1e7aea378e653352b5508016ac22f37efd24ff7bd74af06fd5d668e
Antares_Launcher-1.2.3.tar.gz,2023-03,CLEAN,0,0,62,76,580620f803abdb86e940acdfb8dd25dd561eee79bf0dbec986045b211152f20d
botocore-a-la-carte-dynamodb-1.29.100.tar.gz,2023-03,CLEAN,0,0,62,76,e648f92cb286ed4b4fdcdb3847bdcb40c5a330972a0fa36cfea8b8326f3ba5ce
DyaGram-0.0.85.tar.gz,2023-03,CLEAN,0,0,62,76,d0a57ac8085d878d212eb0c89f08d0470de0615589319006458f91272a2e96c7
anduin-8.4.23.tar.gz,2023-03,CLEAN,0,0,61,76,ac145557337756ebd3b4afe4eebfbed0af0b929e0f3c315550b22e7eb06bcfea
gym_csle_stopping_game-0.1.20.tar.gz,2023-03,CLEAN,0,0,61,76,886950886e0c0c4f5333d4cdee1f2c61879ccd650f5ac9dcac49b8e97ea28c84
tyro-0.4.1.tar.gz,2023-03,CLEAN,0,0,62,76,bee9c7cb0e515601c39238fe968e870786a00eebe0dc006092e6e25e8d6055ba
cdk-lambda-bash-2.0.316.tar.gz,2023-03,CLEAN,0,0,62,76,f562d1dfb21fcfd940e888b4a08572caafe4aa118d8f74a1866d0015868ebb9d
tencentcloud-sdk-python-cis-3.0.862.tar.gz,2023-03,CLEAN,0,0,62,76,21a4e42cc6d823cf48f88f390dc7ea853ca24319bb707b519e363f57f14e9537
tencentcloud-sdk-python-ump-3.0.856.tar.gz,2023-03,CLEAN,0,0,62,76,8852ce581edaee9c30425f24b5f9456b17a92d0af00af3c3b5dc8a4e6fd4dcfa
streamlit-antd-0.4.4.tar.gz,2023-03,CLEAN,0,0,61,76,a4e4bd571a98827fdf9249ab0b8e7ea0fe84a91959158c83bbf91491b54088db
honeypots-0.58.tar.gz,2023-03,MALICIOUS,1,0,62,76,b0077b5620f4c7576a4bd93b80b61631b5bb2a134b3bf2dd1c3ce5a0f4608eb3
cdktf-cdk8s-0.5.5.tar.gz,2023-03,CLEAN,0,0,62,76,ae192eed4a35d15a9b15efcda71e9cc25b9a20f24e8c01e1d1075f87143ea09f
SQLAlchemy-2.0.7.tar.gz,2023-03,CLEAN,0,0,62,76,731a7e42b926702966a2afb49a4bf202751ee4a44a2ba5b5e82747ef84c43b4a
tencentcloud-sdk-python-kms-3.0.844.tar.gz,2023-03,CLEAN,0,0,62,76,896a2ed01ff9e306bf7419772de424cf58cb43b40e6d588f843d27e833943e07
tscausalinference-0.1.4.9.tar.gz,2023-03,CLEAN,0,0,62,76,b2135694aac1afe019cb4b77a5cac42ab0af1dd66e0b45c3e9a3b6b91ccbe01d
tiledbsoma-1.0.1.tar.gz,2023-03,CLEAN,0,0,61,76,f1b09f13f27a3f7941d08b65f4f135bb51f8d44a2194ab253721629c6ade7a12
not1mm-23.3.9.tar.gz,2023-03,CLEAN,0,0,62,76,23901e5ee2d8e154aa3c580c8208a274198e2477d0eb689b6c93929a9880f0ea
pyTooling-3.0.0.tar.gz,2023-03,CLEAN,0,0,61,76,9eade20c31d93666b701ae89d360e2fce3c0b3bd3b56b1132f1b757cabee550e
mypy-boto3-securitylake-1.26.92.tar.gz,2023-03,CLEAN,0,0,62,76,93a6f6550f74c6ce6e97e988da69a0219fce3be84907e4ced899005c98095cdb
meent-0.8.6.tar.gz,2023-03,CLEAN,0,0,62,76,60875bbdb4dea49439532e258951b982e50ea49831e3ba5bc1d5f52b5d0b40f0
naruno_remote_app-0.50.1.tar.gz,2023-03,CLEAN,0,0,62,76,48bd605d8aae3d15cf002c60d828efa6c528fcc2381f3518adc643e4914b63c4
aws-cdk.aws-xray-1.198.0.tar.gz,2023-03,CLEAN,0,0,62,76,af2a2f5fad290bc99b619c71e06ce0c9ba7a42fda7788e0f2ce10891852eec2b
speakeasy-client-sdk-python-1.10.0.tar.gz,2023-03,CLEAN,0,0,62,76,73ecba1b79fa2bfe1e6b2be608e316cc1b2f67c0827aeda09c43c4658eb5932c
ural-0.39.0.tar.gz,2023-03,CLEAN,0,0,62,76,7c54c1c51b2814c2e23a4953e85e7fbfa441ceb7c4c2f9a4e5c5aa4450744d01
cdk8s-jenkins-0.0.241.tar.gz,2023-03,CLEAN,0,0,61,76,aac38d19f47605e7dc85b9bc7beaf53c70523b4cca9aa2506cf6f869f25fe336
dbnd-luigi-1.0.12.8.tar.gz,2023-03,CLEAN,0,0,62,76,810091d2d1e37133a277bc8efa37895d10862d231e826f79bfc501f8500e8449
nexusformat-1.0.1.tar.gz,2023-03,CLEAN,0,0,61,76,375d0602be513c16c68091c90321a4b4a956dfcee3be11534700f88e563d276d
Flask-Security-Invenio-3.2.0.tar.gz,2023-03,CLEAN,0,0,61,76,6c372d0c6b81cac9af50063f6084cf2a2ec435c08c42e3816f62d62ca1d2d48f
botocore-a-la-carte-sns-1.29.101.tar.gz,2023-03,CLEAN,0,0,62,76,4fa4bcdd8f0b6cc68b4a1f8a8afe913b3fbf04bd76b0fe29e989dd63e7edae78
mthree-2.3.0.tar.gz,2023-03,CLEAN,0,0,62,76,78a5f12dee1b4dbb3230b03bab6122d5212171cf13f7342e9b7b00a2b410bbe2
tencentcloud-sdk-python-clb-3.0.845.tar.gz,2023-03,CLEAN,0,0,62,76,b1d663f121360829ef40f92042aa248e8a79921ffbcb53b705842faa2c75a94e
cybrid-api-id-python-0.68.15.tar.gz,2023-03,CLEAN,0,0,60,76,ce11844136fcef27c44cd6ed90653720d71c171823f78b842370a70339ebf96f
python-openevse-http-0.1.39.tar.gz,2023-03,CLEAN,0,0,58,76,2c468e844891682a39f629a3219bf4e06a13c7d8fd47b3786fd964ef921ff4b4
pretix-4.15.1.tar.gz,2023-03,CLEAN,0,0,49,76,05580654c5046078c9670a2c9b5cf39d1a48d601362fdc5d083e9921fd632685
hh_applicant_tool-0.1.5.tar.gz,2023-03,CLEAN,0,0,60,76,8fba5fcbdc08ad0e9137dc35200440e7c56ae37bdef31862b4be2f765639fb20
anduin-8.0.0.tar.gz,2023-03,CLEAN,0,0,62,76,bd7c7a613454d6bec4e19f67027db80effe4bb8c8b45168c2d6ac9ee0d9bbd40
DyaGram-0.0.67.tar.gz,2023-03,CLEAN,0,0,61,76,5d4c0df44034099166d798c4174edd94a2bdb3b3a06b9620cca598843dd42ad5
aws-cdk.aws-kendra-1.195.0.tar.gz,2023-03,CLEAN,0,0,61,76,8dbb20dbba675b8c1ca1120d2a3382420054f0f884c969ea8b23852ba599470b
bytez-0.1.5.tar.gz,2023-03,CLEAN,0,0,59,76,5c2e97da73792fb95cd055cd638f6059748289fede1adc373956fa2f2f022211
botocore-a-la-carte-s3-1.29.88.tar.gz,2023-03,CLEAN,0,0,61,76,b77c06426e0aaa0bc2fc3936fee75f18f2785090314b894095303c5c15a483cf
ccxt-2.8.92.tar.gz,2023-03,CLEAN,0,0,61,76,de020975657cc29583540b0ea8cf08ae2fb6a0309dba284a691e5ccc84a24da9
aws-cdk.yaml-cfn-1.198.1.tar.gz,2023-03,CLEAN,0,0,61,76,ec9540573bd1be75bdfd4c3f3b746a8666759ad8628f69a44db5a30d93dd02b0
pepperize.projen-awscdk-app-ts-0.0.423.tar.gz,2023-03,CLEAN,0,0,62,76,aa0091ca45f5fd640658b248d3fc5192f9e9bd1e6958b331c24b9d245930ed22
dagster-dbt-0.17.21.tar.gz,2023-03,CLEAN,0,0,62,76,d6571cb48972075477c98bff8a2edd35a4615b1a2db1c66c62b293a970729ff5
types-tqdm-4.65.0.0.tar.gz,2023-03,CLEAN,0,0,40,76,8c968e623ed196d605fdc89c03eb05f87d3e042f95268c3d982d651a135968c9
gardener-cicd-whd-1.2006.0.tar.gz,2023-03,CLEAN,0,0,60,76,02023359b8922e1e101573adae925fdc157e41a23e0ba43081f747b7fe17c60f
recipe_scrapers-14.35.0.tar.gz,2023-03,CLEAN,0,0,62,76,147c1a1700fa105057b54a71f7ff19cf26b538b128fe82f82ef6b7f0e537159d
ai_flow_nightly-2023.3.12.tar.gz,2023-03,CLEAN,0,0,62,76,21c12d8f2fe6eb384a67bbc0718cc8fd754a95fedc65b9c0981fb88bfc03cf95
mpd-parser-0.1.2.tar.gz,2023-03,CLEAN,0,0,62,76,7f6e6528afce8442d935a93b633db02e3ddf8c6c11f1df0e01d231d8321fd45b
spotRiver-0.0.66.tar.gz,2023-03,CLEAN,0,0,60,76,5d1ca6c519518f2d8db92ab01a04d2f1177ab2c85f3ff666b0166018548c8435
hacktools-0.32.0.tar.gz,2023-03,CLEAN,0,0,62,76,86361146ed042c3400716f009f48e939663a2e223efa92dd55ea800728611a23
dycw_utilities-0.7.6.tar.gz,2023-03,CLEAN,0,0,62,76,288c87174e6ddad9fc6c2c1ef1074338f264805a94599ed100187a382e7635a1
tencentcloud-sdk-python-habo-3.0.863.tar.gz,2023-03,CLEAN,0,0,55,76,0123e72be037c8a44d41eb586cf6c0d27aa4b34eb3637a0333e56ee430f2e12c
tweepy_authlib-1.0.4.tar.gz,2023-03,CLEAN,0,0,62,76,874c31662b8105702279283d8628dd270c40e60d57818585f870b6102e2cc15a
botocore-a-la-carte-es-1.29.103.tar.gz,2023-03,CLEAN,0,0,62,76,86da845082944872ee302f8a4fe987afb3c7b9968665ad4bff1f901ec0dd7466
google-cloud-binary-authorization-1.6.1.tar.gz,2023-03,CLEAN,0,0,62,76,79354fd667ea0ec699c9718696c430fe00948030515617da301a9a215f0fcc92
tencentcloud-sdk-python-trdp-3.0.846.tar.gz,2023-03,CLEAN,0,0,61,76,111e2141b0e33fa938d2c7746ea7d7fec86d3e3dc004c1c11b588be31e53e834
lusid-scheduler-sdk-preview-0.0.773.tar.gz,2023-03,CLEAN,0,0,59,76,16e86d2f9d45ac850faef376d0d8c9adad96d3fc98e591f02bc86ad79f5cda5e
pepperize.cdk-route53-health-check-0.0.330.tar.gz,2023-03,CLEAN,0,0,62,76,6abea478d1cb1727b9778174a2a0feae1fa6ed6e0abb64750295b593d6081946
flyteidl-1.3.14.tar.gz,2023-03,CLEAN,0,0,62,76,6269100c04207c445041b16f7d311c4699081793bae9a06b8409a47e5e5b8904
mangadex-downloader-2.8.1.tar.gz,2023-03,CLEAN,0,0,62,76,fa24d44c996ae4d0a7bb3e80b77df1ab65f07a177b9b294b291c4daaa1a6cfee
django-regex-redirects-0.4.0.tar.gz,2023-03,CLEAN,0,0,62,76,4bf2b41f27f03295c5259f3cd44093eff486a3c2bab0dfb61885b29e930c89b2
tencentcloud-sdk-python-cwp-3.0.862.tar.gz,2023-03,CLEAN,0,0,62,76,557f83dec3cc0bad27fd07f8890df14217fd82efe3fdc21e296566c4d5bceab7
sweetrpg-library-objects-0.0.187.tar.gz,2023-03,CLEAN,0,0,59,76,85f2492d95f1bf546d13504765ae3fc1f59e97d2dbfa8a49ec098b9fd0eebbcb
botocore-a-la-carte-forecast-1.29.90.tar.gz,2023-03,CLEAN,0,0,60,76,e16c1dc7fb6572d22e77317f3d2458a0cdea8512e315c79b4018fe31b6883ccb
botocore-a-la-carte-sagemaker-geospatial-1.29.99.tar.gz,2023-03,CLEAN,0,0,62,76,747dca0292f5fc2b0bce604013bf6600568147f7e7b5368d6a12f6cd19beadab
tencentcloud-sdk-python-soe-3.0.858.tar.gz,2023-03,CLEAN,0,0,62,76,475c70d47dfe0ee738e5a88377390a289987e2fdbfee23d7cbace45a4e5e6e5c
backend.ai-client-22.9.18.tar.gz,2023-03,CLEAN,0,0,62,76,94ff7e01aeb994534b91617a44442833e500f54c255237d117d94ca6c8cd7327
tencentcloud-sdk-python-dc-3.0.860.tar.gz,2023-03,CLEAN,0,0,62,76,6fcf1b941cbd211231ec57b79439975bd85e2b85ea782dd282158e5cb299d928
django-redis_metrics-2.1.0.tar.gz,2023-03,CLEAN,0,0,62,76,98d0cfe6c55fc45e3399dd98975b76df3159f91aba6c341b1ec0da4b03c986aa
tencentcloud-sdk-python-sms-3.0.845.tar.gz,2023-03,CLEAN,0,0,62,76,d0aa0360e4bd504fe5c5e5641239cd0d6e775251c49a02c64880646905f99e42
fastapi_filter-0.5.3.tar.gz,2023-03,CLEAN,0,0,62,76,e96d92eb30e4ee917c036c9fba025e4451c77f516ddf79e2e973b91c08f95565
aws-solutions-constructs.aws-lambda-elasticachememcached-2.33.0.tar.gz,2023-03,CLEAN,0,0,62,76,aa6cf216ed38e2f5dfef0ecd8dadb4df6cb391cbc8df339774b76d9de009f775
allure-pytest-bdd-2.13.1.tar.gz,2023-03,CLEAN,0,0,62,76,70b6f88e412fbd84a38048c5a0c24fa7d35ed794b41cd9a76600c47b79578cf0
mapbuffer-0.7.0.tar.gz,2023-03,CLEAN,0,0,62,76,60cbe7ec75d2dfdac1d57770f951ced23737a4dc12c301849a1f6b05e0c9c266
windmill_api-1.78.0.tar.gz,2023-03,CLEAN,0,0,53,76,db0c19b3642e973e5def2bc460107f67dd0aa84b818abd63a639939bd5de97c3
botocore-a-la-carte-rekognition-1.29.103.tar.gz,2023-03,CLEAN,0,0,61,76,23dce4b1396f98d9d1af63bf516345f8cce06359fd04b2995d518d3e73058c24
obsarray-0.2.4.tar.gz,2023-03,CLEAN,0,0,63,76,d72dc746fad270e16e2ce9d47f20809c6e16ce7c2520416aecf352aca9740571
botocore-a-la-carte-backup-gateway-1.29.81.tar.gz,2023-03,CLEAN,0,0,62,76,43b2eec09b580ec321601bfa142952016f64d20c87d96ab0aad1bc11e081a232
botocore-a-la-carte-workspaces-1.29.101.tar.gz,2023-03,CLEAN,0,0,62,76,ba4a00c57d3255e0c7c5c777ee45488a2f726c150ab8125ed890633ebd04a24e
honeybee-radiance-postprocess-0.4.168.tar.gz,2023-03,CLEAN,0,0,61,76,b1d3a782415a8a6e2e55a332b501540e12ce3e0f1a1e081a23ffa5e6345c3392
alacorder-77.3.9.tar.gz,2023-03,CLEAN,0,0,62,76,ecbe4c97ce4405b0bce0b7512ca2db4286c44f243efe72dd25a2c487457f7b1a
renovosolutions.aws-cdk-aws-sso-0.1.130.tar.gz,2023-03,CLEAN,0,0,62,76,a7940214c55c4628f04ee57ef1bf6566d8f2784ab13bb46685e501e6625bb9fe
dataquality-0.8.19.tar.gz,2023-03,CLEAN,0,0,62,76,5a2a1783e4f76b8ed25d04191061067b137506cfe65573eff63698db39d404a7
aws-cdk.aws-kinesisfirehose-alpha-2.72.1a0.tar.gz,2023-03,CLEAN,0,0,62,76,85b87e4c30b816cc03c30767043291756f082e4ebe3868f9ced0a7ae6aa2afb3
botocore-a-la-carte-mediaconnect-1.29.102.tar.gz,2023-03,CLEAN,0,0,61,76,8b4a86ff9ba99c0a31ea3eeab538adbc70137da54c8ae5b17c45760b7f5d8168
tencentcloud-sdk-python-aai-3.0.863.tar.gz,2023-03,CLEAN,0,0,62,76,062aa8742c5818e91c126da4b4129ff66d0dc44c16d423fba8a3140daedcd5f7
tencentcloud-sdk-python-tke-3.0.847.tar.gz,2023-03,CLEAN,0,0,62,76,450b66890282f83db7c5af27c54c32a0bfc1a81df6c7f34be2f6762af3202ae2
aws_lambda_builders-1.28.0.tar.gz,2023-03,CLEAN,0,0,59,76,82858864f82169b07bd69817866153e2bf35734a7a8e99586fce12fa3ce422c6
wafer-debconf-0.11.1.tar.gz,2023-03,CLEAN,0,0,61,76,93c17a40fae2cedbb7335205f64302845fc40170526b5da674f0eeaafcee1e6f
botocore-a-la-carte-alexaforbusiness-1.29.93.tar.gz,2023-03,CLEAN,0,0,61,76,2397dc06b59e08294eea7893b55c09f748b985c439f30b82b5f389c855b8d6d2
sampo-0.1.1.122.tar.gz,2023-03,CLEAN,0,0,60,76,a453536182a823bbd21f08e62e4db16951e749479bc41b47ad91662139c24401
botocore-a-la-carte-sso-oidc-1.29.102.tar.gz,2023-03,CLEAN,0,0,60,76,a0ce01f56d96de5ac0837fcb59aac15376ace9da03c4edb06b9209682812a3c1
gantry-0.5.9.tar.gz,2023-03,CLEAN,0,0,60,76,6938d51fcbd425ac57ea568795260886b1b5db41f03d8da95a2df9d11e8cc471
nxstools-3.45.1.tar.gz,2023-03,CLEAN,0,0,62,76,3db89a0deba3f0691fd61bb7a1060645f44fdd4429fc8015120dbf035e60bcb8
botocore-a-la-carte-sagemaker-runtime-1.29.93.tar.gz,2023-03,CLEAN,0,0,61,76,b9c5b5c7f74f539cd220b1ed34ef81ee3a63668d15e3b0037b7ea98bca53d9db
deeplake-3.2.20.tar.gz,2023-03,CLEAN,0,0,62,76,2d904c0f93b356f42a188971b07fc962554e52157bdd0fc0c2f420ffc1714270
fake-bge-module-latest-20230327.tar.gz,2023-03,CLEAN,0,0,62,76,3745990bb4ce08df5991bf39591374d88f37edf9d2527e0b61a0a33f9773080e
edk2-pytool-library-0.14.1.tar.gz,2023-03,CLEAN,0,0,61,76,489fd976f4bb626476498d72eaaf4bb8b9a798f8c19f6fe50476426bb5bc4328
botocore-a-la-carte-route53-1.29.81.tar.gz,2023-03,CLEAN,0,0,62,76,6aa77bf64f47aec297276ce782cea803edc265bec70891b9ea07c52a4c846d80
tencentcloud-sdk-python-casb-3.0.850.tar.gz,2023-03,CLEAN,0,0,62,76,d9d7aea07a755ef4525baf78db76b3eec94f2193212708de5d1e63132d3f6cf9
pepperize.cdk-route53-health-check-0.0.295.tar.gz,2023-03,CLEAN,0,0,62,76,d903cc3e3a6e5fed20af6755e07373c608385ba8d39504f9e8807c062d401bff
boto3-stubs-1.26.89.tar.gz,2023-03,CLEAN,0,0,56,76,7accb69f39ac145b05bce36614d20078f259d1c5276dc59442030c358908922b
crate-0.30.1.tar.gz,2023-03,CLEAN,0,0,62,76,e238383d0d2ec6e24501682bf1747f9fc69e358b30716649d37393e1d0946ac6
spgci-0.0.12.tar.gz,2023-03,CLEAN,0,0,61,76,81c527be614c963dca54541472421c254ded7256791791e6279bc4443fee91b5
lakefs-client-0.95.0.tar.gz,2023-03,CLEAN,0,0,62,76,e862c83b7be04f3bcad6dc4b8736cffd98565485af135d9bd42bb77645067671
telescope_sdk-0.1.17.tar.gz,2023-03,CLEAN,0,0,62,76,9d66029a67454bec7e20bcda9b479ca4242ab32b81058073627e6efcaeec470e
bigtree-0.8.2.tar.gz,2023-03,CLEAN,0,0,62,76,9f2a94eb04481112dfb06b951dfde82962b71cee16e1047e84836d95e1951a08
arkitekt-0.4.42.tar.gz,2023-03,CLEAN,0,0,62,76,85f96e5a0d67e5fa2792bd7b7bc9b956284f5108d64c163fd7f5cdc72ab5a816
botocore-a-la-carte-servicediscovery-1.29.103.tar.gz,2023-03,CLEAN,0,0,62,76,a32f869e87e1bba272033807885d49cfbdac25fb02ee2c33801c4e02f42bd38c
pynitrokey-0.4.34.tar.gz,2023-03,CLEAN,0,0,62,76,40283de03814c72d191928935a5c1ef7b26b7bfeee0e82669c48a8d49f66289c
cdk-ecs-service-extensions-2.0.0a327.tar.gz,2023-03,CLEAN,0,0,62,76,91442045cdedf617c42886e22fe53de06cd7b735572018c18e82a6029e37a62b
frccontrol-2023.21.tar.gz,2023-03,CLEAN,0,0,62,76,62ea86a507655dc38f8874e52c9a2a7912956666860d0a3a36552843e3cd978a
tencentcloud-sdk-python-redis-3.0.846.tar.gz,2023-03,CLEAN,0,0,62,76,dbfe6f82bab46957d489cc6bb2777394b5434a290f344f4ad46dea8e9a509e3c
strkit-0.8.0a8.tar.gz,2023-03,CLEAN,0,0,62,76,1160660f0863759f75f9f1d1e6df94f5dad19a507eb0cd027f0f1f0bbe5b4c8f
botocore-a-la-carte-snowball-1.29.96.tar.gz,2023-03,CLEAN,0,0,61,76,e4611268eb3a69bce1a57520eca9f41887384f6d57d4573e74bf846b06fa028c
botocore-a-la-carte-timestream-write-1.29.96.tar.gz,2023-03,CLEAN,0,0,61,76,0c10d68fd610befb86dab2a41efb2d74ad2212cf40f9684b4cad257e142c27aa
Japanera-2.0.0.tar.gz,2023-03,CLEAN,0,0,62,76,851df474048fbf4ae64a1e4def35a5f8f423c70c793831404ac33bad5a8693cb
inels-mqtt-new-0.2.6.tar.gz,2023-03,CLEAN,0,0,62,76,88937a5a23fba2c6e103b3c189fd61b9d4edd0cd73c19ee56df05958c9862e0c
home.tar.gz,2023-03,CLEAN,0,0,62,76,c69e369413904102583ffb3dc8aa47ab0c9ace8ee6b464bde47820ce53380934
botocore-a-la-carte-alexaforbusiness-1.29.85.tar.gz,2023-03,CLEAN,0,0,62,76,c734c1b8c07859cf322ac071cf3b1cc39b0a3e8b5398557a916323db633d905d
DLMS_SPODES-0.13.1.tar.gz,2023-03,CLEAN,0,0,62,76,31b139230d73ddc4d168f0602b4dbcc9b08634e2ecc7ae0105c60d26324ed74c
transformers-4.27.1.tar.gz,2023-03,CLEAN,0,0,62,76,6850fbcdc45203e3a3cd3bfa6d3afb044de924c14a27d5b4a75ec985e668df62
tencentcloud-sdk-python-gse-3.0.861.tar.gz,2023-03,CLEAN,0,0,60,76,d7153c110bbfa324058228137eb4ae951fdc2b8cc7e1f92a86a86999a40cefaf
cdklabs.cdk-enterprise-iac-0.0.207.tar.gz,2023-03,CLEAN,0,0,61,76,335034521b4787aaa079b2891cfc91769422df72ca99a9725140a1fae94da2d4
cdk-aws-discord-notifiers-0.0.16.tar.gz,2023-03,CLEAN,0,0,58,76,29ac9995d0726919e63d78f6fb752e4b097fafe2286d6618869cf04b90291229
nbdev-pandas-0.0.683.tar.gz,2023-03,CLEAN,0,0,62,76,874b57e8d348bf7e876730975884d7b3c3f7376981c0a8e4c4f9682606a93734
weightwatcher-0.7.0.2.tar.gz,2023-03,CLEAN,0,0,57,76,66359a42d91d85e4688d0f992da7740a57a486ab20570d74ade1b1d66e836f8d
conjure-python-client-2.5.0.tar.gz,2023-03,CLEAN,0,0,61,76,06331ee8a4e4e6f1a8c01f83698b6cd19986dcf50e0023234c1af6bd83fde3dc
nbdev-sphinx-0.0.647.tar.gz,2023-03,CLEAN,0,0,62,76,1aa6f9640e7b5a14c1e11ae29024f13c2da2c19fed0b5d3ef778271e6f76c4bd
tencentcloud-sdk-python-acp-3.0.859.tar.gz,2023-03,CLEAN,0,0,56,76,a763b03223e93bb6121b8082d131dc0cce33cb750b69c89b38519e81a49c3a7c
weaveio-2023.0.10.tar.gz,2023-03,CLEAN,0,0,61,76,1843343894b21ca285c2ea978819898fb3248684de2b6640fc6794426c8d7700
pepperize.projen-awscdk-construct-0.0.447.tar.gz,2023-03,CLEAN,0,0,60,76,059413b2fe0f6b0889a19c5544c9b92c7b109bba0b52f2359e7689ca53d3b4a0
tencentcloud-sdk-python-ms-3.0.858.tar.gz,2023-03,CLEAN,0,0,60,76,6948fcbaae80d8dd03cf0ce132402895cc73590211b2047c213b768d8eb3c6b8
botocore-a-la-carte-pinpoint-sms-voice-v2-1.29.81.tar.gz,2023-03,CLEAN,0,0,57,76,e72841f3a733feeb98d7e66261d587ea5c79c8582745737c2af279023bbf7426
stlib-1.2.1.tar.gz,2023-03,MALICIOUS,1,0,61,76,994e65f2b1cbfdcaf062cee9a2481165b185648a1a33947cc30215366ccce7d1
anova_wifi-0.5.2.tar.gz,2023-03,CLEAN,0,0,61,76,846046921a95f3b10e77b916e3a67b9c83983d8f58ce7844324815cbf58f7470
casanova-1.6.0.tar.gz,2023-03,CLEAN,0,0,61,76,5092bd8382b2fd3c92af15404793718034349b8e72fa6fe873d193343d3bacbe
eir_dl-0.1.30a0.tar.gz,2023-03,CLEAN,0,0,58,76,bd62d67be4124569c30095c01a7ba1ee28521b1e0f53c81d487c93c6a467c122
cornflow-1.0.2a8.tar.gz,2023-03,CLEAN,0,0,61,76,8a7bd9419b48cb72105f75003ab05a9e0c827bf75a7cb14f80139c516c7fa2f6
lnschema_core-0.30.0.tar.gz,2023-03,CLEAN,0,0,57,76,0d42b5b7902c20efed6e9a3f91c7be2ab45e379972a6a477878f6e7614ac45b3
langchain-0.0.106.tar.gz,2023-03,CLEAN,0,0,61,76,33c3f45d44be4befa7f679210b0bc6d00704adf344344c59dfb03b1d82f2ea47
tencentcloud-sdk-python-eb-3.0.859.tar.gz,2023-03,CLEAN,0,0,62,76,78665f746877c87ed123b6a94b4ba85782b9d8e4efa729b2dd48e1e14b403e87
wizata-dsapi-0.0.33.tar.gz,2023-03,benign,CLEAN,0,0,62,76,7e76ea86cc3589f474d89fd41fae623e75d27c64506d3b719ba6ee51665bade8
backend.ai-accelerator-cuda-open-22.9.16.tar.gz,2023-03,benign,CLEAN,0,0,57,76,e3544c359a523af5cdecf41194755261bc897f4165ef6d8161747f735c9ab163
types-aiobotocore-network-firewall-2.5.0.tar.gz,2023-03,benign,CLEAN,0,0,60,76,28bf1e1017170308072d6abc8182d96a6381d1f1290072a25c1cab1e8010df16
tencentcloud-sdk-python-iotvideoindustry-3.0.859.tar.gz,2023-03,benign,CLEAN,0,0,62,76,0a48e836c06723559d3777bb009a005f697a60ca7acc75ba193d570593b30c59
aws-cdk.aws-s3outposts-1.197.0.tar.gz,2023-03,benign,CLEAN,0,0,61,76,a44cb7ec8716268b4fdf4294d5cf64b40efdeee631ac1f1357474de39f82ed08
django-dynamic-datatb-1.0.20.tar.gz,2023-03,benign,CLEAN,0,0,60,76,1ef1e9691eab400d4cbd7ac78dab28d6dc8178c74d3ad3999c71cdf6e2b2792e
diffenator2-0.0.6.tar.gz,2023-03,benign,CLEAN,0,0,60,76,f133de7ade68647b6d3d8f7587ecf6115ab71667fc74892008a025736e8166a0
botocore-a-la-carte-lookoutvision-1.29.103.tar.gz,2023-03,benign,CLEAN,0,0,62,76,596f81239b3c03be15a50d426e58a409add1ece687597a60ca405ce6b602c9af
anova_wifi-0.6.1.tar.gz,2023-03,benign,CLEAN,0,0,61,76,444838155392d0f0cab45fd1b5fa8ce003438a964997824af441646d318cf0db
botocore-a-la-carte-sagemaker-featurestore-runtime-1.29.103.tar.gz,2023-03,benign,CLEAN,0,0,47,76,dce59b6c353bbf5c483a5a1e2c31bf57aec00489040554cc1c4fdb59a1c1fd92
idds-server-1.1.4.tar.gz,2023-03,benign,CLEAN,0,0,48,76,18c014a745ad0e410ce06190403fae7c1cad2ebde33895c534f1b83d3d6e065f
botocore-a-la-carte-network-firewall-1.29.87.tar.gz,2023-03,benign,CLEAN,0,0,60,76,42c3c0f57413e137c0ce3b509c2c7bfb3c1ed74b07ee82aa35b5b0c3c82c84e9
aind-data-access-api-0.1.1.tar.gz,2023-03,benign,CLEAN,0,0,62,76,7e11256fedaeefc08fe995f5ced7e8bb327308b6b3d70c3d11a8bfd1c77c0132
sparksnake-0.1.8.tar.gz,2023-03,benign,CLEAN,0,0,59,76,efb6c0cc0b4f719c285d51f98b031f13a2cca52071040bedae75cef0bf9916b3
asciinema-automation-0.0.4.tar.gz,2023-03,benign,CLEAN,0,0,61,76,be3479a2d55f584216cd664a35184822e105e893ce84cc70b87cc71e7bcd7bf2
reana-commons-0.9.3a2.tar.gz,2023-03,benign,CLEAN,0,0,52,76,a275fa02d0bfb97949128923bedb87283f66a04fac3f68f07567511807d99736
vocode-0.1.67.tar.gz,2023-03,benign,CLEAN,0,0,40,76,d8c39124e8853e133cf92ae82aed72f506d82e151745970f4bd1453f835f58ac
cdk8s-jenkins-0.0.218.tar.gz,2023-03,benign,CLEAN,0,0,62,76,aa053c45a8cd304aa7feb22f13d0dbde435a593d38f2905e6fc43fbf145dd1ef
audiolm-pytorch-0.19.1.tar.gz,2023-03,benign,CLEAN,0,0,62,76,7cf8c54d40d8070742ceb02ba882c3f3b34339c95eece2a5a6a9b5364c078cad
supervisely-6.70.19.tar.gz,2023-03,benign,CLEAN,0,0,61,76,4ccca2f3bbaa9bccb971a6be62b7f7dc5ab5322b7fe8552bbff41f4934480452
botocore-a-la-carte-proton-1.29.94.tar.gz,2023-03,benign,CLEAN,0,0,59,76,10bb370bc3c7f5ad0bccabe73beadbed293145463a6100171e08ce0175424471
csle_collector-0.1.27.tar.gz,2023-03,benign,CLEAN,0,0,41,76,398a14d457542245fbbab9096c285a6d4efa052ded8336240612692afd5382e4
pytest-homeassistant-custom-component-0.13.8.tar.gz,2023-03,benign,CLEAN,0,0,58,76,b9629c8847b73607650bc36466b77dba25b1bfed98ee8daf6de1964ee8a1ca9d
botocore-a-la-carte-cognito-idp-1.29.98.tar.gz,2023-03,benign,CLEAN,0,0,43,76,d26fe04e737a69fc7aeb0e6946076e1321309f327cac19826dcb79acac34d72d
pepperize.cdk-ses-smtp-credentials-0.3.207.tar.gz,2023-03,benign,CLEAN,0,0,61,76,146d27039e14a0ca9284f30742fb8a6c337af8dd91da419140550b25bfe86e1f
ypricemagic-2.0.5.tar.gz,2023-03,benign,CLEAN,0,0,60,76,a54f4fd4eb9dc005b164b2b9631148aee4efcfbcba2c38f5b1b008172cdf3599
botocore-a-la-carte-events-1.29.85.tar.gz,2023-03,benign,CLEAN,0,0,62,76,6ea6bfc30967c5aa8a1a68a6e183083724c01f80da2c2d8cf8159464997247f0
tencentcloud-sdk-python-dc-3.0.844.tar.gz,2023-03,benign,CLEAN,0,0,62,76,66d1d62297fed49c3cbac854390ab74869bc55cf1b7549c0a6ffde57cf82c478
TreeSAK-1.4.0.tar.gz,2023-03,benign,CLEAN,0,0,57,76,d6fab6b82639faae6879defe7af0948f58de724b54c212a0c0adc80db87f47dd
botocore-a-la-carte-cloudtrail-1.29.89.tar.gz,2023-03,benign,CLEAN,0,0,58,76,ac8363534348216c3c1a46af50e7d69ebb024e7b61e70f09b82395e059584cfb
cdk-docker-image-deployment-0.0.197.tar.gz,2023-03,benign,CLEAN,0,0,62,76,415976b30d79f3d0d5944507f755889f8ceff6b1904990bb80ab6af5e73d03b2
Products.GenericSetup-3.0.1.tar.gz,2023-03,benign,CLEAN,0,0,62,76,f855ae2592e705ddb30f9ba76cd9362fc71a67943c462efe1443eb2a1decd6b3
housekeeper-3.2.7.tar.gz,2023-03,benign,CLEAN,0,0,51,76,1064e81c9c7fc4440110efc5219085ec06982cd289208d623f6012e0db8530b0
pepperize.cdk-ses-smtp-credentials-0.3.248.tar.gz,2023-03,benign,CLEAN,0,0,61,76,0039fdc9d2bf6497a53d12e58f6aedff23be040947a44c53485aae09ac9f7aa8
alacorder-77.6.7.tar.gz,2023-03,benign,CLEAN,0,0,62,76,92459aa1221037c6b20cc2ed4c8b2d3a35c15f483c84e1670962e22ca1c6c8d0
tencentcloud-sdk-python-asw-3.0.849.tar.gz,2023-03,benign,CLEAN,0,0,62,76,a9992e4f77b3b0b175635ed7cefeaf38fd212c2b4d4c4e006c79812c28f81340
cdk-simple-serverless-2.0.299.tar.gz,2023-03,benign,CLEAN,0,0,60,76,68dc1e0cbf8386f0a9e48ff1e5ab2982ba0e6520503dcbe11db3563381f6b9dc
netbox_storage-0.0.0.0.483.tar.gz,2023-03,benign,CLEAN,0,0,56,76,700c47289bbd4ad7d01f9eb04ebdf3604fbfe51f568a120dc368534c10e2a092
notification_service_nightly-2023.3.22.tar.gz,2023-03,benign,CLEAN,0,0,62,76,a793fa50f1aeeba89265369c92380a2477f6f03767e0df4837dea53be87dc898
aiosumma-2.38.0.tar.gz,2023-04,benign,CLEAN,0,0,62,76,cee9a9228807f7c75dd0b0f4f3344ebf399db54ea9fe49d47cb336c7e0613edf
always_updates-122.6.tar.gz,2023-04,benign,CLEAN,0,0,60,76,4ed4c40520a4ada0c3c8d49a5985a869883582537690e7337162bf46a305256e
antsibull_docs_parser-0.3.0.tar.gz,2023-04,benign,CLEAN,0,0,62,76,17a3f9b7043239a7ffc1eb45fda91c370f1dd729f25358ae73d7dcf258ba954f
aodhclient-3.3.0.tar.gz,2023-04,benign,CLEAN,0,0,59,76,3d4a815f4f00dbaabb9189b1a1b27d1a81ba6b353eb6757daf66a090aabcd262
autogluon-0.7.0b20230419.tar.gz,2023-04,benign,CLEAN,0,0,62,76,bdae85d6b99ed8676b9ec4a0f1e8e42cf8d982aa983835cd4c02d5e7433ed1ed
aws-cdk.aws-iotevents-1.199.0.tar.gz,2023-04,benign,CLEAN,0,0,62,76,fb4254acf6b50dbb7bb17d06a5da3f592db0e0a13ab4a83cd62222bd0e3a0e1b
aws-cdk.aws-kinesisfirehose-destinations-alpha-2.74.0a0.tar.gz,2023-04,benign,CLEAN,0,0,61,76,96276c956ae7d77f4b2e133d34c3e54ee25678a753a8827089140869a2fbaef7
aws-cdk.aws-macie-1.199.0.tar.gz,2023-04,benign,CLEAN,0,0,62,76,2cae1894c9664b6898892141d20a99992f99deaf7aeecfa6b3f2786752219512
baize-0.20.2.tar.gz,2023-04,benign,CLEAN,0,0,61,76,42e5b22af29f019a86ad892799311836f60c025c0a367b1a259a6462a09d0252
bionty-0.12.0.tar.gz,2023-04,benign,CLEAN,0,0,61,76,e6bb4a4d04cd9453ee79b6d0f0facf1649cc9defbf13ac519da8237e01279cde
boto3-stubs-lite-1.26.107.tar.gz,2023-04,benign,CLEAN,0,0,50,76,0a1da526b686c87a1e1304cacfa4e42f89e0fb4cbd19ef4342bf88cdfef39dbc
botocore-a-la-carte-appflow-1.29.116.tar.gz,2023-04,benign,CLEAN,0,0,62,76,94af19dc12f015bff5d6e47caf4fc0fbe124349e095d74c325e25ea2b2abf69f
botocore-a-la-carte-autoscaling-1.29.114.tar.gz,2023-04,benign,CLEAN,0,0,61,76,1af70dfdc2dd358a5963859d9db5ffa86b08b6c893aae0b8e1f72f862289db7a
botocore-a-la-carte-clouddirectory-1.29.107.tar.gz,2023-04,benign,CLEAN,0,0,62,76,f6c1583a9d645425ba42324366627224192459d8af8e638b1f55c6b35497f5d4
botocore-a-la-carte-cloudsearchdomain-1.29.106.tar.gz,2023-04,benign,CLEAN,0,0,62,76,34285456369bc17514f57c1261395b6d9003bfdcc69b4d0897ce94cd69943bbe
botocore-a-la-carte-cloudtrail-data-1.29.116.tar.gz,2023-04,benign,CLEAN,0,0,61,76,c7f553dbc9de292e4d642a7d3604a987da4747394123a39bfa52f4f8522e49c3
botocore-a-la-carte-cloudwatch-1.29.106.tar.gz,2023-04,benign,CLEAN,0,0,62,76,9ab2d064ea06ca75aef66f5f6ad2f7a204ffd1f60fd0be80cd5d16daafdff3e7
botocore-a-la-carte-dlm-1.29.115.tar.gz,2023-04,benign,CLEAN,0,0,62,76,9fa5b80da9680e2e4503d40f2f8923e5321ee4a3b093e2aac3643905af509c3e
botocore-a-la-carte-ec2-instance-connect-1.29.105.tar.gz,2023-04,benign,CLEAN,0,0,61,76,3aa30230739650f5eab5eb4530f130052a232e81e9bce01c444142a48a10a5b7
botocore-a-la-carte-glue-1.29.118.tar.gz,2023-04,benign,CLEAN,0,0,62,76,c507b4f3fd720fe71e45493ccc45f3d7a3ce1d01ebc48e38a2d91399c40b17a7
botocore-a-la-carte-iotsecuretunneling-1.29.115.tar.gz,2023-04,benign,CLEAN,0,0,61,76,4fe3367f687e9e72f6940e226f3ea847d3eac93496dbd46aef35fea8fa6e9732
botocore-a-la-carte-ivs-realtime-1.29.119.tar.gz,2023-04,benign,CLEAN,0,0,53,76,9989496c0433a63e804665faf3ee53a30598530666a8a7f3286a661be68f0a7e
botocore-a-la-carte-kendra-1.29.104.tar.gz,2023-04,benign,CLEAN,0,0,61,76,0bda4fd6f4eeb3d20c9b552a9d60eb5c2bb4a4fe4944e5e7bc66c7f8efa1717b
botocore-a-la-carte-kinesis-video-media-1.29.115.tar.gz,2023-04,benign,CLEAN,0,0,58,76,1eeac208fc0f9716da1ebb9ce02ae4942c1338d03453d42f76b9203eb368c97f
botocore-a-la-carte-lexv2-models-1.29.114.tar.gz,2023-04,benign,CLEAN,0,0,61,76,c5be5490a464f2d7a5c404f8a528641ec044c9dd11fedea1853cb0ad7585e7f5
botocore-a-la-carte-license-manager-linux-subscriptions-1.29.109.tar.gz,2023-04,benign,CLEAN,0,0,62,76,1ea095d3664c9cfb30daf8abcbd7d3321dd2e2220809bfdedd2e5b8775af2cb6
botocore-a-la-carte-macie-1.29.117.tar.gz,2023-04,benign,CLEAN,0,0,62,76,37c9941540391f7fda5c9d6770e0090067d741525f8f6ea166e1ec0863cedad6
botocore-a-la-carte-migrationhub-config-1.29.106.tar.gz,2023-04,benign,CLEAN,0,0,62,76,1ac23cb3e0a384daa6fd7c8eb5b967ef5c867b57c9cfa041f6abc089d936c2a2
botocore-a-la-carte-organizations-1.29.109.tar.gz,2023-04,benign,CLEAN,0,0,61,76,d1f7a35169dc071eb08c658b9adf0c61f18705b286f85c0dc0b2d6d8b79eeeed
botocore-a-la-carte-proton-1.29.115.tar.gz,2023-04,benign,CLEAN,0,0,62,76,58cf04d963d164318e8d9df6a7b0f742eef543ec55705efb5f460e3d1938006d
botocore-a-la-carte-ram-1.29.111.tar.gz,2023-04,benign,CLEAN,0,0,61,76,d589a7f9e20de610b799878398d794a1e12f84b71747aca7dff4c9bd44ab3327
botocore-a-la-carte-rum-1.29.104.tar.gz,2023-04,benign,CLEAN,0,0,56,76,293c2a668fbf771067d4c348f8479ffb10fe354927230b3a1ceeddc981f76a7a
botocore-a-la-carte-sagemaker-edge-1.29.117.tar.gz,2023-04,benign,CLEAN,0,0,62,76,a7dcf0c15c88bd55c99b1a37d0e49e3c3e983611e927c394467d0d518509c4fa
botocore-a-la-carte-sso-1.29.121.tar.gz,2023-04,benign,CLEAN,0,0,33,76,1a59cf9eaf8033b115ad022266675dfba6de34469602904c802d378c14f6f1bc
botocore-a-la-carte-sso-admin-1.29.122.tar.gz,2023-04,benign,CLEAN,0,0,60,76,a8afc159fc56e1b4210f7443656854486b650dd1390a66deeec7d8f01b5f6f8f
botocore-a-la-carte-sts-1.29.104.tar.gz,2023-04,benign,CLEAN,0,0,51,76,a772fbff3a37754f8b70cf60ea904efee35c06987fc2cc14555e8a0a6d390c8f
botocore-a-la-carte-vpc-lattice-1.29.108.tar.gz,2023-04,benign,CLEAN,0,0,58,76,8088cd041aa3ebd22e0407244cdd804d8c22a2eb13b42c42cc701a5c0af505a1
botocore-a-la-carte-vpc-lattice-1.29.111.tar.gz,2023-04,benign,CLEAN,0,0,62,76,56b317a433fd51160ad4d25cc0c371ae728056e0ce96264334d91319cf4158fb
cdklabs.cdk-ethereum-node-0.0.171.tar.gz,2023-04,benign,CLEAN,0,0,62,76,2c844aae750cf848ee7f2f5e2c6b1c779926c540c6219127f4458e55e64559ae
cg-29.0.1.tar.gz,2023-04,benign,CLEAN,0,0,63,76,0bf75efc41aa74565efc4858e204a81edf40f82bf41f8ce207e330196c2a2df4
crunch-cli-0.15.1.tar.gz,2023-04,benign,CLEAN,0,0,62,76,c490669390af6c76f8bc8e0b74f72b467d4e695d18be609439bd2791091da9e3
csle_attacker-0.1.28.tar.gz,2023-04,benign,CLEAN,0,0,59,76,2bf92ffcd953b1b7dff57f133f2b865409958a93c99ab2f2e97381fa3e9800fa
dagster-duckdb-0.19.1.tar.gz,2023-04,benign,CLEAN,0,0,62,76,e3704283f3e2157f24ed8d2432436e2b04059a9c543203ab3da69745fd90ac59
dbnd-aws-1.0.12.12.tar.gz,2023-04,benign,CLEAN,0,0,61,76,81271629ca2d1321450b523432c390794cfd996ff0d94611fe34464ccd749e86
dbt_feature_flags-0.5.0.tar.gz,2023-04,benign,CLEAN,0,0,56,76,3dcedd638cc1b908fadffd1fbb3870c69b88b4b344ba824851e98b6bcb309cdc
django-admin-site-search-0.3.1.tar.gz,2023-04,benign,CLEAN,0,0,62,76,00d926e3df72f62ec78ee1802bd16506ab391329c3205b77b9dd87522e0e7e63
django-snowflake-3.2b1.tar.gz,2023-04,benign,CLEAN,0,0,57,76,928cfe07c9e75e49a81f9a445064ee2c28d26f65d92521b2c31015fade813f4b
DLMS_SPODES-0.19.3.tar.gz,2023-04,benign,CLEAN,0,0,60,76,94479753afdb3b79b2a0a9bd993ebdb11b2f6ad0244e38e22a3b85a9dc499bcb
DLMS_SPODES-0.24.4.tar.gz,2023-04,benign,CLEAN,0,0,62,76,1d7ca12529087617963d3a13c6c6747b01daeaee4531750c359d9944820bc6a3
dxsp-1.2.4.tar.gz,2023-04,benign,CLEAN,0,0,62,76,8818f17fc984708844128c82315a7b9c0448909fe0e0f6e25d4c193775e2db2e
dxsp-1.4.3.tar.gz,2023-04,benign,CLEAN,0,0,62,76,faf5089e34a3a878ee33ec1397e062bf5fc0145af054027805386c5fe67f63e6
DyaGram-0.0.154.tar.gz,2023-04,benign,CLEAN,0,0,62,76,c7709fe85f7680489afe8985a9b403b69a9b7e21a05160ec64103315157ab7df
enum_properties-1.5.0.tar.gz,2023-04,benign,CLEAN,0,0,62,76,989f028864d5942c7207d94b56c7026fae20ff66691e36bb3757e5866ba36b6a
FlashGBX-3.23.tar.gz,2023-04,benign,CLEAN,0,0,62,76,32cd0e9c909a8c7375de50ca350a4075c98554d68c9f87981397fe6dc05e56a2
flytekitplugins-ray-1.6.0b0.tar.gz,2023-04,benign,CLEAN,0,0,61,76,aa4e1a1e1ef4add4db07c2fb80740823848be3adf8d959a63007611352e9112b
frccontrol-2023.29.tar.gz,2023-04,benign,CLEAN,0,0,62,76,67289e9a9c990f86d95dced09eea07826edf949cec7d700bfa436d9fc713f960
gTTS-2.3.2.tar.gz,2023-04,benign,CLEAN,0,0,61,76,7ce3ad698cbfae319e4fa4b4694fa1ba829a85a0946ee991f619c84c5a173db1
hdn-research-environment-1.5.0.tar.gz,2023-04,benign,CLEAN,0,0,61,76,6c34b73017af2e1bf294999a37e60b82eca82d2809d1ba592ded69cc386a8473
hera-5.0.4.tar.gz,2023-04,benign,CLEAN,0,0,61,76,b94774250e89d59fef62628b28ce0cb4dbf20cddcd3e9e07fef8e777caa66581
httpx_auth-0.16.0.tar.gz,2023-04,benign,CLEAN,0,0,60,76,28e8ed97e87467f801d7dbee1adbe2776721b7897fc58badd043b2408b012736
hugg-0.0.80.tar.gz,2023-04,benign,CLEAN,0,0,62,76,5c48694394cd8ce6c7f01fa07d84e78c99dde31ea81e80196d9c6e7556715443
iam_actions-1.2.20230412.tar.gz,2023-04,benign,CLEAN,0,0,62,76,0093248944aaffaa2a7ea848a25d13fc2d07ea4482f9d0e49637bc9ad631b8a6
jax-dataloader-0.0.3.tar.gz,2023-04,benign,CLEAN,0,0,62,76,983afb41f751458835beb545c8db4f274096dfe4cc85576bbadb069dffbdeda0
lektricowifi-0.0.25.tar.gz,2023-04,benign,CLEAN,0,0,62,76,9b008530c707f68442be6015c2e0d872e08e3c6f21c612e8bcf44b516f445795
limbus-components-0.1.4.tar.gz,2023-04,benign,CLEAN,0,0,61,76,2bd77a8b0fb6bf1258068129aa67806841165d17591e85739534eabd0e0d4309
lsst-ctrl-bps-parsl-25.2023.1500.tar.gz,2023-04,benign,CLEAN,0,0,62,76,1613694719cf412b981eed13b156f3d65c06ba005b5d7bba2c3554600e3bb310
maisaedu-poormans-dms-1.0.23.tar.gz,2023-04,benign,CLEAN,0,0,60,76,b6ab4d235ccbd1da255f8f81b4814b5b2af573d0f1544cadfe36b908e71e4d15
meshed-0.1.105.tar.gz,2023-04,benign,CLEAN,0,0,61,76,aa83d88f9035e48813bd07828b7c571df3a178353f2b4a91287fa477f831535a
meson-1.0.2.tar.gz,2023-04,benign,CLEAN,0,0,58,76,04abec81ebe5556179758cc3cdbd557116369b7814b5747acae42cf26a452871
metaphor_connectors-0.11.132.tar.gz,2023-04,benign,CLEAN,0,0,58,76,7d79b48c592bc9f02f88f0087eeef9d0426ac2151ec453f060381688dd46f44d
MotorDeCalidad-1.9.18.tar.gz,2023-04,benign,CLEAN,0,0,62,76,c3a8604913a8934d8d6f0e286645a72bb4ca9426e67d13ded6f91b61a96928fd
napatrackmater-3.4.0.tar.gz,2023-04,benign,CLEAN,0,0,62,76,f15fe9e5833377914765f5d992403b27992f383dd9ede75a945e5cb9e2313855
nbdev-scipy-0.0.698.tar.gz,2023-04,benign,CLEAN,0,0,57,76,51ed20c06b6af8f119d96e888ee7266cbc2d9909487400f9e093c294cba475cc
nbdev-scipy-0.0.703.tar.gz,2023-04,benign,CLEAN,0,0,58,76,4c05edaaad38247c9e40a9629dcfcefcc45ea74cdbf04ad0e0ce7fb3176f6be5
nbdev-sphinx-0.0.741.tar.gz,2023-04,benign,CLEAN,0,0,53,76,62bb91c5c68c42478667c42e7b236f2b1c49cf3e6107db696b9699523473f92e
neapolitan-23.6.tar.gz,2023-04,benign,CLEAN,0,0,62,76,d2de99c8f15e9f9bea70265556dd973b07e2f5c752eaf2106cb2277922aece32
nomnomdata_engine-1.1.73.tar.gz,2023-04,benign,CLEAN,0,0,62,76,973ac753122661942b310084fba4be690d7996f58642a674715260a739226998
not1mm-23.4.29.tar.gz,2023-04,benign,CLEAN,0,0,58,76,da68d51957dc75e8299cb0e7364f9079695aa06670f6fcddbed70bffba638745
notification_service_nightly-2023.4.29.tar.gz,2023-04,benign,CLEAN,0,0,61,76,c34077622215eb54b568caacae438dd4050cfabfce3c21764cb00df5ee9a3afd
open-aea-ledger-solana-1.32.0.tar.gz,2023-04,benign,CLEAN,0,0,62,76,6630d04b272484ced2327c022940387e7ab0e5f1d7754a7d12fac205fa1159d9
pcg_skel-0.3.4.tar.gz,2023-04,benign,CLEAN,0,0,61,76,15948b916dc2f18eb4edb5711ea120d5d2ed923e76f648ab75c498f267d31581
pepperize.cdk-terraform-state-backend-0.1.584.tar.gz,2023-04,benign,CLEAN,0,0,55,76,8c015f5249a1726bf6d1f9cd987d8e607b65b2da762e3f53a979a0e3a6aa69c9
pepperize.cdk-vpc-0.0.592.tar.gz,2023-04,benign,CLEAN,0,0,62,76,e74a07b4693514fe015a1f4a9b61cab9759c10cd113fa7804af4dfa8ca4fc4d4
petisco-1.14.0.tar.gz,2023-04,benign,CLEAN,0,0,62,76,51ce513366b7a166b68984d180549cb420d81cdf862109e0e49241e57ff95b0a
pref_voting-0.2.3.tar.gz,2023-04,benign,CLEAN,0,0,62,76,b7be52633c40ed03086a20598b6e028925ed1daf4c1b0109d6cf893c197f6e49
projen-0.71.3.tar.gz,2023-04,benign,CLEAN,0,0,61,76,83c5a7240765a16e4d7ce6147e63ccb482c6dcab1bf11164e7be9ee7f03dacf7
pulumi_f5bigip-3.12.0a1680909061.tar.gz,2023-04,benign,CLEAN,0,0,62,76,5fa60f4a40985d5ce65df717f831112b81e8a01ba7bbd319ae664dc2f8ff577e
servir-0.0.4.tar.gz,2023-04,benign,CLEAN,0,0,62,76,d881e5b6e3bba40c2fffb3a2366721f3617704274694ae6f59bd89a995f327c7
pydotbot-0.15.3.tar.gz,2023-04,benign,CLEAN,0,0,62,76,070a28d71d32ff3fba98376ab305b1a7fb44c92419ba958884b2495c60c12c41
pygwalker-0.1.7a2.tar.gz,2023-04,benign,CLEAN,0,0,56,76,adf071df810e74b2911bef0d5b191bcc5e5e06d94f62966bfc87befe80091fff
pymatgen-analysis-defects-2023.4.5.tar.gz,2023-04,benign,CLEAN,0,0,62,76,6771c667de5809eb351f86938eb18bb8b77d520e0968c41ce4fd51ee96952d68
pyobjc-framework-InstallerPlugins-9.1.tar.gz,2023-04,benign,CLEAN,0,0,59,76,52e3e3ac536bd627af126773ff2b756b6640afd8c524bb4f5852ad9804ff945c
pyschlage-2023.4.2.tar.gz,2023-04,benign,CLEAN,0,0,60,76,c9a4767ed234bdff9e7acfa371a2a3fc10638fe3a83392e5831f990d98b4a852
pyspellchecker-0.7.2.tar.gz,2023-04,benign,CLEAN,0,0,60,76,209cfa6825aeab0b22761fb4208c6d759d137a21c99041f753ecdbd2281c4bee
PyTimbre-0.6.7.tar.gz,2023-04,benign,CLEAN,0,0,56,76,ececcb45f49baeb01cbd3e507f69bd0470c1d9d28341fe5acb5520094628f0f6
setfit-0.7.0.tar.gz,2023-04,benign,CLEAN,0,0,61,76,4acbedae0493da90e3cacf9efab629b87fd06ceb0e23de2a2934f5b4a4a6f6f3
quantconnect-stubs-15386.tar.gz,2023-04,benign,CLEAN,0,0,62,76,f6f6edb3a2c16ed89f07d2bbdff91018cef419ceabe0973da5cc8d9f34483152
recordclass-0.18.4.tar.gz,2023-04,benign,CLEAN,0,0,56,76,04db485d5141c73a7fa8d5cfef8e1dc0d064d625a5457ffeeda682ab1d1727d0
replicate-0.8.1.tar.gz,2023-04,benign,CLEAN,0,0,58,76,afe5e37b9264261eed1b4cd970cab77a18cd48a47f16684292e528ac45436355
robotframework-ride-2.0.3.tar.gz,2023-04,benign,CLEAN,0,0,61,76,4e1ba509ed0f5d134d14f0ce690a632f78e9838c8f7fa387f3c978d4fb8512a7
satcfdi-1.1.6.tar.gz,2023-04,benign,CLEAN,0,0,60,76,ed626eb1f3bd2ce49439241c04d5a42773844e2ce01a21e99e1bb76e43f48769
scrapingant-client-2.0.0.tar.gz,2023-04,benign,CLEAN,0,0,59,76,637d98bece87e8adfc4721e36d0baa8398aad65511d546976be5a1a92ab9f735
shiny-0.3.3.tar.gz,2023-04,benign,CLEAN,0,0,62,76,3a40ed990df34d9639c38e687a8c0c19bb905c2db629c8b9668b7a6c20e71e58
Simba-UW-tf-dev-1.56.2.tar.gz,2023-04,benign,CLEAN,0,0,62,76,3affbdf75a188dfaee65e4c4d70d7cb85b3e27fef1814db922f016a1b1f52526
sklearn-pmml-model-1.0.2.tar.gz,2023-04,benign,CLEAN,0,0,62,76,fbcd06804fce290b5bbc9a13788be376f148fabb38bc4db92a9af72360475592
STEAM_materials-0.1.0.tar.gz,2023-04,benign,CLEAN,0,0,55,76,9533c3fd4bde6ff67f2b264d6683a6eac5b629b96f32ba21437f900404313583
strkit-0.8.0a20.tar.gz,2023-04,benign,CLEAN,0,0,62,76,ad4a85552590d83d1590f7bdd1665590964b8417b975426d18f94475e86978f5
swmm-api-0.4.17.tar.gz,2023-04,benign,CLEAN,0,0,62,76,a66b8010e55fcd3f737eec691ab8636b9dfa06dcf2996282ee1eb2e2fa8a6f28
tap-bigquery-0.3.7.tar.gz,2023-04,benign,CLEAN,0,0,62,76,e383c008d4b6c6817ea0e72b3ab12e6f2863dd76157624d5091da778243a9375
tapipy-1.3.3.tar.gz,2023-04,benign,CLEAN,0,0,57,76,904232deea8b2923a029d870ffd0e2621512d3121e3058fd6daf039c051d50cf
tccli-3.0.860.1.tar.gz,2023-04,benign,CLEAN,0,0,62,76,7aa475e1f7432e82d1287366e4203e8d6394db7b1be7a896ecb64dc0dd85c58f
tencentcloud-sdk-python-clb-3.0.883.tar.gz,2023-04,benign,CLEAN,0,0,61,76,bd99d98cae2c7c5e8f9a665d5655f03e6534243e23be34697410aa032422fd0d
tencentcloud-sdk-python-cynosdb-3.0.869.tar.gz,2023-04,benign,CLEAN,0,0,62,76,e618778c008eb46e70ee13573628bca9cf6ac2721d714017a3595153b328ea2e
tencentcloud-sdk-python-cynosdb-3.0.877.tar.gz,2023-04,benign,CLEAN,0,0,62,76,5a787085af375848b035fd68becf0ad113f1beaa4ad54394b44ccd1740f7801a
tencentcloud-sdk-python-dlc-3.0.878.tar.gz,2023-04,benign,CLEAN,0,0,56,76,60ed2df702add1b296f4fd991e0293294693f6dc79db0e8a4d56928bff3cb6ec
tencentcloud-sdk-python-drm-3.0.867.tar.gz,2023-04,benign,CLEAN,0,0,61,76,b08f584f3abc83985298c8de5e6b520f0720fbe72cfb842bd80b11f8d54e35ea
tencentcloud-sdk-python-drm-3.0.871.tar.gz,2023-04,benign,CLEAN,0,0,62,76,583bdd10adf31f916d3ad4b6aa276e22b9461593857b1b47578118583226f700
tencentcloud-sdk-python-ds-3.0.881.tar.gz,2023-04,benign,CLEAN,0,0,61,76,da1bf1f95f7c4ce0f50312fcacbd839cccfa761184c441b22809d6f4d9be5adb
tencentcloud-sdk-python-ecm-3.0.873.tar.gz,2023-04,benign,CLEAN,0,0,62,76,67d071db795a4e9fe2b2fd5b24c7f02313b0eda8596e2c9af2ee9f3ff2bebfad
tencentcloud-sdk-python-ess-3.0.870.tar.gz,2023-04,benign,CLEAN,0,0,59,76,c1151e952d504900c3b902ff72b949fe5ec5edcabef0e96f6e434cee77a43629
tencentcloud-sdk-python-ft-3.0.867.tar.gz,2023-04,benign,CLEAN,0,0,60,76,268bd95fe00a3cd65df9abd7e37280833468a4314f6099637e0872e48d36ab02
tencentcloud-sdk-python-goosefs-3.0.875.tar.gz,2023-04,benign,CLEAN,0,0,62,76,c07e6734b6afccd3a35b7307e5e1b0392d455e52c3f46f7f5df429efa1c4eb1a
tencentcloud-sdk-python-goosefs-3.0.876.tar.gz,2023-04,benign,CLEAN,0,0,62,76,6bd8a257600f601d5e211ff59ee6a30c5b4a9c60e82a37971cee6a86e699f214
tencentcloud-sdk-python-kms-3.0.884.tar.gz,2023-04,benign,CLEAN,0,0,62,76,b758d0351e8da29933e95d9239ac4cdb5eafdf35a4720cfc65af3f6af81a576b
tencentcloud-sdk-python-lp-3.0.867.tar.gz,2023-04,benign,CLEAN,0,0,62,76,89f834a5217d8fba525768f9c691739b07ff89e34a91d87b44d8f6ffd8ebece8
tencentcloud-sdk-python-tcss-3.0.878.tar.gz,2023-04,benign,CLEAN,0,0,61,76,9ae7f9c08776acc323122bb0abf211bbe913dc946ce3c4d42dd16a4cce5bf580
tencentcloud-sdk-python-tsw-3.0.880.tar.gz,2023-04,benign,CLEAN,0,0,61,76,d06d7d5327905ec7dc71710d88abadae54d1d7c38ac12df8775e5f9504c93bf2
textual-0.20.0.tar.gz,2023-04,benign,CLEAN,0,0,60,76,9760809f5baa8fefdf5ca356828281be78d591dd97e5f828de589e18a354c79c
TheSilent-0.0.306.tar.gz,2023-04,benign,CLEAN,0,0,62,76,56e1280e402669f051438612aabe70ac856af85512a1e548992afe9384747b00
titan-iris-0.3.20.tar.gz,2023-04,benign,CLEAN,0,0,56,76,ca0ce60f19ce26e555609f7814281e38effbbb4c44495b68fff0bf487f361143
tornado-6.3b1.tar.gz,2023-04,benign,CLEAN,0,0,61,76,2b5937bd2ec03ce85a04eb5cc6937cc1f587842faa22fc510c2aa9577a3e17ae
usgs-libcomcat-2.0.21.tar.gz,2023-04,benign,CLEAN,0,0,63,76,48e8ab5b045ff14f08fd5f029c33dc25e40116af8803e2f2320753854156e71e
vantage6-3.8.3.tar.gz,2023-04,benign,CLEAN,0,0,61,76,493597c6f3a1da49bfee1a2732e9db70e24c49505847898af2b3f5f9f18ed8fe
wg_utilities-3.0.1.tar.gz,2023-04,benign,CLEAN,0,0,62,76,edb429068ee353aebeda4f73f1ede3854c69e7b01fc97f97e973bceb3e19bb7c
wodoo-0.3.123.tar.gz,2023-04,benign,CLEAN,0,0,62,76,76960da8630118afa56d76599cf42ec2f9c87928d18103f728f35c641d198279
autogluon-0.7.1b20230528.tar.gz,2023-05,benign,CLEAN,0,0,61,76,aa1cadc99447ec992cd2fa7563ab57dde84cb1f8e6cc4c020d95a64d8a1ede9b
autogluon.eda-0.7.1b20230523.tar.gz,2023-05,benign,CLEAN,0,0,60,76,07bf21c9dafc9a9143e310c0551666bb33378494db78a4bd9306618b522526d2
aws-cdk.aws-iotthingsgraph-1.202.0.tar.gz,2023-05,benign,CLEAN,0,0,35,76,8b7057f3ac60e4b8fbea2b707448d69aefaa5ac9f1b74408e8196ab37d259ca1
aws-cdk.aws-lightsail-1.202.0.tar.gz,2023-05,benign,CLEAN,0,0,61,76,ffc8a1bdcdd28d037dd1c6b110b2576034d597ec7a0008468bcd5bfd0e4ffe56
bayanpy-0.6.9.tar.gz,2023-05,benign,CLEAN,0,0,62,76,fe61845ae372e85362464f50a0f3baec2a4ec008f8da1bd9489e962ff0f11734
bohra-2.2.1.tar.gz,2023-05,benign,CLEAN,0,0,62,76,a0401a98012b088982f3e1e354cd785147a5619959c8f911f6e6d7c943934da7
botocore-a-la-carte-apprunner-1.29.127.tar.gz,2023-05,benign,CLEAN,0,0,58,76,f55bd9c85c175319371a839cb061809cbae6570fa9be07d7d8b1f572e35549fd
botocore-a-la-carte-apprunner-1.29.133.tar.gz,2023-05,benign,CLEAN,0,0,62,76,fa2cd1a56046cdfc78c19f8621d454af78a49d38a9367f6a121a104de49c128d
botocore-a-la-carte-cloudcontrol-1.29.134.tar.gz,2023-05,benign,CLEAN,0,0,61,76,1482ccf4e2655e7e637737c04975a87fcf54e0b44bca05f8f41e1b13e41bec5f
botocore-a-la-carte-macie-1.29.140.tar.gz,2023-05,benign,CLEAN,0,0,62,76,6acff6686f86f21cac38cb491995614ea84934a7c7bfb789f5fbd6306953c7e9
botocore-a-la-carte-opsworkscm-1.29.137.tar.gz,2023-05,benign,CLEAN,0,0,62,76,dd0d26ef4f9789b004884cb423cf3165d13361d04377714e903771da61940fcc
botocore-a-la-carte-personalize-1.29.139.tar.gz,2023-05,benign,CLEAN,0,0,60,76,3a0006af136f85a152f27e0f72089a6109108c7b9cbf09b858832f4425dedc44
botocore-a-la-carte-pi-1.29.135.tar.gz,2023-05,benign,CLEAN,0,0,61,76,6f9174258f77a7a5c81a9f437b640b70ec156dea92b5598fe5701921d1a34f1e
botocore-a-la-carte-service-quotas-1.29.132.tar.gz,2023-05,benign,CLEAN,0,0,62,76,2c5ef517ca8451b717dc9dba61d5632acf37a186f9b445a07e85393b36dae5b3
botocore-a-la-carte-snow-device-management-1.29.129.tar.gz,2023-05,benign,CLEAN,0,0,58,76,ac351afa87233b11769d863f4ad3328960c279f0ca7e910c84be9af9b63fa21b
cbra-2.0.0a110.tar.gz,2023-05,benign,CLEAN,0,0,62,76,a586a5643f09ee60ef27c105bf7f852d7629406575cc691cfad4e76df41c7606
cdk8s-operator-0.1.103.tar.gz,2023-05,benign,CLEAN,0,0,62,76,7c1d0a751694d1ac24c2fc34999e7816ae93ed77c1189ba68096240ee5e023d3
cluedin-0.1.0.tar.gz,2023-05,benign,CLEAN,0,0,44,76,778ffafd980c94710df1f9413ffa786401d5b45e73f0babab36d522f2bb4f633
codecov-cli-0.1.8.tar.gz,2023-05,benign,CLEAN,0,0,56,76,ba2b2ccf7562855f0d099110c01ded1ad20f5f23560342e16f1724cf9bc96c6c
coredis-4.13.1.tar.gz,2023-05,benign,CLEAN,0,0,62,76,33b3cee7f094da5dd6329c4b05f0991312bbcd4488f94927476ebf37cbe6f4bf
cyberdrop-dl-4.2.14.tar.gz,2023-05,benign,CLEAN,0,0,60,76,575db964c0191f83a1eae3eeba6d879761fe37e1feb0ac8c1969b30464eb0e32
cybrid-api-bank-python-0.68.88.tar.gz,2023-05,benign,CLEAN,0,0,53,76,b46e067c6a13de34ebe1ceb70a080b7777e20ec95631474b5af3367e046bd508
cybrid-api-organization-python-0.71.19.tar.gz,2023-05,benign,CLEAN,0,0,62,76,a179c40d5f5e77052b7cc039b50a0c3b02d13c81824e98640a4dbe0c782931ff
datasketches-4.1.0.tar.gz,2023-05,benign,CLEAN,0,0,52,76,d1e458cb561b9e5110cde50d6224b1231b157aa2fc46ba01c4ae33d6cf5c8e85
dbt-impala-1.3.2.tar.gz,2023-05,benign,CLEAN,0,0,61,76,1519e27cffa82427e05fcc2a80528f45192507239f3de16b3bbaa67fb6b6e4e9
django_unicorn-0.51.1.tar.gz,2023-05,benign,CLEAN,0,0,62,76,5c78563170a04ed37a606487ef6c0591dd098aeb48d7851c8d86cb2468ab734c
domain-admin-1.2.22.tar.gz,2023-05,benign,CLEAN,0,0,55,76,c20b3e89d919ef97d905320da00f6133ade74c1e92e75c181e0fed9d9243a1e1
emrichen-0.4.0.tar.gz,2023-05,benign,CLEAN,0,0,62,76,683dafb1554bb42e26998325e433c3dea49f05f2838f6bd93c09214ce2ac05b9
eox-tenant-9.1.0.tar.gz,2023-05,benign,CLEAN,0,0,62,76,b1d25ba80f5228ee0f5a8cb7c69c88a4d9c0e8c38a40b459356ab90cb73d3e86
fake-bpy-module-latest-20230513.tar.gz,2023-05,benign,CLEAN,0,0,57,76,0bda5c2d378cf5f34157478b89fe6d58ac99dba64ab1f0b1c65297a872e1b33b
flash_attn-1.0.6.tar.gz,2023-05,benign,CLEAN,0,0,60,76,df10ee2db9944f4589fa7119a2025e076b48ddd2febb7aff54676b5694e5c051
georideapilib-1.0.0.tar.gz,2023-05,benign,CLEAN,0,0,61,76,7c7f8c6baa9992a64ebb6d9ded4ba1b279e778a202519b08fa10a9ba9deaa95f
hatchling-1.17.0.tar.gz,2023-05,benign,CLEAN,0,0,62,76,f8a1de623d0867377e710f8aabfe0a58bd46e09d301906e965512831b7536c6a
heudiconv-0.13.0.tar.gz,2023-05,benign,CLEAN,0,0,62,76,4741969848b8aee71f2c0d097a7e1af31517e2ddea880d13c17890a3b8e25208
ibmcloudant-0.4.2.tar.gz,2023-05,benign,CLEAN,0,0,62,76,8c4b80b5a4a1088c3dd91286d4ac0ddaada09a11f1422c97ba6fd4d14b0e5a67
mysql-replication-0.40.tar.gz,2023-05,benign,CLEAN,0,0,61,76,9f08a026c5776dc6cbc7a13f0d95acf4a89d143629a3a4e6695a6e4e56f4a881
OMIEData-0.2.0.0.tar.gz,2023-05,benign,CLEAN,0,0,62,76,6d312baa6d2463c257b57477ac4e19b716b1382e5fb0a149c9e93d8483a3f95e
openhexa.sdk-0.1.12.tar.gz,2023-05,benign,CLEAN,0,0,61,76,d65c66975458315330dd57e66b93a216e5658c1dbbc9296929b6b8ca54c08afb
openlane-2.0.0a20.tar.gz,2023-05,benign,CLEAN,0,0,61,76,24b14b761e31f07037bb3aea82bc4e844eced35ac2d39a9c6639b2896ea3ba5a
ovos-stt-plugin-fasterwhisper-0.0.1a1.tar.gz,2023-05,benign,CLEAN,0,0,62,76,f918c899c5d8c0ccac9c07203393d7cadd65c43aed86135a20221c02bd934904
pepperize.cdk-autoscaling-gitlab-runner-0.2.487.tar.gz,2023-05,benign,CLEAN,0,0,62,76,b88190bd2351135f6693459412a6b7a144b9afe9669b261b31bf388fd4143b1a
pepperize.cdk-github-0.0.510.tar.gz,2023-05,benign,CLEAN,0,0,62,76,2f3f197c7790076c075803638a3074f7ab81cc90bcb0b70695d034be01c869a3
pepperize.cdk-organizations-0.7.431.tar.gz,2023-05,benign,CLEAN,0,0,60,76,849b9760ae393277893936bd779525c2178cdcc7f9261d732e9dde54c434b9b6
pg-activity-3.4.0.tar.gz,2023-05,benign,CLEAN,0,0,59,76,a89357131519b843f4a5f2fa2996cd5dca3d0fca8013d821becb81bc2f872ac4
pg_bulk_ingest-0.0.8.tar.gz,2023-05,benign,CLEAN,0,0,58,76,9ec385b317b6a32589fd228c7ddf6b8d848cd15806dbb536c462b8aec251cc32
pulp_certguard-client-1.6.5.tar.gz,2023-05,benign,CLEAN,0,0,62,76,626465c8a8a157cfa7dcf5591c59a50f3a90669351e62d46de7544481b656986
py-dactyl-2.0.2.tar.gz,2023-05,benign,CLEAN,0,0,60,76,7db409e1702150bd312ee91e37b52a172190bcd7193e1740945968f791172358
pydoclint-0.0.2.tar.gz,2023-05,benign,CLEAN,0,0,62,76,64737cce645c2ce8a723fdc3809c74a2677325accd94f9c32d683f2ac29453e7
rime_sdk-2.0.12.tar.gz,2023-05,benign,CLEAN,0,0,60,76,8e823dfe53fd0dd5ca1f030c47d6f46fe4ee66f9b5eb23c82485bc3fd7b95ff8
sapiopylib-2023.5.5.134.tar.gz,2023-05,benign,CLEAN,0,0,62,76,971b0b6abb7602380a36f936a836f395d9cb20c3d1e0f372d3b28571667f644d
searoute-1.1.0.tar.gz,2023-05,benign,CLEAN,0,0,62,76,6661d15c3de7f46cecfcf8f73591693b66ef8658b4c57d4b8e77b722718fc52f
silero_api_server-0.0.7.tar.gz,2023-05,benign,CLEAN,0,0,62,76,7f73f2e6dc22785761e7a5d6a505f9d3793a213395976bea3f3155f4a3321b96
Simba-UW-tf-dev-1.59.2.tar.gz,2023-05,benign,CLEAN,0,0,63,76,a59ca0050d62cbad6450b2a18633d557e566d10ee0ecb76ee02b19007981e202
simple-git-versioning-0.0.18.tar.gz,2023-05,benign,CLEAN,0,0,49,76,44c4c5104433fcffc7e4b725f94ded0c30226f1950ae900c881df216e972362f
sliderule-3.3.0.tar.gz,2023-05,benign,CLEAN,0,0,62,76,f802b4b50bfc16ccb760a1093afbd945feff01a0fb9faa4533dd00cd80a15b1c
splunk_add_on_ucc_framework-5.27.1.tar.gz,2023-05,benign,CLEAN,0,0,56,76,70fbf84b2061c5b7842a8942b78db5679c6a9e96df941c7ba0227c77e00c2c78
swh.journal-1.3.3.tar.gz,2023-05,benign,CLEAN,0,0,62,76,c8d8660bc614516661dac8da0f82ca399d0ec4bf10b41d244661447c2bcd0655
t2d2-sdk-0.0.4.tar.gz,2023-05,benign,CLEAN,0,0,62,76,ce75b27bcc3a968f44395fff562932effb47799c43304a4835a41287994d0dbe
tcia_utils-1.3.2.tar.gz,2023-05,benign,CLEAN,0,0,58,76,2edc8da64a4a303da0a2d34ba7b06e5483e6fb51941820452ec9f1d44a756b16
tencentcloud-sdk-python-dbbrain-3.0.894.tar.gz,2023-05,benign,CLEAN,0,0,62,76,3dddf38f341a31aa4283cecd21c99c70ebddcce4f4e130c1105b7381792bc2ec
tencentcloud-sdk-python-iir-3.0.897.tar.gz,2023-05,benign,CLEAN,0,0,62,76,586e784949ed55ca04ca080869b69b2f754d47dcad5a5358e5bc80d05263ac09
tencentcloud-sdk-python-mariadb-3.0.902.tar.gz,2023-05,benign,CLEAN,0,0,62,76,b03cd8f0a373bd35ebc16103f056554cbdb083b83c100d61be3c384770c14e11
torchdatasets-nightly-1685404999.tar.gz,2023-05,benign,CLEAN,0,0,62,76,87e2e0d1b7f3c1aa48b101b4272fb8da61fb651e65de73ee0b1d356c51873034
torchxrayvision-1.1.0.tar.gz,2023-05,benign,CLEAN,0,0,56,76,afcc614f204efcbd6a6208145bf7680b856b1ebb98f8c2346f59a1d74fb4b6a5
uplogic-1.9.1.1.tar.gz,2023-05,benign,CLEAN,0,0,35,76,b75feb81e37741e508417617c21bb73f8c7c4c4b8ed91af07a1c4d5a50977148
vector_vault-1.0.0.tar.gz,2023-05,benign,CLEAN,0,0,53,76,3b11db97a2da99f3ee07595cfd7472573ebdd66578e4fd66e6e0209e9a988cab
weaviate-cli-2.2.0.tar.gz,2023-05,benign,CLEAN,0,0,60,76,230be1c3f48ef61bfab7d384143bc6ead4c2b3124b3421c40c0cb67a875c081e
web_foundation-3.0.27.tar.gz,2023-05,benign,CLEAN,0,0,62,76,f0b12dd2ba261e9f9be16671c67ee75b21df2fe418804cc01bbb96152099b1bd
wistiapy-0.0.11.tar.gz,2023-05,benign,CLEAN,0,0,61,76,c274e7e26d09e5270b0fe8be81dc484b027ffa5c7643db0c2d47a35575f2440c
yatl-20230507.3.tar.gz,2023-05,benign,CLEAN,0,0,61,76,c2ea01c95c16a4cde49233444dc52dd60d64cf51c30dcf22ec996848423e91d9
aws-cdk.app-staging-synthesizer-alpha-2.83.1a0.tar.gz,2023-06,benign,CLEAN,0,0,55,76,52dc6101869b6db63fcd1803f00029b61108367227e727d3ec89523786c6861a
aws-cdk.aws-codebuild-1.204.0.tar.gz,2023-06,benign,CLEAN,0,0,62,76,420843f0e0373cd6c0786579aa78f4f23df6f041ce8ff337e8a53744c0adf1ba
botocore-a-la-carte-eks-1.29.157.tar.gz,2023-06,benign,CLEAN,0,0,62,76,2421c23890f85fdb12db519f193583d1297af1444618780eb3d9942dc22b279c
botocore-a-la-carte-elasticbeanstalk-1.29.144.tar.gz,2023-06,benign,CLEAN,0,0,45,76,e92f636fa97440748046d273c337fdeb84377663ae3f72b1af197f3f1347db66
buteo-0.9.15.tar.gz,2023-06,benign,CLEAN,0,0,61,76,279b15c6c3ba831f5d7609e2a18b286772fb3de86a3135aa2c65bed473cb48d9
cdk-hugo-deploy-0.0.215.tar.gz,2023-06,benign,CLEAN,0,0,62,76,ff5aca16e21740e87f422a0410a37cf06a806c1b42694a81f19891ef9687fbeb
d20-orm-2.0.2a15.tar.gz,2023-06,benign,CLEAN,0,0,62,76,3eedb5ac86e7291b414b04a489c04e94687f93f4389a40347fd09b356ab6454d
harlequin-0.0.13.tar.gz,2023-06,benign,CLEAN,0,0,62,76,44c715de7114ef483a2cdaa948bfeb29f8ef0fddc59ec7299fe287237649d237
kombu-5.3.1.tar.gz,2023-06,benign,CLEAN,0,0,56,76,a651a6a4c76deb7e6fe857f91f257e13541f2ec5814b759d049d9c3bc046e468
lbt-dragonfly-0.10.143.tar.gz,2023-06,benign,CLEAN,0,0,62,76,80b2922430d57855d326b0de45f0c9c19951613d7928bc72f948cd1a2fd19f99
oceano_algos-0.0.183.tar.gz,2023-06,benign,CLEAN,0,0,62,76,480551eba7246453e70dc37bf05fdce8f98a635bcd9e28e8cbafbb69943e8f24
oloren-0.0.29.tar.gz,2023-06,benign,CLEAN,0,0,50,76,7b679e34e57cb019af8c3f3d65e603d531c082853eff8edcca68d7cccef2d1ab
prefect-aws-0.3.3.tar.gz,2023-06,benign,CLEAN,0,0,62,76,6a1f54bbee2e4a36a08e86609bbe21665358a9f4b18771f48880b93282761ade
prisma-0.9.0.tar.gz,2023-06,benign,CLEAN,0,0,54,76,94016fcb1f87af9fbe602275e3f3108538026f8de9b4e31558635be30ea95410
pyasyncore-1.0.1.tar.gz,2023-06,benign,CLEAN,0,0,60,76,76b60094eace8d87bc7161022cede761411be9b61812824a040d92ebe48a7440
redis_benchmarks_specification-0.1.72.tar.gz,2023-06,benign,CLEAN,0,0,57,76,f8c848f241131149601031b9811e1b411fa94f64fa7e86efac1ea277ad7a95c6
robotcode_modifiers-0.44.1.tar.gz,2023-06,benign,CLEAN,0,0,57,76,74110757998b02246d1fb5e3ca2b1020febbcbdbb73edccbc181e83d59cbd731
snakemake-7.28.2.tar.gz,2023-06,benign,CLEAN,0,0,61,76,031ed930c0dc2aaf5f3c107c8bb7ff93f190b87430296732fe0ea8abe2f4f46d
steam-sdk-2023.6.20.tar.gz,2023-06,benign,CLEAN,0,0,63,76,ee67817dd61421b9782f35ba403b6e465e01bd32925e377266bc7098e3c6c76d
telectron-2.0.106.1.3.tar.gz,2023-06,benign,CLEAN,0,0,52,76,e50dfde5339304ba57ce750bd9e8a0a2ee176be0f4390b3474a91803c60c9cc5
tencentcloud-sdk-python-bmvpc-3.0.907.tar.gz,2023-06,benign,CLEAN,0,0,62,76,91d83f858a93625332c4c09a37cf3f1cf142c0f0f195ec1ee3090c387c7f8cdc
tencentcloud-sdk-python-tms-3.0.914.tar.gz,2023-06,benign,CLEAN,0,0,62,76,742b8ffebe6ba508f0031b41fd3cf7f73dd72905364fde56357a9c945fce0f0e
xlwings-0.30.10.tar.gz,2023-06,benign,MALICIOUS,2,0,60,76,42bd7781ae87587caaf1e9ed722e62c677a1d0e1a7f6be8cbc8670b19c0d689e
airbyte-cdk-0.46.0.tar.gz,2023-07,benign,CLEAN,0,0,59,76,de74d2f041de5923fd2e99b4c218ee4d434ce06e61727135d731741c9b71f8f3
AnyBlok-2.1.0.tar.gz,2023-07,benign,CLEAN,0,0,62,76,2e1b57f9364b3ce120660b4fdd10148a6c1aa6c8105d36a04f189779a9720688
benchling_api_client-2.0.191.tar.gz,2023-07,benign,CLEAN,0,0,58,76,faa05741ed496fd2181b0a52ef08d8d247812a832affaa32bc2a687916572aa1
botocore-a-la-carte-iotanalytics-1.31.13.tar.gz,2023-07,benign,CLEAN,0,0,62,76,d5b4256361c4fd2420d5314bf766bb5fb74a973764573a7ec4387f0758fa96c4
botocore-a-la-carte-iotfleetwise-1.31.11.tar.gz,2023-07,benign,CLEAN,0,0,62,76,e9fbf1395c0616fd257a721fca8fb76b8d35b023797100dbba28369989c17faa
botocore-a-la-carte-license-manager-1.31.9.tar.gz,2023-07,benign,CLEAN,0,0,62,76,29a90a323156495ce7942797389e11e8c5903e8807c9cb027651fdee73b8a27b
botocore-a-la-carte-mediapackagev2-1.31.12.tar.gz,2023-07,benign,CLEAN,0,0,62,76,57de235e903268fd1cf0d5f30c2b92fb900b7bb002abd9c0a477ff2fd14a4ddd
botocore-a-la-carte-mobile-1.29.165.tar.gz,2023-07,benign,CLEAN,0,0,60,76,7b270b326bd7904cac467fbdbc08ecd4a217b14552d7ede45f3bff6634784d03
botocore-a-la-carte-qldb-session-1.31.9.tar.gz,2023-07,benign,CLEAN,0,0,62,76,da5c1ff0e7f1eb1e314df4fb2e4cbdfe623778ecf9460a8cbd59216fa3fba4e1
botocore-a-la-carte-sms-1.31.2.tar.gz,2023-07,benign,CLEAN,0,0,61,76,7fe5ca0475f474a10a70a02e3084af72fe0e7772991b4d10a2cc9ee6cc241ac4
checkov-2.3.338.tar.gz,2023-07,benign,CLEAN,0,0,61,76,67e496c5f3ae1e7cb65d670431099b5488980c3f03e25589cebc91211f5413f1
consolekit-1.5.1.tar.gz,2023-07,benign,CLEAN,0,0,59,76,5f5f84ce610c6cd19a6bf117d893db418265a1fdab06b4ac05ac05dedc91529c
coola-0.0.15.tar.gz,2023-07,benign,CLEAN,0,0,60,76,ef1f8c13e27ef3463595345b9b1e792b0da9df349b2de76432f5b00ffe65c968
desc-opt-0.9.1.tar.gz,2023-07,benign,CLEAN,0,0,62,76,f8cef3ecb08ece501cf10de1e2bf9d9663359c43d2cf439a2f57f147a1e8e92a
ebbe-1.13.2.tar.gz,2023-07,benign,CLEAN,0,0,60,76,c7f69578da3d963075d9484833b99a4aa7ee3d0ee64abc70bef49548255a865e
ecoengine-0.0.16.tar.gz,2023-07,benign,CLEAN,0,0,61,76,2b9fd5ad859fab5ff520fce521329b0b6a28dbf91441787a80b9a31403321571
fastapi-cors-0.0.6.tar.gz,2023-07,benign,CLEAN,0,0,62,76,a05ed6ef94e7251deb8b7ed8a08668153c98d7336d2a256cc511402519c13d5b
google-cloud-billing-1.11.1.tar.gz,2023-07,benign,CLEAN,0,0,61,76,48bd1f1febe678f5bdffd9730388ba5282559b1e87a0ec5a8b9add68f065709d
jupysql-0.8.0.tar.gz,2023-07,benign,CLEAN,0,0,61,76,f8f8a5115f7d69ae2261bc10f86957b00fd241c6f5dc494f4cf3004aa45e1a47
lollms-2.1.18.tar.gz,2023-07,benign,CLEAN,0,0,62,76,dc332a5b449d13ce915831f89cb12846811fb709dbb2dda1cb51bd837e718b7d
lumibot-2.6.8.tar.gz,2023-07,benign,CLEAN,0,0,59,76,325563d7929d6033fc0be3a0d0f029d90a56eb7dedc57747c5aeac4c9f5e4143
luminesce-sdk-preview-1.13.181.tar.gz,2023-07,benign,CLEAN,0,0,60,76,d355738a5b8a652a0517c9e93a82b5ecfa3139c042f6c1b12d2d0e38b01169b0
lusid-workflow-sdk-preview-0.1.330.tar.gz,2023-07,benign,CLEAN,0,0,61,76,1f1b9f0121207e1d5be5572fd188fdcaffc21b10ac5b8e7e5af936f180845e0f
metal_python-0.22.8.tar.gz,2023-07,benign,CLEAN,0,0,62,76,5417b60dd7a0f2a42ea2e8b1613ca67ead00c5d702b7e7e1cc62fbe94c327d76
mypy-boto3-customer-profiles-1.28.15.tar.gz,2023-07,benign,CLEAN,0,0,62,76,b70724fa0af49c9a14e0ccaaca20c62c2d6962dd6de8782471cbb99eed9cd2a3
mypy-boto3-ivs-1.28.4.tar.gz,2023-07,benign,CLEAN,0,0,61,76,8dfa82a0b878674ca96ef43962bf022889654610555b8aecc7ffc40fbc2c7db3
mypy-boto3-kinesisvideo-1.27.0.tar.gz,2023-07,benign,CLEAN,0,0,62,76,27bd0533f8a343a87e4eb4841153af815386413a4944b567749d3662f21c262d
nbgrader-0.9.0a0.tar.gz,2023-07,benign,CLEAN,0,0,62,76,1ac45c9e92b04ee04c80f88a938bc5288e0fe90a19a94679590fb9b1ea1a177a
pyabc-0.12.11.tar.gz,2023-07,benign,CLEAN,0,0,62,76,25342cecc5226efdc6d0bb9a7fa424a47ec6aef52aacfa230c96565af3c1fe0a
tencentcloud-sdk-python-memcached-3.0.1109.tar.gz,2024-03,benign,CLEAN,0,0,61,76,f949c0eed88db4f05468fcd29088da27de121ecf3434564c1324e56015f7a01c
pyclarify-0.6.1.tar.gz,2024-03,benign,CLEAN,0,0,62,76,a1db896aac3ccb534a5675bd155783288831496bef054f2ca6fca432d36f54bf
PyPDFForm-1.4.14.tar.gz,2024-03,benign,CLEAN,0,0,62,76,3a04ea2b29d5fdbf235011d73e5d0f6dab6f1029547fe2d66f5786405beb54dc
botocore-a-la-carte-finspace-1.34.61.tar.gz,2024-03,benign,CLEAN,0,0,62,76,99772f1b8094b9e0cff9324375f8f16207fc3425b8859cdf77b6530381ed4154
lhpapi-1.0.0.tar.gz,2024-03,benign,CLEAN,0,0,61,76,a0c69040db402a152a3b9f9e339d610d3b3a778a110a6289c1142a8102b2e325
quantstats-lumi-0.2.0.tar.gz,2024-03,benign,CLEAN,0,0,61,76,d6e6c85ba73011384ba7b05264ac8e1c3203f973831a3eaba88cc1546ed3a03f
tencentcloud-sdk-python-habo-3.0.1107.tar.gz,2024-03,benign,CLEAN,0,0,61,76,9ceb1a6f3fe72691ab588ccd8640de2713cd55d475e9a04849d4691dcca5238c
fyodorov_llm_agents-0.2.118.tar.gz,2024-03,benign,CLEAN,0,0,62,76,8cccd5d7d47bed6f50d50430b487f6961d5062e458759c53d2a9ec98636117a7
paper-qa-4.5.0.tar.gz,2024-03,benign,CLEAN,0,0,62,76,04eea45705f5bc3b479cc9d81047cbc88fb11760a31a5a5505ad03352981f03e
botocore-a-la-carte-textract-1.34.55.tar.gz,2024-03,benign,CLEAN,0,0,61,76,bb15552cce7e6ab5da62ebe113e2181a0ae5739b2dc87c26db9fff65495cd812
synch2jira-0.0.88.tar.gz,2024-03,benign,CLEAN,0,0,62,76,30d155b96c86af62837a40597f3c7626966c378970b9e5b54708eebcd771765a
botocore-a-la-carte-cloudcontrol-1.34.64.tar.gz,2024-03,benign,CLEAN,0,0,61,76,2e0dddaab1172fa7f54becc417a3dce1e80d81d192505de68e9fd9e3954aa6f9
botocore-a-la-carte-eks-1.34.57.tar.gz,2024-03,benign,CLEAN,0,0,61,76,e126d6a28379355b93219346bbe2b559935414a0791f9d93bc347651b54718d3
resampy-0.4.3.tar.gz,2024-03,benign,CLEAN,0,0,61,76,c55cffb987e556ecf82f2d2706700d6bf57d93d07cc4662258795ad0c4bace9a
botocore-a-la-carte-dms-1.34.67.tar.gz,2024-03,benign,CLEAN,0,0,62,76,8c7ae9668eeab32a264932884ff278f43feadea03c232e283c6974f6faf253bf
botocore-a-la-carte-emr-serverless-1.34.65.tar.gz,2024-03,benign,CLEAN,0,0,61,76,b763543736dc56e8e37ee05eeddfa6ba943199b7c343fc76cfb9593056d81e20
botocore-a-la-carte-fms-1.34.60.tar.gz,2024-03,benign,CLEAN,0,0,62,76,1b9ec6bedbea1aa196d89b21a1287528697377f5d912964ea993112778cb0573
pandas-plots-0.8.15.tar.gz,2024-03,benign,CLEAN,0,0,61,76,7c014951397d8c541cc6aa4c62358b0ebe69700481fdc940a52aef6fc037d2b2
vantage6-client-4.3.0.tar.gz,2024-03,benign,CLEAN,0,0,60,76,74b58ebd588d76a6759d58ccc6290c55fbd41072406c9f0cc54a8d15c9b96c7f
botocore-a-la-carte-budgets-1.34.62.tar.gz,2024-03,benign,CLEAN,0,0,61,76,89f5aaf2606c4807a4c8a6cec114585b322ff57944859db27945c6b014de59e4
mecord-cli-0.7.32.tar.gz,2024-03,benign,CLEAN,0,0,61,76,d523d306693ef6eb46781a1f057f335c74ba7631ba61bc6047402521c18be227
moodle-dl-2.3.2.4.tar.gz,2024-03,benign,CLEAN,0,0,62,76,e1ff762ae6d8b27ac0d8e0f2449bbda93f0a100f19ea85d202ef86d0bebe63d7
tencentcloud-sdk-python-tiia-3.0.1111.tar.gz,2024-03,benign,CLEAN,0,0,62,76,0ab9e0c4aafdb31802f4ed19901bb89071311d186817d02f4a4ace21d1a69031
wizata-dsapi-0.4.46.tar.gz,2024-03,benign,CLEAN,0,0,62,76,8828d8867991c7b1ce6f32ca5ae416ac6a5077e29734e7b3f063994938a46996
cloudoll-2.2.1.tar.gz,2024-03,benign,CLEAN,0,0,62,76,8d52e31c40d8b52bb33d3cdd77a500584787eb17a6f8a1b4fabb6ee612689931
robotcode_core-0.78.2.tar.gz,2024-03,benign,CLEAN,0,0,62,76,f3e63c10ce7ec86e978fc02311cca3f4361c8df44f9dbc59c902de91575f0e2d
mitoinstaller-0.0.296.tar.gz,2024-03,benign,CLEAN,0,0,62,76,55c6cc7334f4f5a5680d704c47d5ab49a903fb01ccb4257dbc092fdb4a84f761
swh.objstorage-2.9.1.tar.gz,2024-03,benign,CLEAN,0,0,62,76,b065bdd88bf322f49b0a65578b946e96d5457b25f5063abc51c7a6361425c65d
parquet_tools-0.2.16.tar.gz,2024-03,benign,CLEAN,0,0,62,76,339691a62f8aa2f1d6bfd1c5866e3b99da42398f4780384802fc5587cf902ed8
ddtrace-2.7.5.tar.gz,2024-03,benign,CLEAN,0,0,61,76,52224d33dfd1e6dd245e50487d309f5caef5409e32d701f602cf5b0274e8494b
rigging-0.1.7.tar.gz,2024-03,benign,CLEAN,0,0,61,76,bc3f237183e4bb7a71da6e39b886d302de0e236b072d9ec94cd4f9240242c0c5
spanishconjugator-2.3.7373.tar.gz,2024-03,benign,CLEAN,0,0,62,76,1c37f83f38414f6a3c7a37920ab83df3afdf07f53b8aa402d17884fe36f32d46
openbb_quantitative-1.1.3.tar.gz,2024-03,benign,CLEAN,0,0,49,76,712ebd33d6de89ef64f24c7e6b33b8a2708da35267e90d0a176123c2af8ea850
v4-proto-4.0.0.tar.gz,2024-03,benign,CLEAN,0,0,62,76,2d498816c6a14e60f44eb38523bbf88011877d57299f658484a20558122d5774
tencentcloud-sdk-python-antiddos-3.0.1111.tar.gz,2024-03,benign,CLEAN,0,0,54,76,eaed6124322c5ef722eed03949c3f8b179d541641bd9cba27191c305026efa9f
botocore-a-la-carte-ses-1.34.57.tar.gz,2024-03,benign,CLEAN,0,0,60,76,56d684ec667c9667a3dcbff6cee1c25c54e185993210f9ec2952db94cc59bde3
kolla-ansible-17.3.0.tar.gz,2024-03,benign,CLEAN,0,0,62,76,65564643e9d37427c59325c63b819e03e7f4d9634d61050a55d911edff6a0e10
botocore-a-la-carte-wellarchitected-1.34.72.tar.gz,2024-03,benign,CLEAN,0,0,61,76,7216ba72df12d35153610849e20412857aa9deca68787751ec12951ff04901a6
chromedriver-binary-124.0.6364.0.0.tar.gz,2024-03,benign,CLEAN,0,0,61,76,2dbc1c667c36d1cab7ae96abaf5c6261c707fc971bb6a59ecccde968dce39ea3
types-aiobotocore-ec2-2.12.1.tar.gz,2024-03,benign,CLEAN,0,0,62,76,a6d9c3b800e1733e5b09e5f7e37ba6e77f3fa51fbf0a1564cb7ef1448802caf2
izio_cli-0.1.93.tar.gz,2024-03,benign,CLEAN,0,0,62,76,12590b6459c712c8568f0b6b32058703fd1aff79ece77376f4456bc3d9787599
fyers_apiv3-3.0.9.tar.gz,2024-03,benign,CLEAN,0,0,61,76,b871eb0975e98f129f05dbd659eb2e6614163e7476ee0b9928fb62db14f059a0
botocore-a-la-carte-iot-1.34.57.tar.gz,2024-03,benign,CLEAN,0,0,49,76,b1763269fdcbdbe98cba11f8750bcfe060c005918aff12c80d4a01411383e829
botocore-a-la-carte-connectcases-1.34.70.tar.gz,2024-03,benign,CLEAN,0,0,62,76,f6a81ba52e27c575b426c9d3a25fdd37bd7a47528768f5b7d13899d9b44e8bf2
watchmen_rest-16.6.13.tar.gz,2024-03,benign,CLEAN,0,0,62,76,9c56d6112992c933a1fc26e832c25f7ca75430b2d799024f837aaf4a30a1ba9a
finbourne-access-sdk-0.0.3756.tar.gz,2024-03,benign,CLEAN,0,0,62,76,c2f3c73947ded6595dd4e5338960694fa5196ee8abc3778ce1cfa373b48d322e
botocore-a-la-carte-license-manager-1.34.66.tar.gz,2024-03,benign,CLEAN,0,0,62,76,81ada66d6044bad38bb2d8178715409f73bb8a7b8d8ac27de78b381d4821f295
pyway-0.3.24.tar.gz,2024-03,benign,CLEAN,0,0,62,76,49e9b3223cba144b3a04951ae9bba425edb2073c6e9f52b3390ccda387427870
botocore-a-la-carte-backup-gateway-1.34.69.tar.gz,2024-03,benign,CLEAN,0,0,62,76,3ef2f6335eae7b9bf0f0457c02deb8d1e9e326c5f47ea009e93031d5fe17a506
chift-0.1.49.tar.gz,2024-03,benign,CLEAN,0,0,62,76,c4535693e175e7cbf6c0de02e61a58632c78e8b84ff112f96a43cb3861612435
pytube2-15.0.4.tar.gz,2024-03,benign,CLEAN,0,0,59,76,d4f4ee6db2d27a988c7a94d140129b364a234fa4c9ee85e0160a89ce63149835
impetuous-gfa-0.101.13.tar.gz,2024-03,benign,CLEAN,0,0,62,76,5cc2a69c973ab61fab593705259a32d3756a71cf7a7d30ae9f1826a7f8d67240
commonX-0.6.12.tar.gz,2024-03,benign,CLEAN,0,0,61,76,94926e77514038de71418cc1cdfb0f568a34697b53df833f2c0aeb35903e040f
botocore-a-la-carte-bedrock-agent-1.34.68.tar.gz,2024-03,benign,CLEAN,0,0,60,76,eb36320a04d7bdee94f4b7f9f4dcf3b1e335db2133705b41983336414bcee1ae
tencentcloud-sdk-python-npp-3.0.1110.tar.gz,2024-03,benign,CLEAN,0,0,60,76,2946139f3b1347d629067b297fef2b8cfc0cb5da77d30d32dca23e2d91654af4
botocore-a-la-carte-sdb-1.34.73.tar.gz,2024-03,benign,CLEAN,0,0,59,76,e5e7d30943e594b48e46ae750e813fed234c632fff323c165a11a3f267ddfbb1
ivy-0.0.9.0.tar.gz,2024-03,benign,CLEAN,0,0,62,76,2a151737aa068d1d83846d01bb9f12a68ee52be134c50484007cc7c58b28f3be
botocore-a-la-carte-lightsail-1.34.65.tar.gz,2024-03,benign,CLEAN,0,0,61,76,56942a37a098185f9f56a62426a2eb610dfc34d4b5ba2b4ab05df2305507a38f
pylode-3.1.3.tar.gz,2024-03,benign,CLEAN,0,0,62,76,5da1b37bf1f07da8aba69b8ad51fc0f24cf3727bacc3eb0e546cfb4812f26d21
dipdup-7.5.0.tar.gz,2024-03,benign,CLEAN,0,0,60,76,0c1b4a7ccad192284b3918d947a00cb4343c5307415821ba9ead8a1891cd50bd
tencentcloud-sdk-python-cdn-3.0.1119.tar.gz,2024-03,benign,CLEAN,0,0,61,76,aa5722160be35ff2faf088c9e3b8d15e7dfa0cd888bc51138b192315ee845d39
intake-2.0.4.tar.gz,2024-03,benign,CLEAN,0,0,62,76,576fdcdcb3fc2c41cfba9c900ca2e637c40ac50b2cda69160669c431955d9eb2
posthoganalytics-3.5.0.tar.gz,2024-03,benign,CLEAN,0,0,62,76,cae7479f4e634b41bee0e48c26a92dfb154743c34fbb65e5a1726efc79c33ab5
pynintendoparental-0.4.10.tar.gz,2024-03,benign,CLEAN,0,0,62,76,e214099bb2a359ef0884aef435d21119bb8819112f7ed39308fe0f7cc8b5683e
lbt-grasshopper-1.7.56.tar.gz,2024-03,benign,CLEAN,0,0,60,76,6fd592ca8fb462d934134248ff9ef34cb7a286141120c21c3eca57056bebd556
langtrace-python-sdk-1.1.15.tar.gz,2024-03,benign,CLEAN,0,0,61,76,cdfefb6c20fe0fddd51f2123040990221750c0b9a43b0efb306a74d673071e8d
mpltern-1.0.3.tar.gz,2024-03,benign,MALICIOUS,1,0,60,76,5eaa035439c356b219ad71f3e827e60543fec843b98a37c48b770c023ff80449
tencentcloud-sdk-python-redis-3.0.1112.tar.gz,2024-03,benign,CLEAN,0,0,61,76,25e7f58270be3e1869550e237152b8aa932c69d98602cca3f60471a9e54a6947
increase-0.41.0.tar.gz,2024-03,benign,CLEAN,0,0,61,76,3f415150e4baf1d60166229e88fc92d07ffc8ac09b6366c5df1724a25bb4eb53
alpaca_py-0.19.1.tar.gz,2024-03,benign,CLEAN,0,0,62,76,8900df173fc4edd51d9405513d67f7d3ed05616704665bdf099a6b2b4573410a
langchain_googledrive-0.1.30.tar.gz,2024-03,benign,CLEAN,0,0,62,76,a8954e540d394ef298be7fcf7f50c5832a031be9224a81d13bc2c7b62cf8e19a
tmnt-0.7.46b20240326.tar.gz,2024-03,benign,CLEAN,0,0,62,76,cc17050d98455a2caf169f7ffb9ecd69f862c73c3e02f55f473fca4efd5c16b4
pyobjc-framework-OSAKit-10.2.tar.gz,2024-03,benign,CLEAN,0,0,61,76,d74709ca7fae6307f6d97bdbd93292ac16b23e2fb69ae9eee0ae320c4cb85116
narwhals-0.7.3.tar.gz,2024-03,benign,CLEAN,0,0,61,76,cd68ddbc1089f6891ac8e83a6ca88222b3b6ece576d52741b13841beb5e29a9b
botocore-a-la-carte-qldb-session-1.34.68.tar.gz,2024-03,benign,CLEAN,0,0,62,76,d48193cd2b628280095e69175562b449af297cecaab2d65fd8be20eb5063dbaf
altscore-0.1.85.tar.gz,2024-03,benign,CLEAN,0,0,61,76,b9aeac869be22d1abbf19ce8c872eb1cd978b1574281a41c6ee847cffe93ff93
botocore-a-la-carte-ecs-1.34.74.tar.gz,2024-03,benign,CLEAN,0,0,61,76,002db058a0285651b05423ee4ee8e7eebe3f440ed35fdcde0f2993af1509cfff
botocore-a-la-carte-route53resolver-1.34.73.tar.gz,2024-03,benign,CLEAN,0,0,61,76,120850f7c170da0b0c846c730df880a1d32aeb3fef7aeaadcf6a96dc3f81a5f2
npc_lims-0.1.132.tar.gz,2024-03,benign,CLEAN,0,0,59,76,47a8b1158d12e0e2f4ad0e0c8ba57994804a1fe0c5345c92d90dc3178ca0c5a0
sunholo-0.30.7.tar.gz,2024-03,benign,CLEAN,0,0,61,76,323d30094e72f10139e103ae395b5d5aa4b45bbbf0c53bea56a12a484ef29dc3
botocore-a-la-carte-verifiedpermissions-1.34.62.tar.gz,2024-03,benign,CLEAN,0,0,60,76,93e6a78b41422393ca6abd07f66f2aee401a8130eb3a5fd2fa501694b970e8d4
cdktf-cdktf-provider-upcloud-14.1.0.tar.gz,2024-03,benign,CLEAN,0,0,51,76,18f70929954073b2509b55d1daacd068be723b24ac7c7d3f19f0160afed1eaae
syft-0.8.5b5.tar.gz,2024-03,benign,CLEAN,0,0,62,76,2377ff944f812f5a80596b29bb0d12c21c3c08dacd8f11bc2b96e28e6177656f
aiosalesforce-0.5.4.tar.gz,2024-03,benign,CLEAN,0,0,57,76,1d9346806cb55cabab5a5dda31975c20937485a01dd2bedca44c5ac4458ff840
sampo-0.1.1.319.tar.gz,2024-03,benign,CLEAN,0,0,61,76,8390d3a608d0297d4cbeedb01bef25eeb005cc1846c9a50ca8cfa14c4e2491ef
riscv_config-3.17.1.tar.gz,2024-03,benign,CLEAN,0,0,46,76,51850021fc2ee4fac129cfbfd26549ffa2149163a64519bd538dda7704684618
botocore-a-la-carte-cloudsearchdomain-1.34.53.tar.gz,2024-03,benign,CLEAN,0,0,62,76,81e8191636e924434406e1093126f67ee220d8134eac4ecd0dd6ad0f4f11c2b0
internetarchive-3.7.0.tar.gz,2024-03,benign,CLEAN,0,0,62,76,a08e3d8ce743141ead423b9ad4f01c5d711a5d3ad7e92423d375686770fbafa3
scikit-lego-0.8.1.tar.gz,2024-03,benign,CLEAN,0,0,61,76,bd605d19764fbb0929a6af89f6e0c380001d5790ce1578077a120991b6cb1d7e
datadog-0.49.0.tar.gz,2024-03,benign,CLEAN,0,0,62,76,cce4157de2527844c101ae6d4b952240b1bd79e3d3e4011c103083875a8d3a75
baml-0.17.0.tar.gz,2024-03,benign,CLEAN,0,0,62,76,18ab96c2495d39b7a1095676b2279aeabcd54a4751bd497aee317464c57214ad
botocore-a-la-carte-cloudsearch-1.34.56.tar.gz,2024-03,benign,CLEAN,0,0,61,76,dcb7748fea67e241379383913a4ba1fe3c09925fb1b6e1a13180572103bcdb23
paasta-tools-0.220.1.tar.gz,2024-03,benign,CLEAN,0,0,57,76,7bb5f87541c743fe38051c2089f66465c7147aa9f76326f6d49d0bcec8a61c8e
lionagi-0.0.307.tar.gz,2024-03,benign,CLEAN,0,0,60,76,20e7b73bb09b89306002c2030923bdd74d5649e1ad286134973b90758f709be5
Unified-python-sdk-0.20.4.tar.gz,2024-03,benign,CLEAN,0,0,62,76,90fb9d732b3224bad74973e70b76b20adcb7404232821f44ddee5572029e43c5
boto3-stubs-1.34.57.tar.gz,2024-03,benign,CLEAN,0,0,56,76,25afafb5bd974949157e7749596092ff9ec27d4ac563c82ab2df31d818ef156d
paper-qa-4.1.1.tar.gz,2024-03,benign,CLEAN,0,0,61,76,f0a4703a35e3e14ed5f5271aa3d389aa3e13d9f41444de4fcf561ba2597e3170
types-aiobotocore-ecr-public-2.12.1.tar.gz,2024-03,benign,CLEAN,0,0,61,76,c58ba1dcbd8c96163e8bc2c1ec5bd28672f96b6020e291ed9012aca14db89b81
tencentcloud-sdk-python-tbaas-3.0.1099.tar.gz,2024-03,benign,CLEAN,0,0,62,76,66a9cebb9ed0c4d4d01e5ae673217920d95096f0c582cef8a1e1abd7c49f4a0e
cybrid-api-bank-python-0.115.26.tar.gz,2024-03,benign,CLEAN,0,0,47,76,080dfb2654fbc00088efb2b9fb634b515d08d06f9dd016031f340ada79a360de
dcicutils-8.8.0.1b9.tar.gz,2024-03,benign,CLEAN,0,0,61,76,fb9513c3675b2fb2589bc9458a201f2c608f25a182a231eb05eb190350f2fa72
emmet-builders-0.79.0.tar.gz,2024-03,benign,CLEAN,0,0,62,76,36e231142f159eff2316cc4b357fffbca45d046ada8b16f483948f69d7ac266f
cdktf-gitlab-runner-0.0.850.tar.gz,2024-03,benign,CLEAN,0,0,55,76,3929a5ed965f68cec8d4a0633a67d9ceb682d47c4f07166306e74a8afb7d0443
botocore-a-la-carte-connectparticipant-1.34.57.tar.gz,2024-03,benign,CLEAN,0,0,62,76,b70026261594577747a55bf64467294df80df5ae787313c348bdd661718302c3
cpg-workflows-1.22.1.tar.gz,2024-03,benign,CLEAN,0,0,62,76,ae39ba8b91dfbb6f8881d7b4e72403dff67bc0284f853931542ce7f13ad1a6f4
tencentcloud-sdk-python-advisor-3.0.1105.tar.gz,2024-03,benign,CLEAN,0,0,60,76,2c3f5bcba894f81cbe99a300636123bdee12729516cf7832c024a03c93b87ebc
tencentcloud-sdk-python-bda-3.0.1102.tar.gz,2024-03,benign,CLEAN,0,0,62,76,cb1e718f26fa208295ef5fc199e8a5fb99ec8d98582265b38f7ac8f8356e75c1
cdk-common-1.0.795.tar.gz,2024-03,benign,CLEAN,0,0,60,76,13949257b8e4760db8d166e81224cb4c8e608d5fb9e783839ec81be8a230d817
pulumi_cloudinit-1.5.0a1709359571.tar.gz,2024-03,benign,CLEAN,0,0,58,76,0013c0bf574d4f220e2b4ecd9a3b78df67059c72341b78e037be633273aae461
introspection-1.7.11.tar.gz,2024-03,benign,CLEAN,0,0,62,76,b5b29f39546818cdfa7e51ec1f84f1f524239dcc848acd02ca8d8976c8799eb4
kgdata-7.0.0.tar.gz,2024-03,benign,MALICIOUS,1,0,59,76,534cd71ce306a6eec9fddc045618f6a5e38c0225afc59e9e70a97f0eec6b2cfe
bota-4.0.25.tar.gz,2024-03,benign,CLEAN,0,0,58,76,46451519aa41404dd7f38c98a8c5a59006917ff1fe929ca6a03fe74fe3516500
tencentcloud-sdk-python-ba-3.0.1104.tar.gz,2024-03,benign,CLEAN,0,0,56,76,c3b01b077bc0a855202f8942b7d131321769108f6bf6654494b8a8550ae6fade
syrius_sdk-0.0.9.tar.gz,2024-03,benign,CLEAN,0,0,62,76,8d6233514fbf61d785025e40b6dd58dabaf07242293d62c33e97ca70ce08225c
piperider-nightly-0.42.0.20240331.tar.gz,2024-03,benign,CLEAN,0,0,57,76,08c5854e08d62d08abc049c4a6196fd8c4237a2528f0c835d56424dd3b24dd73
langtrace-python-sdk-1.1.5.tar.gz,2024-03,benign,CLEAN,0,0,61,76,dd800847b9fef7aef1c34484b74f2602bb64da768c9eed7de5d08fcc167e4bb7
autogenstudio-0.0.54.tar.gz,2024-03,benign,CLEAN,0,0,62,76,508ab8578e1d42d115e23b400ed1ed095f904af03d4b43c3bc8efa1ffefb2c19
spanishconjugator-2.3.7207.tar.gz,2024-03,benign,CLEAN,0,0,61,76,dbc719c94f5d6844ef5433370967b2a95432408b27cabbb3ca6b84bb19555870
inspect_ai-0.3.3.tar.gz,2024-04,benign,CLEAN,0,0,62,76,aa0dfb4f0aacbe18ea64138a9f8858ba3fa380bf8accf54d5953195d3aa8b6c4
fractal_server-2.0.0a2.tar.gz,2024-04,benign,CLEAN,0,0,51,76,9437163f8f11f6e4fab6762686c4ca2c1e733640b9ac15ea3feb00649c0f6570
tencentcloud-sdk-python-domain-3.0.1137.tar.gz,2024-04,benign,CLEAN,0,0,61,76,29fcf151d42917e666dbf07184d8869633ab6a085e032321c45dae97bd73e0c9
tencentcloud-sdk-python-trocket-3.0.1129.tar.gz,2024-04,benign,CLEAN,0,0,61,76,20bd5ad9151aa0e703c98b059800131b11f8343e846aabf51a66762f6f6e651a
tencentcloud-sdk-python-gse-3.0.1128.tar.gz,2024-04,benign,CLEAN,0,0,60,76,685d79a85513ee4f3014e43fcb9dc974ccfdc19827f60db70c32de8cd8a1eb85
libfwsi-20240423.tar.gz,2024-04,benign,CLEAN,0,0,53,76,8892b8509cf5745abda81dd7a88fe35c1f0e986d177f58bcabf0ee932231262a
botocore-a-la-carte-m2-1.34.80.tar.gz,2024-04,benign,CLEAN,0,0,62,76,bb51f0079854a41bb644043c9ee14ec1ddef7ce7f51bc0c5a8de05654acc5b63
sprocketship-0.5.0.tar.gz,2024-04,benign,CLEAN,0,0,62,76,6c19603875b3768bf34e8cdc6899ce102726017f8130a072c73ca223b6e3390a
tensorrt_lean-cu12-10.0.1.tar.gz,2024-04,benign,CLEAN,0,0,62,76,b84ce3839d73b3a6ee21cbcf200d0f2f09e153ecaa42b6542c3e56eb064fadc5
botocore-a-la-carte-codestar-notifications-1.34.85.tar.gz,2024-04,benign,CLEAN,0,0,61,76,742e0d253feca3c3de86bc581f87aa36547bb025e1fd97c32b3d51ac8f331b41
yeref-0.10.69.tar.gz,2024-04,benign,CLEAN,0,0,52,76,e4d9beb5678cd99e25525a12239aa982c221962e65fd140594d4758a87cb46d8
robocorp_windows-1.0.2.tar.gz,2024-04,benign,CLEAN,0,0,57,76,393054b4bd11273d6260e05140ee7eccef29d76522d8c84857adcb1068e74285
kolo-2.22.0.tar.gz,2024-04,benign,CLEAN,0,0,58,76,8bbf641b1ea373b5202cd9cb5e5413714e100bff6faee4a779439b0d8da0345c
tencentcloud-sdk-python-ckafka-3.0.1132.tar.gz,2024-04,benign,CLEAN,0,0,62,76,9f3913c7e2fc8fb83811eee49f33ba442330bfde027703cd0894c36a6f29c3b3
gradio_imageslider-0.0.19.tar.gz,2024-04,benign,CLEAN,0,0,62,76,4b7ad1d82d809bee07f369fab738a49e15a95e72b08e14c82e805ff0d139e52b
botocore-a-la-carte-kinesisanalytics-1.34.93.tar.gz,2024-04,benign,CLEAN,0,0,62,76,a9c4106a47c96f1a57da4bba033544941d6727bd274067db14378422469fe611
tencentcloud-sdk-python-iotvideoindustry-3.0.1132.tar.gz,2024-04,benign,CLEAN,0,0,60,76,7fd6d4160a2d1e6970b6d36ed3afb8f3b45d838edcde8519febdacd4150b059b
tencentcloud-sdk-python-vpc-3.0.1133.tar.gz,2024-04,benign,CLEAN,0,0,62,76,6acd4bc4b25dc138d3f8e90f472a442a4de548f88700ff1c89c55e02937bfd9c
types-aiobotocore-timestream-write-2.12.3.tar.gz,2024-04,benign,CLEAN,0,0,53,76,6519d5f0015f7264fe0b86ea355f85b72b6b66a44363ac9dadad307479f8040a
tencentcloud-sdk-python-smh-3.0.1134.tar.gz,2024-04,benign,CLEAN,0,0,61,76,974f0c9452a0940dba978ee3a1204c39ab251fefb9e7476bc1168a19fed59a99
pyiqa-0.1.11.tar.gz,2024-04,benign,CLEAN,0,0,62,76,5ead5cbee5ca7070f7f893f2e0c0ed025b8ab1d14c7918130b5fdc64a951760d
botocore-a-la-carte-customer-profiles-1.34.80.tar.gz,2024-04,benign,CLEAN,0,0,53,76,e9d2e2529ae64e81b6000a3ae3bc5ccecd0ae56a02b2a94227da729e4e1ce2e0
tencentcloud-sdk-python-cls-3.0.1139.tar.gz,2024-04,benign,CLEAN,0,0,53,76,db48a564527e513f5b14ff2b9a17ae160f329852ff68d1e313ee79d181f42426
whylogs-1.3.31.tar.gz,2024-04,benign,CLEAN,0,0,62,76,d112f006233bb8fd0c34807929c79aecd1aa6b71db7144c4fe233c73aed44165
mo_dots-9.600.24114.tar.gz,2024-04,benign,CLEAN,0,0,49,76,2fdc0e5d1a63b4ee86a46f90e138739c1df832927a57c7c5ba13a8367167f8cc
pulumi_kubernetes_the_hard_way-0.0.21a1713826115.tar.gz,2024-04,benign,CLEAN,0,0,62,76,e439721c31f82388fadaef623ca08e0bbf6343783f01653648cacf18a80ab0f5
jgtutils-0.1.49.tar.gz,2024-04,benign,CLEAN,0,0,62,76,059cfd4c237f0ad36843ceb05c76b0447a47d2c1f1a8c748f6bb03c3d86f056f
aliyun-python-sdk-slb-1.0.0.tar.gz,2024-04,benign,CLEAN,0,0,61,76,4eccd3969537d8fb3aa659eab88844d24f0657ec023ff21ae611694fa70061dc
jgtutils-0.1.55.tar.gz,2024-04,benign,CLEAN,0,0,61,76,2960c1c5a1564cb6fdaab3f529f450d3e4aa50a10a8572ff1e2da039f14a9489
flytekitplugins_pod-1.12.0b7.tar.gz,2024-04,benign,CLEAN,0,0,62,76,964896c3af2127c42db525c37efa70240031ca4667de154e2b4dac993d85925d
botocore-a-la-carte-timestream-write-1.34.88.tar.gz,2024-04,benign,CLEAN,0,0,58,76,dc9cd054ae8209066cc1f552a848b19cf1d4959432e79df47f92f1879289b016
cdktf-cdktf-provider-google_beta-13.14.0.tar.gz,2024-04,benign,CLEAN,0,0,49,76,153eb13fc0b7abb61940d11ee86841749655d73583917779fe1dc9f9558de32a
hypercoast-0.0.3.tar.gz,2024-04,benign,CLEAN,0,0,60,76,f3deb126f2b330b74030fcc07a3e8f4355a152282a8ba14f164f8d3e60d3d4f5
poxy-0.17.0.tar.gz,2024-04,benign,CLEAN,0,0,54,76,eaca502d8268e733b79d12015776bb2f871725f2bb31009f056f176f03a3f3a9
broadlink-0.19.0.tar.gz,2024-04,benign,CLEAN,0,0,62,76,8bdf068fb7a539e2ea544ffd752266b8a6bb7d99ce20b0a3327acbd22cc59805
cloudpss-4.1.1b9.tar.gz,2024-04,benign,CLEAN,0,0,57,76,a42a796a6da5436087586e786f881638b716a299b79954d880b7c87bd25f6394
botocore-a-la-carte-mediastore-1.34.80.tar.gz,2024-04,benign,CLEAN,0,0,61,76,c27de3c90336d49b17198f5ffd15cd5e2e05771d5541961b8c2f27ef9a364174
botocore-a-la-carte-rekognition-1.34.89.tar.gz,2024-04,benign,CLEAN,0,0,58,76,100930a5d9263227a9022aec4d43070ec14e588ae3ac193c865bf0785b5c95b3
botocore-a-la-carte-bedrock-agent-1.34.81.tar.gz,2024-04,benign,CLEAN,0,0,62,76,28f5cfb7aad5ef28ed816a0bf170c7b3dff3d4e227ddebb5df0f2c7de79ec953
figaro-1.6.3.tar.gz,2024-04,benign,CLEAN,0,0,62,76,940a6b4051cecbcbaa9f331a64532d4facb50534a963e4bfa28f3ecf81292118
botocore-a-la-carte-dlm-1.34.83.tar.gz,2024-04,benign,CLEAN,0,0,60,76,84b659b52e37c925d9cb8325af8044bfc2e9d90e7c8a1123b6ce285d84af4ac1
pulumi_kubernetes_the_hard_way-0.0.20a1713756038.tar.gz,2024-04,benign,CLEAN,0,0,60,76,701e1c6856fe70eeae453d12692efc8217d6cf000bc06bfc3743274efd2ca1ed
pytest_embedded_serial-1.8.2.tar.gz,2024-04,benign,CLEAN,0,0,62,76,62b4d7def1becd9f34b07347d1e1fdb797274fe72b5d3014370a0c72480ffc35
websocket_client-1.8.0.tar.gz,2024-04,benign,CLEAN,0,0,62,76,916158598dd6735fd895cd0c5298901b3066128ba058bead4c8e2eced918ce6a
tencentcloud-sdk-python-gpm-3.0.1129.tar.gz,2024-04,benign,CLEAN,0,0,62,76,9c23b1d3976a8c2f407edfe0068d6bdf67fe28f2d12e0385538afcaeacb959a4
homeassistant-2024.4.4.tar.gz,2024-04,benign,CLEAN,0,0,38,76,a5abcce37d27f1e5c4a708aecbecddb2a00c8b7b73d195ac7bf5d99eb0ff1e19
syntaxlight-0.1.38.tar.gz,2024-04,benign,CLEAN,0,0,62,76,82bb8616d6f1317594b621bfa92b8905e9b25aa5f1663ac43e327a5883d0a2bd
botocore-a-la-carte-macie2-1.34.85.tar.gz,2024-04,benign,CLEAN,0,0,60,76,7bd95a7de59f52c3f581c33142733f81a219458c59f6a8c6542a295ee6393f9d
SQLAlchemy-serializer-1.4.11.tar.gz,2024-04,benign,CLEAN,0,0,60,76,523e71d7fcf158a2c25ba10603ab2479a22ba7c8418bbd2f5968d2ee8eedd892
winrt_windows_devices_haptics-2.0.1.tar.gz,2024-04,benign,CLEAN,0,0,62,76,17dfefbb8291fe0a7ff4c68f0ec16f1784276d5c0a9889ab62af78399e66585f
botocore-a-la-carte-redshift-serverless-1.34.77.tar.gz,2024-04,benign,CLEAN,0,0,61,76,e6b86e4dc205d8809742b573c83f23d2085722b92c3a9d52b9d372bb15733397
botocore-a-la-carte-s3control-1.34.88.tar.gz,2024-04,benign,CLEAN,0,0,62,76,69668acaf843c42ff09a0a18adb281f2fb3fc24f85c10ca4e7e499cda617daae
botocore-a-la-carte-tnb-1.34.85.tar.gz,2024-04,benign,CLEAN,0,0,61,76,560bc141ba71eb71ba250525f868c6883895f87d355c1c18054f5d981cfaf8f9
tencentcloud-sdk-python-tcss-3.0.1128.tar.gz,2024-04,benign,CLEAN,0,0,61,76,ae48686c232b06c2455354fea21c3c0152f74f2b957d180e559f333d558d0c52
tencentcloud-sdk-python-3.0.1127.tar.gz,2024-04,benign,CLEAN,0,0,61,76,cfc51d037ada5db9234b6c8653eabc84b8aaa28fd0ac3d906344073130553265
botocore-a-la-carte-sagemaker-1.34.89.tar.gz,2024-04,benign,CLEAN,0,0,62,76,5915f4983b5ff0715736eed528ef8c50784d991b2ac1a8392c61d48a0646cab0
trame-client-3.0.0.tar.gz,2024-04,benign,CLEAN,0,0,62,76,9d4c8ed86f49c79341c0e16f68ee5b4f4dae2fc387d72d531cd8a798e549cdbf
nbsite-0.8.6a2.tar.gz,2024-04,benign,CLEAN,0,0,62,76,1320b0a790bfe624f1df93a1120ce432bf64b9226152a2ef0bdfa859030826ef
aws_packages-0.0.22.tar.gz,2024-04,benign,CLEAN,0,0,62,76,921ed934af277f508a964030e23af2405d87c831cfb1dfb5e885a694f5009ee4
meross_iot-0.4.7.0.tar.gz,2024-04,benign,CLEAN,0,0,62,76,1da2d21fd69393eb7a27513fcbe8a3390005871aa7cc55b198a56dfb3b30d2f7
jupyter_ai-2.14.0.tar.gz,2024-04,benign,CLEAN,0,0,58,76,bd1de8b3ac29e1e1c3f7f3c0f72fcb7c098bfda7eca7bc4d0b4640e25a0eaed5
tencentcloud-sdk-python-memcached-3.0.1128.tar.gz,2024-04,benign,CLEAN,0,0,62,76,af72bbf2d62d6b433ca72aacf67c4ddbed57866b0f8afc0d97d9c7c0a3895151
css_inline-0.14.0.tar.gz,2024-04,benign,CLEAN,0,0,61,76,75a1e55a915aafa270213acea005d16097633c69b303757d39cc0a86cdf8ae30
nrobo-2024.38.0.tar.gz,2024-04,benign,CLEAN,0,0,57,76,5acbdf9f7658955267b169ad8176de5521443c67ca79e41e07fb8b18f62e4ef6
surfkit-0.1.82.tar.gz,2024-04,benign,CLEAN,0,0,61,76,2c3b2baf2761b16b15107c0f5d21345bcf83857f63235c6f8699e5632226ee40
esdbclient-1.0.21.tar.gz,2024-04,benign,CLEAN,0,0,62,76,7658c13795c99d7b22ba672567f4762d79800a83ad6ab4248bdae45c8de2c08a
openai_to_sqlite-0.4.1.tar.gz,2024-04,benign,CLEAN,0,0,62,76,89a43b8ef35912d19502852b7e404189b8f1f0071808bd5ed947808fc50beb4c
composio_autogen-0.2.4.tar.gz,2024-04,benign,CLEAN,0,0,61,76,06689105e993781eb45fe15c1f218d3a071b6f195ab18b33b7090420eb59ac09
pyodide_mkdocs_theme-0.1.2.tar.gz,2024-04,benign,CLEAN,0,0,62,76,2592f75feb41d26db9512160a519b85fd81c45cd99c0c8b7a4583f3d2ff99044
curies-0.7.9.tar.gz,2024-04,benign,CLEAN,0,0,60,76,48531de268382c655537677472d040ea5a5ddc76e9cdbc3b59a36d4a97fed0db
vantage6-algorithm-tools-4.3.4.tar.gz,2024-04,benign,CLEAN,0,0,62,76,a04c6f0bffc8703facda142a94e826080a296e8da534040de130ad3177d343d2
parea_ai-0.2.138.tar.gz,2024-04,benign,CLEAN,0,0,62,76,7568d6932a8ebc2e4f8a781a576ac4444cefa5436e2c3bc68373bacd409c65df
capellambse-0.5.57.tar.gz,2024-04,benign,CLEAN,0,0,62,76,f7df0f1d30a4af63e442bb6a38f2eba1a0b7d4835d41b329ecff72e2ce57fa8c
kaggle-1.6.12.tar.gz,2024-04,benign,CLEAN,0,0,62,76,3517116e8b9d9628b212e2bad9619e8def5265e6499da76f25e1b59c52e37037
tencentcloud-sdk-python-mongodb-3.0.1133.tar.gz,2024-04,benign,CLEAN,0,0,62,76,c119dfe61fcc7652964facabe48bdc370489809623999eda0ea5707b3f964651
satellitevu-4.6.0.tar.gz,2024-04,benign,CLEAN,0,0,61,76,8ff773107b035bb46e40250ac23795ae2f285e4dce6f117098bd5b1675a03ed3
netdata-1.2.0.tar.gz,2024-04,benign,CLEAN,0,0,57,76,a360da748c9b68218df2e2d26c93533eb62fd8b1f102a22b358cd3efad1fb12d
ophyd_devices-0.29.1.tar.gz,2024-04,benign,CLEAN,0,0,62,76,86ce81a513e4ae3492ed858edd62deffae8672b36fdf50a804dec9febce96f80
elevenlabslib-0.22.2.tar.gz,2024-04,benign,CLEAN,0,0,62,76,34b00e6dc0dfd7681cb41972d82bd1ace71ecfb97e3c543b7dedaacd3a0943bb
langchain_core-0.1.39.tar.gz,2024-04,benign,CLEAN,0,0,62,76,30bc29430420b75f8d5e22821c5a2021cdfee42d73f9495ba9d8fe411d3cd819
pulumi_external-0.0.4a1712727133.tar.gz,2024-04,benign,CLEAN,0,0,62,76,0f79c172b2efff3950e6790e94e6ab1bd35f6b34b50a3c1673c54cd5b6dc8fa0
pyjamas-rfglab-2024.4.4.tar.gz,2024-04,benign,CLEAN,0,0,58,76,aa77370d1186c2e988823a6712ecc89781f7d6e0ad53aa4cc2521fe3abe2141b
mlflow_oidc_auth-1.3.1.tar.gz,2024-04,benign,CLEAN,0,0,62,76,3e152dbbb7af7d768d2a3ce5d6bdaa341f7318ab2c8b37469c9a0322f0a03157
botocore-a-la-carte-s3-1.34.88.tar.gz,2024-04,benign,CLEAN,0,0,60,76,da68884033c4a7f5688364b2d5e497142a6edea4da57fd03923d37b69744b6da
cdk8s-awscdk-resolver-0.0.89.tar.gz,2024-04,benign,CLEAN,0,0,58,76,1a225277c1ba51c2edc3889940b18341770f56ef31478ad94696e6db28f5b461
sunholo-0.39.1.tar.gz,2024-04,benign,CLEAN,0,0,62,76,d995e13c687b0353cc3bd7e93b99f7e65d0b5f326bd1a3c7805b92032692adea
