package,month,label,sha256,analysis_id,status
reqinstaller-1.0.0.tar.gz,2023-03,malicious,f9b99bf72c583e41c968ab08a71d673c83b6e92f27fa16cbcfb368d8aba7682f,YzRmMThhYWZkZGIxODAyY2VjZmM5MDQ4Mzg3ZmFkMzc6MTc3Mzc1NTQ4NQ==,pending
poiqweconnector-0.0.6.tar.gz,2023-03,malicious,65160972ac0c7109611dcdac20e94e7ccaf349f3b5c43da32a2eed4a06f1f3ab,YTA5YzRhZjVmZjBlNTE4MmJmZTYzN2Y5ODJlMDhjNWM6MTc3Mzc1NTUwNg==,pending
sylexnaranjoo-1.0.2.tar.gz,2023-03,malicious,3cb2105ee2092c4eb252777b24743d4183317941fb76694e4b9d8e748a8d5349,NDY4ZTFlYzFmMDljNDE4MzQ2YzIyZGFkNDczMDRlNjM6MTc3Mzc1NTUyOA==,pending
tiny433-1.0.0.tar.gz,2023-03,malicious,46dbc9f6a92c01f4c1997b80411ffd043a67cd08d8ee4ff57d39b4171c04d670,ZTRjNTY5NDVmMzhhMzA5OWY5MGRhMTM4NDcyZjA4YWY6MTc3Mzc1NTU0OQ==,pending
discord-hook-1.0.tar.gz,2023-03,malicious,7c8c52a3aa11e9582d5e77656735fc1fad9663a90094d2ebacfbbfd6f1e588c5,ZmMyNWU4NzNjZWFmM2FlZDFmZTg4N2RmMDFjZDc4MmE6MTc3Mzc1NTU3MA==,pending
spamsynonym-1.0.0.tar.gz,2023-03,malicious,5bf31f4551dbea0f1c9ac02089edda2549de2656ff51ba12e15fb3be3d2ba206,YmI3NTBkOTIyMzI2YThkYjg0NzU5ZTgxOTcxZjIzYTg6MTc3Mzc1NTU5MQ==,pending
downrun-1.0.0.tar.gz,2023-03,malicious,8c7b7ac39749575c1412856714ef12f5728f7720b770daf3da98eeaedd8b5b9e,ODYwYmU0ODYyNTZlMzQ0NmI2YTQxMTU0ODUxMzMyNDM6MTc3Mzc1NTYxMg==,pending
sylexnaranjoo-1.0.6.tar.gz,2023-03,malicious,717d8a342ba539449861fcfcc6201f210f0f8e462a09f324ae974c78039df596,YzFhYmE0MzUzOWE2ZTZhY2UxMGRlMzE3OGFjZTJhZDY6MTc3Mzc1NTYzNA==,pending
pydefender-1.0.5.tar.gz,2023-03,malicious,d6907e0fe8d38525e4fcd9c465fd4adb3764beb922f6717c1b749f15dfc20d6c,ZjgwMDVkYzkyMGQzZTg1OWRmZmE0ZjRmMWIxNTIwYTA6MTc3Mzc1NTY1Nw==,pending
esqcandyosintcandy-1.61.tar.gz,2023-03,malicious,51ddc19c86d3d7af45766967d26f5d53443e1b090666e33581a976147ee60346,MGI5ZTM5YTEwODE4MDlhNzY4NWM4NTU0ZDU2NWEzOGQ6MTc3Mzc1NTY5Nw==,pending
pynoisetn-0.5.0.tar.gz,2023-03,malicious,fda66c77b97145431b784ab658f678b1eaedb59e0415ff96ca0b52c71e0c20d5,NzA3ZDNmMjE0MmJkYzI3MmIyNDY1MjMzNDM1NzBlMDk6MTc3Mzc1NTcxOQ==,pending
esqtoolinfoultra-7.18.tar.gz,2023-03,malicious,d684cd1ed3c3027f919003ecd114ad12f83f626164d98f637ece6e5eec08c38f,ZDAxZTI0MTNlOTQ2OWM3NTU0ZjE2NmNhYTQxODQ0Y2U6MTc3Mzc1NTc2Mg==,pending
tprocessing-2.0.4.tar.gz,2023-03,malicious,b6bf4abcb0df6792cfb981571ec2a29a00c13fa64137a8a4ff415643223eb711,MDE5Yzg4ZjM0NjdjNDJhZDU3OTU5YTVlYWZjYTFkYzI6MTc3Mzc1NTc4Mw==,pending
esqpingpingcontrol-5.1.tar.gz,2023-03,malicious,292ded721aee6201b2184ae7afca58c9c88d8738d4a03d7fe61716bb5089c76e,OGQ5NzM0NjRmYzdmNzk3MTc0ZTYyMmVhN2JmYWYzYjI6MTc3Mzc1NTgwNg==,pending
pycrypterexe-1.1.5.tar.gz,2023-03,malicious,76d8bec8e6e6429e931b7cd8df35c0ea1670109a912734828159e6457144b4ba,MmY5NmMxNmI5OTYyMzM5N2E0NTUwNWVhZDFlMGU5YTY6MTc3Mzc1NTgyNw==,pending
esqlibcpuosint-4.43.tar.gz,2023-03,malicious,dd03d385e4e546637e3a9986c9e2da73a21f93f78cc77ad1920a5ae0d1e1bfe4,NDAxNTU3ODVjZDAyNmZhMDc3YTUzY2RiYzM0ZThiZmM6MTc3Mzc1NTg0OQ==,pending
selfguiurlpush-4.72.tar.gz,2023-03,malicious,78913dee9b032fe697e5d4b478812c646b6c55cd40408e5995a754cbc3101227,NWQzZTY0YTczNDc4ZDIyMjE2ODg4ZWVmZDI4NzZlYjU6MTc3Mzc1NTg3MA==,pending
pystylerio-1.0.tar.gz,2023-03,malicious,df659e9d65a0a745f57c2150773526a73b4c4e4c06899a8793d6760d4362d7bc,N2U5YzdjODk4ODllNjYzZjBkZTdmMWE2OGYxODU3Yjc6MTc3Mzc1NTg5Mw==,pending
reverse_shell-0.9.tar.gz,2023-03,malicious,f3be4b1c813aa2216a0e52b19d0ca276577d5e3179210e6e979bc1e9c77bc666,MGNhMDhjNDc3NjhlNWM0YWZkNzgzZjc4ZmNiYTVhMzE6MTc3Mzc1NTkxMw==,pending
libpongcvvm-1.16.tar.gz,2023-03,malicious,0a259f710d58e2fd64993f4dc6964ba1410bbb14535f9cc293a0c98e847d23c9,OGU4NTIxMGY4YWEyMzA4ZjA2OTY2YmY4OGQxZTc1NTc6MTc3Mzc1NTkzNA==,pending
pycrypterexe-1.1.8.tar.gz,2023-03,malicious,b91433727f5334a11ddd54130bb5ee56de0a4b11f43075974994c843b1a10ab2,NzE4YTNkYWQzYWYwYzQ3NDg0ZGY2OGNiMjA0NTcxMmU6MTc3Mzc1NTk1NQ==,pending
pycord-slash-0.0.1.tar.gz,2023-03,malicious,04ca7cabdfc16a7e5fd3e36bbc3f06eeb9ad66c403320cd47bb951dc26fa2089,OGM5NGY4N2UzMDBjZjBlODdiNGU2MGY1ODNmZjVlOTQ6MTc3Mzc1NTk3Ng==,pending
tpkillpeppep-5.30.tar.gz,2023-03,malicious,7227d7da6f9d992b7a270d7708c75400b6ba6431a54c4ef46b74e64d10c18609,ZGViYjY5NTE5MmFiMzhmNGZjNTY4OGUwNDMzMmFiZDQ6MTc3Mzc1NTk5Ng==,pending
telthi-1.tar.gz,2023-03,malicious,0a769a36ae2c4b955cf3b636e281c7ed1b82b413a4b6c865ea9c3ca2ad645e92,ZGZmYTNmMDBiNWUxYjgxYjRiYzM1MzhjMWEzOWI2Zjk6MTc3Mzc1NjAxNg==,pending
py-ultrageturl-4.17.tar.gz,2023-03,malicious,eb2a2ccd07e7e88cad67fe94c57fa9413b2cc57bd6a1f21dc677f685e561968c,NjczYjEzYjJmODI4NDBiMGVmMWIzM2I1YzFhYTRkYzM6MTc3Mzc1NjAzNg==,pending
tpliburlver-3.54.tar.gz,2023-03,malicious,f47bdb9f9f3b041956203c04bc9ed24728001ff4f8755ec94d0aa2e6c9909d1f,OWZlYjBiN2ExNWRhMDkzMWI5MDA0MGFiYTRhZWE2NDc6MTc3Mzc1NjA1Ng==,pending
color-fade-0.0.0.tar.gz,2023-03,malicious,c67cd770eff27f3c44043d05bd9a36ad1f817e0edba4a739f7131e197454dee6,NmVlZjJlNmVmNTBiMzk2NzNlYWVmNTA5YTI0MDMxOWY6MTc3Mzc1NjA3Ng==,pending
py-infohydrarandom-1.57.tar.gz,2023-03,malicious,016cd8177cdc50a3df45d79c0c3dd730fe77f5795ecbdf4b194a5fba9d69759f,MTUwZjUyYzdiNzM5ZDgwZTNkNTRkMzBmZDkwYjUzMTM6MTc3Mzc1NjA5Ng==,pending
poiqweconnector-0.0.5.tar.gz,2023-03,malicious,f22e15b12e7d7763d2487670a9ebdb2077e79c274432caed7c7daacc558e6c39,MDE4Zjc2MGY5ZjczZmU0Mzk2NzQwMzFiYzdiYTdiOGQ6MTc3Mzc1NjExNg==,pending
qrcoding-1.0.1.tar.gz,2023-03,malicious,0a08826de3a8ced0a0ade333f02433d80d55df0453bbec4df61a35fa3f4c6579,ZjZiMzA5NzAzOTc5MWJlMDljY2U4Y2JlZDgyYWY5NDU6MTc3Mzc1NjEzNg==,pending
py-controlpingcraft-1.23.tar.gz,2023-03,malicious,a1eee9667c195d9adc20af1e11569a08d0becc3f7e5f2c9fb0f2ae826bc18e35,MjE0YzMyNzI4NGM0YmI4MGNjNTFkNDAwNjA5ZjNhOGE6MTc3Mzc1NjE1Ng==,pending
iiris-new2-1.0.0.tar.gz,2023-03,malicious,16441fa5ccad8602ca1d4af85b3c174418dd2625c5ca56096f0233f5da2d5576,OGYyNTY4YTBjYzQzNTI1ZWNkMTdjOTBhZjM3MmE1YTc6MTc3Mzc1NjE3Nw==,pending
pycrypterexe-1.2.2.tar.gz,2023-03,malicious,36f8ac002ae86109309be378ae58d7e590561153bf492d7155ecc97b1e8e3e2a,YjQ4NzY2MjYzMTdlYmQ1ZjNkYzczODRmMzA0YTViNWM6MTc3Mzc1NjE5OQ==,pending
requеsts-0.1.0.tar.gz,2023-03,malicious,73657a0b106472f38dbc6d91c92ff615f6eae0a80b5706a429ae938c3de910de,ODI2MDRkMjZjZjY4ZDljNmE3Y2NhMjY5MjY0MTFiODA6MTc3Mzc1NjIxOQ==,pending
pycrypterexe-1.1.6.tar.gz,2023-03,malicious,4750dd1905f6ecbcd6214ebb0729cb0756d7303037ec7bf3ef00e42274ca91f7,ODI0MzYxNmY2MjU5NzUzYWExZDAzZWY4ZjgwNTY0YTM6MTc3Mzc1NjIzOQ==,pending
httpxboost-1.0.tar.gz,2023-03,malicious,452a4255d71e74612a7cd7dff66b04ea0140111b54f001af2e33eee93904a71e,ZWMyMDAzZjgzZjAwOTZmNzg1ZDYxNDExNTBjMjNkNDA6MTc3Mzc1NjI1OQ==,pending
librereplacereplace-8.23.tar.gz,2023-03,malicious,6a0c0f481537d51b028726fa2f1f271095fdf81f95603b70703e357a5b305750,Mjc4YTMxZGJhZTVjNDAzNjhjNzczYTUwOGM5NmEwMDY6MTc3Mzc1NjI4MA==,pending
discord-commands-0.0.1.tar.gz,2023-03,malicious,df49d9fd859423d808dbe470a17e8225834a78f391a6ac1b67f334a3beb280a0,YzE4MTg0YjRhNGU0Y2ZmODBkNTMxOWNhMDI2YjdlZGE6MTc3Mzc1NjMwMA==,pending
httpx-advanced-0.1.0.tar.gz,2023-03,malicious,b13ebea905ca3d8af2913f982ad8d1ed40b995eee21f1799d7f661d2091dd9a0,ZTYyMzQ2ODljZGYxZjRhMmFkNTM5Y2RkZDNhN2JiYzY6MTc3Mzc1NjMyMQ==,pending
selfstringpullpush-4.2.tar.gz,2023-03,malicious,9985a2f561b950a8bba2487fded4c2a5ede9884229061b0446b1502d2140b7bf,NjM3MjM5NjE3ZWEyMWJmMmRjYWUwNGQzMmZlNjI5MjI6MTc3Mzc1NjM0MQ==,pending
httpx-advanced3-0.1.0.tar.gz,2023-03,malicious,1ec06f838ea5548d028237b9a683d692e6224b6aeeda4acaab827c3b1b74ed2f,M2IwNDhjMTc2NTYyMmM2MjMwZTEzOWZjNmYyMmYwZTQ6MTc3Mzc1NjM2Mg==,pending
tppywloadhydra-2.20.tar.gz,2023-03,malicious,746ede7b8421aa21ded0d7a6bdc7da7b4e4e9058c79a2878337289418e2f3a10,OTU0NGRjZDhkMjNiZTZlYWQ0MTAwZWJmZDJkY2NhOGI6MTc3Mzc1NjM4Mg==,pending
reverse_shell-1.5.tar.gz,2023-03,malicious,1ada3c979d059e45227c9154f538fa7c749eab5223fbe18b72f353a55a500f40,MzRkYThlMTZlZjE5NjEyNDFmNTliZTZlYmZmYWIyMjc6MTc3Mzc1NjQwMw==,pending
py-hydraurlstudy-2.37.tar.gz,2023-03,malicious,4877877cdc947a2d101b132bda2ab4f055cb717402c19cb883ea42c8e170916a,MTUzMjFjOTIxOTczZDg1ZjE1OTkzOTdkMGE1MDRlNDY6MTc3Mzc1NjQyMw==,pending
tpcvultrainfo-1.50.tar.gz,2023-03,malicious,a869c4171d817730e92fdd0e3e285b1e174c8f5d86867dc048737fef0d4877ad,YjRkODI2YTdjZmNmY2Q5Zjg1ZDlkODQ2OWU4YzBkM2M6MTc3Mzc1NjQ0Mw==,pending
selfhydrastudycc-2.15.tar.gz,2023-03,malicious,4968eef5ae19c70f5e622a208e06458dff6d77572f3ab6029c5ec891ebd5d442,ZmJiMzlmNDcwMzRhZDM2NDJkYjdjYWJiNTRlYjliZmQ6MTc3Mzc1NjQ2Mw==,pending
tppyLGTBnvidia-3.11.tar.gz,2023-03,malicious,0144c8f6bcaee58f1ad514c19b60911e9e4ef98ba13975b04caab4bc89036867,NjMwMDRjZmIyNDBkYjcwYzFiZGVlOTNjNjFlNGRhMGI6MTc3Mzc1NjQ4Mw==,pending
pydefender-1.0.3.tar.gz,2023-03,malicious,724dbdeb8d30a5ae90ee608b52cff6e8e4e15e7d4657f8cad3699397827da924,OTM1MzBiODcxZDVhYTA2ODE5MGIzOTYyNDBlZjY1OTc6MTc3Mzc1NjUwNA==,pending
libcrafthackedsplit-8.43.tar.gz,2023-03,malicious,6ac6b927032450830ef563d21232540fa647c156e9ac585bc25fb4f0ab1ddfcb,YTU2MGNkYzg2OTZmMmMzY2QwZDRjYmRhYmJlNDJhY2Q6MTc3Mzc1NjUyNA==,pending
esqproofpongint-4.27.tar.gz,2023-03,malicious,c7ecd09d18c18ff971f78465456e65647fd5236d2effab54f31482644ddae28b,NWZmMzcxNjgwOTFiZWYyOWFkYjdkODAyMzVhMmJhMWI6MTc3Mzc1NjU0NA==,pending
esqccstringmask-7.66.tar.gz,2023-03,malicious,811f39b0780e414bc2a2e12527a68a2786387b83e6b6315be6ad517b06131209,MDdlYmY1NWZmN2NiYjJiNjFjZDEwZTgwOWIyMjU1MjA6MTc3Mzc1NjU2NA==,pending
discord-slash-0.0.1.tar.gz,2023-03,malicious,28bd9d59f8ead362ec3cbde200d7656c3b16b1e40a84eb40d33798f59a0ca3a5,M2E4NmFmYjFlM2IyZDUxOTdiMTk5ODgwZjIwYTRiYTk6MTc3Mzc1NjU4NQ==,pending
pycolorz-0.0.6.tar.gz,2023-03,malicious,57db787f9733e26fa5e19b87021088df24fe1d7eac002af5064319b72ec36e47,N2RlYjIxNWZhOTdhZDNhM2UxZGFlN2RmMWVhNGI5Zjc6MTc3Mzc1NjYwNQ==,pending
onyxproxy-1.tar.gz,2023-03,malicious,ad4e12bc8f8c7060e095640b66362ecfe5ac3f9fd193a35860d4a201a0dd2844,NWNmMDVjMzAxMWYwZjZhMDQ0YzcwMjUwNTQ3N2FlZTY6MTc3Mzc1NjYyNg==,pending
esqgameguiintel-10.2.tar.gz,2023-03,malicious,ff0aebf357da89004922ce3d736aa9ed4555bad682d305cef04589deecd29863,ZTdhNzE2MjRkYzQwZWNlYjMwNDA3ZGQ2YzQ4NDEwZjA6MTc3Mzc1NjY0Nw==,pending
fastapi-https-0.0.2.tar.gz,2023-03,malicious,2031063b1f28bffbf29b2f81be49d817c1dd06c99782bc7f605ed241162178f7,NjM5ZDVkMmM2Y2RiMGRhMzQxMWQ3MDliZGU1NzcxYzM6MTc3Mzc1NjY2OA==,pending
py-toolvmintel-9.70.tar.gz,2023-03,malicious,e087b9e643c23c0b06a22f3a651188d705e14b5dafcbd8bcd26192c556f2a644,MmZmZWExZWU0NGE4NDI0M2IxNzZlOWU1NTRiNTliYjQ6MTc3Mzc1NjY4OA==,pending
massdm-0.0.2.tar.gz,2023-03,malicious,325a3f7b3d1c01818dbc112289e381cb9c87f0a56a878bb5d20dc5cdedc7c268,ZTVjZDhhM2VkYzM1NjYzNjZjNGE4OGViMTExMGRhMDg6MTc3Mzc1NjcwOQ==,pending
tpcvadlib-8.29.tar.gz,2023-03,malicious,eae2d23eb16c10ad61743a55be534ac61d4514b6cc272815d5b1f4221e1b1d68,ZGRhNDRjNzI3OTU5Yzk5Mzg4ZjY3YzUzZjU1MWE5ZTk6MTc3Mzc1NjczMA==,pending
colorsgradient-15.tar.gz,2023-03,malicious,51570609eaf78f3011b23e8efe0d56126bc49164c357b9b9c6e0c86bc3b59c3b,NDk2OGYyNzgwMjIzOTMzZjhiNWZhYzFlZTZkNDU1Y2U6MTc3Mzc1Njc1MA==,pending
pyprotector-1.0.4.tar.gz,2023-03,malicious,2220b6c16afdbb894db5b6f2d2a680e234a20bbec8fbfc4b057e375d3ef12406,OTdjNzcyMGM4YzQ2MWQ3NmJkMjFkYzUxZjk5ZWQxNDg6MTc3Mzc1Njc3MA==,pending
esqgetlibpyw-9.39.tar.gz,2023-03,malicious,c2964919aff1165158d9cdad409fd08be9a87b734e13b4afcb3ed5954e697493,MjMyZjcwMjdlYTg5NDFmNzA0YjM1NzRiN2MzMzBjNDA6MTc3Mzc1Njc5MA==,pending
pycrypterexe-1.0.3.tar.gz,2023-03,malicious,82f3611f6f0354d68d6c08078cf750ee3f25ccee00e953f11cc8f819d39673bd,ODIxYzdhYmE4Y2RkOTgxZDRmMThiZmQ4NTc2NWZhYTc6MTc3Mzc1NjgxMQ==,pending
synthetictest-0.0.1.tar.gz,2023-03,malicious,a43e88f85fbd337664546c921c9e0a8dc4beb7567ade41b4afcceac03305a78c,MWJhOTA3ODBjNjk5NTM0OWM1Y2ZiMTQyYWI3N2Y0NDA6MTc3Mzc1NjgzMg==,pending
selfencodemaskpong-9.37.tar.gz,2023-03,malicious,437617d4cb268f5371b3959c88bf06bbdfea565e789c4ce92f909d21ca138c7d,YzEzYmI2YzJmYTcwMWZkMjNiNWQ0NWMwZmY3YWE5MTA6MTc3Mzc1Njg1Mg==,pending
asyncio-box-1.4.6.tar.gz,2023-03,malicious,eaf296dbe2ed51d93b7c07b298cb3e6b6b85375f1049554bdd81f2c12b812306,ZjRkYzk3OGIwYWI2MzE5ODcyMjRiYWZkNDU0OGZjZTE6MTc3Mzc1Njg3Mg==,pending
selfpostmcintel-10.27.tar.gz,2023-03,malicious,412950d85ca98bb05bbe21f041446e53fe1c38b6aa5f10fa3ce26f5938bf0080,N2U5ODgxOWY3YjRiNGY0MDE1NzA1NDYwYjliNTI4MWE6MTc3Mzc1Njg5Mw==,pending
selfproofstudyrand-1.59.tar.gz,2023-03,malicious,3a5d755a44471d44e8474cf8d1bbfae2445b3640d6b479da561df9afc06078bc,MDZhNzYyZjRhYWY3OTM4MGY4ZWU3MTRhMzRhOTQ2YzY6MTc3Mzc1NjkxMw==,pending
pycrypterexe-1.0.5.tar.gz,2023-03,malicious,b684113917786e1b16b819141144eff0a698f223416358bdf2c55b0717654cda,YjVlZTUxODQ3NjIwYWFhNjAxYjNhYTQ5NjNmMmM1YzI6MTc3Mzc1NjkzMw==,pending
pycryptexe-1.1.4.tar.gz,2023-03,malicious,dcaa7f7d1586637b6bacbaa7a0e03369d58f07da5fdcc7034aba04795e8c4eea,Y2FmYjlhNzI5MTI3OTUyN2UzMGY1ZjBkMzgwZDcxYjQ6MTc3Mzc1Njk1Mw==,pending
pydefender-1.0.2.tar.gz,2023-03,malicious,0799ae122a5e467b8ba19c4f2b9119c796b3450a1e79d0c0746ab4fb1b6d0173,N2U3ZmZmYzE1OThjMDg4NjczMjk3ZTE5MzU1MWMyYjQ6MTc3Mzc1Njk3NA==,pending
selfcontroledintel-3.63.tar.gz,2023-03,malicious,f361a8715e78bd2f5315241c851aca6633a4c922f9ba48f952aaaceeb7eea7be,MTc4YzRhM2E3NDEyMDAyM2Q4NjRkOGM1OGExNzgwNDE6MTc3Mzc1Njk5NA==,pending
tppongvisapip-5.75.tar.gz,2023-03,malicious,9e6b6eb4bf7b5ece1a339ed3ea172243e2556a39bc378f450c742e931fdb9c55,NmJiMWE5Nzk3YzE3NTQ1OWY2MmI5ODJlOTUzZjI1ZGY6MTc3Mzc1NzAxNg==,pending
esqstudyrepull-2.77.tar.gz,2023-03,malicious,f557942e3217e389d6caa25e14b0d30b93f227f66cf196a9814db8c27f99e4ce,Y2JhZTJhZWI3NzE2ZmY3MWI5ZmM4ZmQ2OTBlZTRiMWM6MTc3Mzc1NzAzNg==,pending
ansiicolor-1.2.5.tar.gz,2023-03,malicious,ffd46ccd25af3f55f001e2702b97bcefa3093481bcb86103baf98fc1685a9d5a,ZGE0YmMzYzEwNmJiOTEyMmM0ZmQzMTZhNWMzNjVhNGI6MTc3Mzc1NzA1Nw==,pending
pycrypterexe-1.2.1.tar.gz,2023-03,malicious,b1aa2e9f205558bec6f4f51ea2ae47ea1f50e3202ad05daf2aab086a55a63280,ZDlhZmJhZmYyY2JjMWU3ZTMxMGYxMGY5YmNmNWI4ZmM6MTc3Mzc1NzA3Nw==,pending
selfvisapaypalmine-3.5.tar.gz,2023-03,malicious,1639b53258b50830566bff26d5486b2462b379be352a551b9d59ae16195267c9,ODgwMTE3NzYxNDlmYTUzMzFiOTI1OGU3NjE1ODAzMDI6MTc3Mzc1NzA5Nw==,pending
selfstudytoolrandom-5.12.tar.gz,2023-03,malicious,b8f850a8e3f1f6401b21526076cb8ff33534ee4f4019b8e57f12f7a78ff8cc0c,NDA0YWFlZTlhOTdjYzY5ODFlNzg3OTAzYzExM2MwZjQ6MTc3Mzc1NzExNw==,pending
selfrandomhackedstudy-5.83.tar.gz,2023-03,malicious,8dc9dbb409b1eef1942023cab81c0d043ec9f7f9a835631a0c20f1140e15762a,NmFkMTc2OWQ3MDhkZjU0OTQ4ZmFhNDBjMGU5NzdiYWQ6MTc3Mzc1NzEzOA==,pending
aiotoolsbox-1.4.5.tar.gz,2023-03,malicious,11680caf1b0cb16222e18657bb30b2202d6b14dca5e8522f3ff564366f14860a,NjliMzdhZGFhZmI2ZWYzMTJjODEzNDFhNTVkODBjZTQ6MTc3Mzc1NzE1OA==,pending
esqultraultrapong-7.37.tar.gz,2023-03,malicious,0e7496d3692889cc4010b91c4af6739ea865a683926a2b298093bbf7af0ef56c,NWYwNWZkMDBjMzkyZGYxMjM2NGRlMmFkMzAwZmI3Y2U6MTc3Mzc1NzE3OQ==,pending
esqcraftlibcv-10.44.tar.gz,2023-03,malicious,5884b435297b26815ecdaa64e29272bf7fba06590662e0d1d2c437a7d95f71e6,N2M4MTcxNjc0MTkwNWY0MThjMTc2ZDdlNTFhNDUyMTY6MTc3Mzc1NzE5OQ==,pending
xboxredeemer-1.0.tar.gz,2023-03,malicious,d51a5bcce6c0f70664d26084f28c7ec711dbcf35157ea5870dd91b690e49c4b5,YzZhMWI1MzQ5NjE3YTRlOWU1NjA0MzI4Zjk1ZjdiY2E6MTc3Mzc1NzIxOQ==,pending
nagogy-1.0.0.tar.gz,2023-03,malicious,ac6b7a544cf6f1ee0170d8a0f4aa468e69d15b28c0c644280f74b5a175463693,N2FlNTlkOGRiNGVmNGQ2N2UyNzU3YWE4YzEwNDM2M2I6MTc3Mzc1NzIzOQ==,pending
pycolorz-0.0.8.tar.gz,2023-03,malicious,8f2cc1c0590cc98b5ef0dacc931c07f2578e8e49a8bcc38654318fc556689cca,MWFhYmE4OTQ2ZDIzYWQ5NjA3NGIxYTUxNDcxYWYxNjI6MTc3Mzc1NzI1OQ==,pending
tinyad1-1.0.0.tar.gz,2023-03,malicious,039fa16a4e64972743c9ccf515f574b9e1d4690d2c8d3ec9e51619a8c12e74ad,MjE1ZDMyODQzMDNlMWZlZDRiZmUwN2UwOWY2ZmI0OGQ6MTc3Mzc1NzI4Mg==,pending
esqproofinthydra-4.9.tar.gz,2023-03,malicious,2ff2215739f02c05a207b2e230cc84f055bfa34719c703f1ae5f461e9256b6d8,NmM2MDM1MjFjZTU2NjYwNWI4NjFmNmVkYWQ2ZjY1MzA6MTc3Mzc1NzM2MA==,pending
esqsplitmaskpy-9.35.tar.gz,2023-03,malicious,59c2ef4c7b84bd7d54fbad4aea273c533a75ca7f6a7fca6f719c791bca1e50f8,MjU5NDEyZjEzYzRlODZmNWZkN2ZhYmJkN2FkMDM5MDQ6MTc3Mzc1NzM4Mg==,pending
tpreloadad-1.68.tar.gz,2023-03,malicious,35c5f429e2357f8376adb7726089a2902be70d483af60084e533ada6540ccd73,NjJhYTJlMGQxMWMwN2Y2ZjYwZjgxZmRjN2YzYmQ5YTU6MTc3Mzc1NzQwNQ==,pending
pydefender-1.0.0.tar.gz,2023-03,malicious,9f8e1c16bbcd5bc429dcb6df50cbc1b6e945c8b6205978c953acd340c5e8b292,ZDg2ZmZkODYxNDRiYWZiOWI3NGI4MDhhZjI3MTdmYzk6MTc3Mzc1NzQyNg==,pending
pycolorz-0.0.9.tar.gz,2023-03,malicious,603a66f83abb2dbfb7a4684667b3430d29d90e23e304858da4a3d3f965917489,MjlkNDQ2ZjA4OTc4ZjQzYjEyZmU0YWJiZGMyZDJkZDI6MTc3Mzc1NzQ0OA==,pending
esqcvinfogrand-5.33.tar.gz,2023-03,malicious,9c3f9f7e01073d5ce3a79915fd8d5f5fa714705a1ce0c3d3cd75af3c6bccd2b3,ZmZmYzljODIwYmU1OGI5ODE3ZTIzZTJjMTUyNjdmMDA6MTc3Mzc1NzQ3MA==,pending
naranjooosylex-0.0.0.tar.gz,2023-03,malicious,cc9c216ee97a498f6e821bae135a2b1b89e658455c43dd5b59b67776bb3d3ca2,MjZkOTMxNzg4OTIxMGRhZDA2ZmYxNWQzMDc1ZjQ4YzI6MTc3Mzc1NzQ5Mg==,pending
py-paypalinfopip-1.81.tar.gz,2023-03,malicious,541ba5c94b2d1dc3ae501122f07466d840479652b5de23a3a06d1dafd0b129ba,NzhlMzNiMjA5YWNhODNjNjBmMmU4ZTMxZDU5YWU2YTM6MTc3Mzc1NzUxNw==,pending
pycord-slash-0.0.8.tar.gz,2023-03,malicious,2349ebbeba42c93831390922888a5fcfd5737547e151cafd4d2a8ea620f1adee,NGE0M2UwNGU4YWQyOWQ1NzZhMmRlNWVhN2FjOTQyMGU6MTc3Mzc1NzU4NQ==,pending
tppeppushpyw-3.5.tar.gz,2023-03,malicious,46c6eb1391d6c813e3080330b5046c69c26c841507888232d3907bf025d989e3,M2RjNTllZDA4OTFiYmJkMzFjZGNmNmUwNDQ5YmNmZjE6MTc3Mzc1NzYxMA==,pending
esqmasksplitpush-1.41.tar.gz,2023-03,malicious,78f498d77360bd893c34f3190ccc6d8a8285e62d8cf66866ba8943649763984f,YjU3YzBjOWE4MTJmOTMxYzQwN2I5MjZhYmI1NTEwODA6MTc3Mzc1NzYzMQ==,pending
esqpaypalnvidiaurl-4.73.tar.gz,2023-03,malicious,86fc74ee8484239e7fe133b2c76ab0391a0d9064747e5c4d4038d52bd831e1c6,OTgxNTA3MDIwMTc5NDQyMjU2MjU2YzNlM2UwNTE1YzY6MTc3Mzc1NzY3NA==,pending
reverse_shell-1.3.tar.gz,2023-03,malicious,6e2cfbe21e8f865ae0320d262184d853e0614b4a50db7f510eb3bc92cf535456,MGViMmNmZTcwNTNiYzJlOTRjYzE1YTJkODgxYTRjMTk6MTc3Mzc1NzY5Nw==,pending
liburlcraftgrand-1.28.tar.gz,2023-03,malicious,4d2723a95fd024743e5dc9bc4751b11f5ea43540d46f3ba03d2beb73c5a645b4,NTMyMTg4ZWZmYTAxOWEyODliMWVjM2MyNmE1NTY4NGY6MTc3Mzc1NzcyMQ==,pending
py-replacestringcandy-4.69.tar.gz,2023-03,malicious,d37ff953ad8f416571ad199298957bd535fd60c73caac1dde01451021ae4a83a,ZTYyMTAxY2YxMGJlNmI5NDY4ZGQ4YmE1YWU4YmE0YjQ6MTc3Mzc1Nzc0NA==,pending
libpywstrvm-7.15.tar.gz,2023-03,malicious,03de7342d07fe704b7744e938150d71c3783e05886c49f5526a8ad2004587472,ZTdiZDdhZGIyZTVhNDM4M2EzZDIwZWNlN2NiNTA4NzI6MTc3Mzc1Nzc5MQ==,pending
xboxlivepy-1.0.tar.gz,2023-03,malicious,737b1ae3f69dc45ab5dc4052118f2a3d669bfd51945534d41a1777a8181ca4cf,ZWJiODllMjFjYmQwMzJhYWUzNTdjMjgxMzM1ZTNhMzA6MTc3Mzc1NzgxMw==,pending
socksproxies-1.0.tar.gz,2023-03,malicious,3c5491ee5d77b27d707402f2868036cde64085521ea2d17ab64bb9af9dfc3975,NWI1MDYxZTQ1Mjg5Y2Y2NjM1MzgyZmQ1YjhkMjkzYjA6MTc3Mzc1NzgzNA==,pending
sylexnaranjo-1.0.1.tar.gz,2023-03,malicious,a1ac2845e0c49f8439a0d2d199a8b15c7735efc3c8e52a1dceefc7c71d8fb8a9,ZDFlNDVjZDk0YjYyNmQxMTRiOTVmZWI1OGYwYzFlYTk6MTc3Mzc1Nzg1Ng==,pending
tppinghackedpaypal-6.85.tar.gz,2023-03,malicious,95d724b5ba77606920ef452a16418542898bfe3158bb21ccfae1154a18858230,ZWUzMWNlNjAzNThlZGRkZGU4YjcyNjMwODQwZWQyOWQ6MTc3Mzc1Nzg3OQ==,pending
selfosintLGTBstr-5.1.tar.gz,2023-03,malicious,aa3505d275575631c9569785c4a3a5a9cab1a578db6803c91d98eee347346da2,ODJjZDI5OWQyNDc1ZjhlMzY4ODJkMTFmZDZhZDI5YmM6MTc3Mzc1NzkwMQ==,pending
pycrypterexe-1.0.6.tar.gz,2023-03,malicious,97ddd4a35a7a783af3475e7147b1163f5a3b24509b5ed70a31b84fff45b993c0,NjY2MWE1OTRiMDgzODMyYjE3MDc4MjZmMWFhZWMxZmM6MTc3Mzc1NzkyNQ==,pending
tpmaskvisacontrol-4.97.tar.gz,2023-03,malicious,cc70cea64ea3ce30f79c0bf121ba1257b5a166e13ae9f5271d5f26ff7cd5ca92,NTdiMDRhY2M3MzA0YjhjNTIyMWJkMjkyNTVhYjBmMTY6MTc3Mzc1Nzk0OA==,pending
reverse_shell-0.3.tar.gz,2023-03,malicious,8e8caa874ec2e6100982eaa82a0ec75f5d414466c20ed82117040d22f9287a3e,ZmZlM2E5MjlhMzNkYWI4YjU3NTA3ZTBmOWFkY2Y0MGQ6MTc3Mzc1Nzk3Mw==,pending
WMI-Toolbox-0.1.0.tar.gz,2023-03,malicious,f3c444c7083b5a771ca2440655813b4c6fac44ebb784d833284bbedfa449cabb,NjZmN2ZhMThkODhkMGRiYzM3NDFiNDg1ZWQ5NDA1OTA6MTc3Mzc1ODAwMA==,pending
libgetrandram-7.78.tar.gz,2023-03,malicious,83df998f46428eef302553793a72a1519af7784cde60a81432b4781e37a4ce6c,MTNmNzNmODcyMTQyOTYyOGFmY2NkMDQ1ZmUzYjZmMDg6MTc3Mzc1ODAyMQ==,pending
esqpepintpyw-3.40.tar.gz,2023-03,malicious,15842ae0ab003d240288a68deb3066fa950bc9a63a3c995320580c08d03b913b,OTdkZjI1NmNkMWNkMTUwYjkxMjMzNjQ0MzJiZDMwODg6MTc3Mzc1ODA0Mg==,pending
osxen-1.0.tar.gz,2023-03,malicious,98b7f3f196ca9d0be1cc502453f64c31dd220c771bb6f9652597ed2877b7319b,ZmQwYjlhZWJhMGFhNDY2OGU0YjA1YzViMDNhYTJhYzQ6MTc3Mzc1ODA2Mg==,pending
pycrypterexe-1.0.7.tar.gz,2023-03,malicious,387900ee180afc87c03fce3d088a9aced7811f2d2f36b7fd78756b503ecfda8e,ZmNmNGZmN2ZiMDgxMjhlZGJlODMyMTUzZDJmOGM2NWU6MTc3Mzc1ODA4Mw==,pending
esqrestrhttp-9.27.tar.gz,2023-03,malicious,91d7037062be6c0dee78c03d7a170f88ff631328255edd4848117e6719e534b8,YjMzZTJjMzI5ZTRhNmQwOTUwNGEwMzYxMTYxZGZlMTU6MTc3Mzc1ODEwMw==,pending
tpccpinghacked-8.85.tar.gz,2023-03,malicious,248139d854529b32ffaead1aae5c136ff2a36ca75a37c1ee141d2958eeccbe9f,YjU1OTY0MDAxMWQ2NWM0ZDJmYjNjMTk0ODc4ZTZmMDM6MTc3Mzc1ODEyMw==,pending
pycrypterexe-1.1.3.tar.gz,2023-03,malicious,0af9aa15c683553ecff9d482938bd060ea92e2ec5072ea390392b7351cc80eb3,YzFlZWE2ZGU3MWFkZWVlZTM2NjYxYWY4MmY5ZDJkOGY6MTc3Mzc1ODE0NA==,pending
py-intelpingvm-5.15.tar.gz,2023-03,malicious,9858c2c5aca216c010529a40405b3eb0e882a3b76adafc442a83e5d7f71f068a,NDdkMGZjYWI5ZTEwZmRlOWM0NWIxNDQ5NTQ3ZDBiZDc6MTc3Mzc1ODE2NA==,pending
requstsss-2.28.2.tar.gz,2023-03,malicious,4fd81c2f4af07a0095d50fbc1b492650c4cc856fa7fd7009081a7d654b4ca43c,NzNkYjE0MmJhNmIzZWViMmJlZjU5NzNiNDk3MDBkYTg6MTc3Mzc1ODE4NA==,pending
zproxy-1.0.tar.gz,2023-03,malicious,d31352817b9de312af362d0ee0b4c4ae4ac3b525b9778d21aba4bd3b2cb39dd6,ZmFiMTJkODhhYWIyYmUwY2RmZjg0NTBjMDgwZTE4MmU6MTc3Mzc1ODIwNA==,pending
pycrypterexe-0.0.0.tar.gz,2023-03,malicious,eaab51a141cdc6de7b320caf4529348044c8cdee79ff1d4fddcf62b2006cec40,NzFjNjQ4NDk4NGVjY2MxZTQxNjkwNDliNDQwYjk5ZDQ6MTc3Mzc1ODIyNQ==,pending
selfpaypalcontrolsuper-5.71.tar.gz,2023-03,malicious,9e736c07599cee5e2a51eff9ef3cdb8906b0e658f6ca39881c6b5b854afb055f,NGEzNjBjMzE5NDQ4MzA1ODMyOTIyNjEwZGM4ZmI5OWM6MTc3Mzc1ODI0NQ==,pending
tpmcpongpaypal-6.87.tar.gz,2023-03,malicious,f24a5866841c2d807210818c622eb3ebd189232b2f17ae0840af230de7e161ff,YjI0MmUxMTNjNzUxOGE4N2I0NjkxMTYwZmY1NTY3NjI6MTc3Mzc1ODI2Nw==,pending
selfosintgrandrandom-2.67.tar.gz,2023-03,malicious,8833f24eaa662b579751955107cbf12b2e629854d81109893ab7fa5a4884cae3,ZGRmMTg1ZWJkZTlkZWIwM2QxZTJmZWZkOTI2YzBmMjQ6MTc3Mzc1ODI4Nw==,pending
libcckillhydra-8.76.tar.gz,2023-03,malicious,8410bce0eb1ecc345f1188a8fe92dfbb19b36dd5caee01625ddb1a171dad11ec,ZmNkNzM1NDdhNmMwYTM5YWZiODY4YTcwNTYxMDIyMTg6MTc3Mzc1ODMwNw==,pending
tppyrandomed-4.33.tar.gz,2023-03,malicious,cd3043810ffd21d77504baf33308ff290b6ea6edcd76c3fd475f5b1d31fb730a,Yjg3MTAxY2M1MTIwMTE5NDQ2ZmU4ODUyYzZkNWIyOTc6MTc3Mzc1ODMyNw==,pending
tpintelpullcpu-9.31.tar.gz,2023-03,malicious,116521974ec23c2ecd959ac14eca3c608da27a1e6dddea450736d654f7c4567a,ZTEyMzAxYzM0NzdjMDE5NDg0NGI3OGJkOGM1OTY0YmU6MTc3Mzc1ODM2OA==,pending
pyfigleet-0.8.post1.tar.gz,2023-03,malicious,3367950064ac6c1a0fa50c1761d92ae6422da96e6c1c6b25c49bce14c6472602,M2Y3MjdhNzk3YjU3MDJlNWUxOWQwZmEzOTA1ZGI1NjY6MTc3Mzc1ODM5MA==,pending
tls-python-1.0.tar.gz,2023-03,malicious,287dba8cb6bfff8a239a8b6948bcd5124f27027f6937f35f06ad43edba17edfb,MDM4Zjk3NGQ1MjlmOGU2N2I0ZTIyZmM0ZGNiN2ZmM2I6MTc3Mzc1ODQxMA==,pending
pycolorz-0.0.7.tar.gz,2023-03,malicious,c97c3ce1f30c2a8e3425b861f05752901fa9250d44e762df624740701a7afb46,YjNmZDM0NWFmMGQyNTY2ZGVjOWE0OTkxZmIyNWIwMDk6MTc3Mzc1ODQzMA==,pending
pydefender-1.0.6.tar.gz,2023-03,malicious,cef65b0e28857f70d04f91eeab36d182f99f2fbdca094dc8287dbe5afde158cf,ZjgxZjUwNTE5ODNlN2M1Yzc3NGJiYjM0MzM4NjJkMjQ6MTc3Mzc1ODQ1MQ==,pending
dpy-bot-1.0.tar.gz,2023-03,malicious,f18c7bcfb7c0820a9ca1a7f9faceff7d117516ab7aaae1eda221496fbd35dd91,MjE1ZWZiY2Q4ZjRlNGZkM2Q1NGU3OTgzMTEyOGJkOWQ6MTc3Mzc1ODQ3MQ==,pending
esqhackedLGTBpip-5.4.tar.gz,2023-03,malicious,b5a26e3452e8d0cacb021700bb0ed4c21b51c0bc974995cb05658644ce1a60c4,NGU0NzNkMWY3ZTgxODRkMGE0MzVhNTRmZjA0NTc2OTg6MTc3Mzc1ODQ5MQ==,pending
esqverpyosint-9.22.tar.gz,2023-03,malicious,c1fb4da78efc23e13e9c910407eb08f7ab4194ee2b6a22bdbefe13ee2706b0f6,OWJhYzZlNTZjNTE1ODYyOGZhOGIzODQ3MmIyY2U2Mjc6MTc3Mzc1ODUxMQ==,pending
selfhydrainfoproof-6.67.tar.gz,2023-03,malicious,e706538f025bcc755aabbe504e29f58b63316add81b4bbed5679f0b3c8398a47,Zjg1N2M4YWZmOTZiM2IyMDdjMTQwMTgyOTFjMmYxZDU6MTc3Mzc1ODUzMg==,pending
rawrequest-2.19.tar.gz,2023-03,malicious,5d1e909dd3912953c48ce355384ae3f97f0d912f3f772c35d32fdb58001687a3,YzY0YWE0Yjg5ZjJjOGY3OGFiMjlkNjUxM2Y3YTdhZTQ6MTc3Mzc1ODU1Mg==,pending
esqccpullvirtual-5.37.tar.gz,2023-03,malicious,befc6e1ba6a82ea87ea521908a6fa43dbf3c5673796356ddf26a6800ea915de5,YzA2NmQ2OGI1ZDAzOTNmMGM5ZTc1OGYxNmE5NzY5ZmU6MTc3Mzc1ODU3Mg==,pending
RobloxAPIACCESS-0.0.2.tar.gz,2023-03,malicious,726e923833f10926a3b8d08e645ebfe309a6073c0376b3817291d64faae3f184,YjJmY2QzYWQxZjI2MzBkNDRlMTAyMzE3YWQ1ZGE1MDM6MTc3Mzc1ODU5Mg==,pending
tls-bypass-1.0.tar.gz,2023-03,malicious,17222bed03cc63ccbee101f04ce2d0d013783360cb92d3e25f59f408407195fa,ZjNjNjExZGE0ZTg2ZGM1Njc5ZmI0MjdjYmU1MGFiMDk6MTc3Mzc1ODYxMg==,pending
axderz-1.0.4.tar.gz,2023-03,malicious,8550e18d90c17daeaf48de04407e1bbc95d8031615315c0bf8d336d94427a18d,MmY5NWIyYTQ0ODcwMDk5NTUyYzRkNmYwYmFlMjYwY2Q6MTc3Mzc1ODYzMg==,pending
zproxy2-1.0.tar.gz,2023-03,malicious,9b1c7fcf0dfe7625d5906ad5cca07a007a0148bdf18241c7890da80f447e8435,ZmYzY2YwN2VlMDhmZThkNTJjM2VkOTM3MDM0OWEzOTA6MTc3Mzc1ODY1Mg==,pending
etlisalat-1.0.tar.gz,2023-03,malicious,f7dd5208d8b942010f44787e4b664e8e0043dd3d5fb0dec12c7c64b6e6f39318,YzM1NDI0ZDBiMGQ3NTBhOTlhZjEwM2NmZjM0ZDE5MTk6MTc3Mzc1ODY3Mg==,pending
esqurlencodead-9.76.tar.gz,2023-03,malicious,f0bec166137a3ca12e764bf1e6dd49398cc5a8efa217004421469cafcfdab1b6,Mzc1N2MwOTA1ZmNmOWNiMzM2ZWZkZjU2ZjcyZDc2Y2Q6MTc3Mzc1ODY5Mg==,pending
otr_utils-0.0.1.tar.gz,2023-03,malicious,3fd8379add3d7018294237eb1b67824c9679e4186b6ec334ef346e7de722fc02,MzI0OWZlMjRmMGQ5MGQ4YjU3ZWY2Njg1ZmExMmYzNmE6MTc3Mzc1ODcxMw==,pending
esqgameloadrandom-4.81.tar.gz,2023-03,malicious,dfaf266f7f8c8b8997362e545b79e5c8f0427cb1856801b2c3fb75d4493fa7b8,MjRlYzRiNzIxZWI0MTkxYzYzYjE2ZGJlZWQ2MzhmZDE6MTc3Mzc1ODczMw==,pending
libpipinfoad-10.35.tar.gz,2023-03,malicious,f4a7b14228e5a7b30e60dfad3e005d28beedf16632451f43a42645a8fbc10ed1,NDY3ZDI5MTFhMjQ4NWRmNDc3YThkNmMzM2E4YWVmNGI6MTc3Mzc1ODc1NA==,pending
esqrerecandy-2.70.tar.gz,2023-03,malicious,50cd8810a446d7630cb7d441e067a1a3d77baa64f5f23639032afca66328bed3,MzE0YTc1MmVkYzlmZmI0MzYzOWRjYzI1MTg4NmFjODE6MTc3Mzc1ODc3NQ==,pending
selfpingintelvm-2.94.tar.gz,2023-03,malicious,4b095e2fce2ea883ea529bf6b710c5f1d86666fd2dec24acf2663be48786e274,Mjk2NGM2NTFhMTIzZDczOGQwZDc5OTgyZmM3OTkzNjE6MTc3Mzc1ODc5NQ==,pending
esqsplitpushpush-7.71.tar.gz,2023-03,malicious,a9c730c8514ceada1713b78ae430e87551b307a6cb6516dd8787a0e200da1961,ODhmNWQ2YWNmMjczYzllZWY1ZGJhNGNmOTRkMzYxZjI6MTc3Mzc1ODgxNQ==,pending
tphydratoolsplit-7.67.tar.gz,2023-03,malicious,6b63a1e1a373bef44b612ef241bc72128e1ec66c79be6da062967351ce981271,ZDAyMjI4OTgxZTg2YTQ2NTVhNjI2ODVmOGU2NjFkYzE6MTc3Mzc1ODgzNg==,pending
esqinfostrosint-9.73.tar.gz,2023-03,malicious,58f279fc343a6634c0c8a1eb0a2a55d9943f5362eabe514c3a989abc9d205382,MTJjYmE0ZWRkZmE2MDlmNzRhODNhMmZmZmQ3YzEzZGY6MTc3Mzc1ODg1Ng==,pending
libminerandomosint-2.54.tar.gz,2023-03,malicious,0dcd251e3ee9fcb28592cd7923899bf9b6d98ef9db7eab0afc3a863f18128d15,MDQ0YjE1NDc1OGYxMWVlMTFhZDhkNGQyZTJmZjM4MjA6MTc3Mzc1ODg3Ng==,pending
selfguiccproof-4.81.tar.gz,2023-03,malicious,fc091f3041782ab80c2c504aab76e07d2414025573bf5dba0a7fd0624d0d25cc,ZGU0NThmZjhlYzBkYTEyZGJiODE1ZDdiYjZmZTQ0Njc6MTc3Mzc1ODg5Ng==,pending
selfinfopushpip-8.53.tar.gz,2023-03,malicious,b85daaa5dde523a284fb597e4a2608cd66a92e2a1207bb15ad7ccf85976b2994,ZWM5MzhjOTk4OGU5NDFlNzNiZTBmOTJiNWZhYjFmM2U6MTc3Mzc1ODkxNw==,pending
tppywpostram-6.74.tar.gz,2023-03,malicious,2e0153fe35c67d49b013e634098a8cac12f6e5a75024c35b25193c3e8e67418d,MGQ4ZDhlZGRiYWNmYzU1YzAxZDE2MjU5Yzc5YmFiZTQ6MTc3Mzc1ODkzNw==,pending
SIAMTTVIEWS-5.1.1.tar.gz,2023-03,malicious,acb76cf2ad89d34355e099a1629f3cd2baf31250f6acb31a5d4d539fb34bc74e,NWU2NzE0NTFmZGIzZjJjYzc1NTI4NDhjMTBjYjc2OTQ6MTc3Mzc1ODk1OA==,pending
py-intelpepsplit-5.26.tar.gz,2023-03,malicious,0b3dd8fb68e6cff838d14edf486c440238e5e5bf65b6e4229b3e78c5a3058b36,NzAyODdlYjZmNjZkYzg1YjM1NjA0MDg2MzU2ZjU1N2E6MTc3Mzc1ODk3OQ==,pending
pymaniac-9.0.tar.gz,2023-03,malicious,72d2bad5ebf9ce6f6a39881dc92eba06aca07c0d25107bdf0c521853d8309f4c,NjU1MzlmMjI5NDVhNjNkNzdjM2IwZjI5MzIxMGI5NjM6MTc3Mzc1OTAwMA==,pending
pycrypterexe-1.0.0.tar.gz,2023-03,malicious,4eb1abcec361f2e40be68ede077561e1256d3e2d62bf2aa57f71b19b904280ae,M2Q1ODRjZDQ3OGE0N2NlZjllMzVkODQyYmQyMTdiOWM6MTc3Mzc1OTAyMQ==,pending
pydefender-1.0.7.tar.gz,2023-03,malicious,74b20897e38f38c13cc093e082ee40dc2e36afb71b9e88e9bc89f7b561bc7a3e,MTRjYzQ2N2Q2MWIzMDgyNjg4MWU3ZGI5NzE1OWVlMjY6MTc3Mzc1OTA0Mg==,pending
tiny43-1.0.0.tar.gz,2023-03,malicious,0f7a3fe05d2726c3545d96192c5033622dad9f8ad96fa87a809041715a9fd134,ZWJmOGNjYjgxY2E3ZTlkMGU4ZjEyNzFmOGVjMzhkZDM6MTc3Mzc1OTA2Mg==,pending
selfmccontrolstudy-4.26.tar.gz,2023-03,malicious,654a4d6065af76ba654b1f334fb03a60d537e1d0a3bb93b65ac6d84fea246453,ZDJkNTM3YTVlOTA0ODkyYTlkMWQ0NGI1N2VlMzhkZTg6MTc3Mzc1OTA4Mw==,pending
selfhttpmcpush-6.76.tar.gz,2023-03,malicious,46bffbb5c0a2e50333e2fb7bc47445e3efe8ccc55c4fde8083c3e375af7dbb44,MzNkZjM0NjFiYTA2MTBlNTJiMzkzM2I1YzVjNWFlOTQ6MTc3Mzc1OTEwMw==,pending
fastapi-https-0.0.1.tar.gz,2023-03,malicious,3850e1ac3aaf55bd4fcd7b65a02515b5f96252cacdc29de301ba2d431872853e,Y2VlY2RlMmNkZTAwMmRmZTdiZDU3MDM3NWFiNmFkYjk6MTc3Mzc1OTEyNQ==,pending
pycrypterexe-1.1.4.tar.gz,2023-03,malicious,c257dc76fe5e39bffbec4cadf51a80f521fe2308a5f4dfb7c286ab60f59a7572,NjhjOWJkMjUzMjFiZGFkNGUxNjExYzY2NGRhY2VlNjM6MTc3Mzc1OTE0NQ==,pending
discord-slash-0.0.8.tar.gz,2023-03,malicious,68d32c939ae422c49215bf56b4ce23d771494552d03ff7d6dc13e0462c373698,N2ViMjA5NDU0MjRkMTJmZTEwYmRkYmNlMGY0NjZlNmY6MTc3Mzc1OTE2Ng==,pending
esqcvcpupy-5.75.tar.gz,2023-03,malicious,48d7d3559bdd34b05922c9ddf4cf3e823dde1116c9006a76d0b4565fd5b1568c,Y2Q2MzNlOTVjMjNhYzZkYmI3ZjVkMWU2YjJkN2QzOTk6MTc3Mzc1OTE4Nw==,pending
tiny423-1.0.0.tar.gz,2023-03,malicious,6a627680551c1277325477c844243567a9deb6c9719d71af81c6c84802017bf3,NWFiYWQxOGQwYjYyMDZjZWFjYjU2YzY1MGM0NmQ0Yzc6MTc3Mzc1OTIwNg==,pending
selfsupergameencode-1.83.tar.gz,2023-03,malicious,535c6f38cebe75c903a81121ac82a1f271c14b8b01068cf8d2b9cee083b10977,MjQyZDdlMzI4ZjJmZGVjZjNiOTZjYjM5ZjY2NmFmNWQ6MTc3Mzc1OTI2NQ==,pending
pyprotectfile-1.0.1.tar.gz,2023-03,malicious,a34083d01725fab38769426b740199d9db335b9c0333f2060c1a641056a7aa6a,Mzg4ZWQzNjVhZjUwM2NkNjE1OTg1OTkwOWRlMmFmNTE6MTc3Mzc1OTI4NQ==,pending
libguigrandmc-9.92.tar.gz,2023-03,malicious,1998db9f3eb452fa7b9f0230392f5b50d3fa5e38d00812004e9de0e5df485bbb,OTU4NTAyMjNmODEzMzQxZGRhMjMyNjljMzU5MDQ1NjA6MTc3Mzc1OTM0Nw==,pending
reverse_shell-1.2.tar.gz,2023-03,malicious,2ce685a6675ec44239c025db0ffd69445896554db8d4bcd68dd9d2dfdffb1800,ZjllYWFlYTBkNzFmNzFmN2U2OTc3NDE3MGZjNzNjNWM6MTc3Mzc1OTM2OA==,pending
pydefender-1.0.4.tar.gz,2023-03,malicious,fdaa42efb81dcf70b93c77b7e33f1bfc0b0bb8aeb41da4fd8ad2a268aba41adb,ZDZhOTE4ZDRiOGMyYmQwZmNkNmNiMDQwYWRiYTJhMTM6MTc3Mzc1OTM5MA==,pending
poiqweconnector-1.0.7.tar.gz,2023-03,malicious,137b04db1fcc5c2eade0ef86369c308b833d4654e1a90be4fa29062766893d46,NTY3NmFkZGMzOTE1Y2FjZjVlMmE1YWY5MDIyODU4Nzg6MTc3Mzc1OTQxMQ==,pending
libpullpongpaypal-1.86.tar.gz,2023-03,malicious,9738f0757399d6b93f4307fe7ba31d195a219f9c908992ac37ff9dfba27fa374,M2IxOWUwM2NkOGRhZjc4MzhkMTRjMTI3MGMzZThkYzY6MTc3Mzc1OTQ2Mg==,pending
tinyad2-1.0.0.tar.gz,2023-03,malicious,59d8740c3693e2cdecc86f50423a3695f6549969969381b1a4badcc29617b9bb,NjFhM2ZkYjI2ZjU3ZTYyYmZmMTMwYjNlMmE4ZGIyMDA6MTc3Mzc1OTUwMQ==,pending
selfinturlstudy-2.23.tar.gz,2023-03,malicious,c039c7a71a21e8acd2c9f18abf49b16d0101e28bc1ec7ec465cd26d1c1c37fb8,ZTA5OWMzNjRmNDYxNGFlMGNmOWE4MmU1NDBiMjUzZWE6MTc3Mzc1OTUyNw==,pending
py-pywvisahydra-2.86.tar.gz,2023-03,malicious,24263e2db6fa1261ab41031155b4ccf5af3fba15e7e24d4e9be480f71f26feb4,NDMwZWUxMDE4NjExMGQxMTUwNDkxZDY0NTM0NjY2MWU6MTc3Mzc1OTU2OA==,pending
selfgamevirtualad-1.51.tar.gz,2023-03,malicious,d4178d17119044122aca67981142d6adfd880c75e2fad8c3cd9d079fe97a9854,MmNjZjYyNmYyMGJjNjA4Y2VhM2IyMTMyYTgyYmQ4NWI6MTc3Mzc1OTU5MQ==,pending
poiqweconnector-0.0.3.tar.gz,2023-03,malicious,72169d05a0fa90c6e6c3b61e03baeda4590de7ec01710a598cec3dedc5c0b974,OGI2MGJjOGZjOTA4ZTZmNjgxYTE2ZWZhYWUyMWM0N2Q6MTc3Mzc1OTYxMg==,pending
syntaxcode-0.0.0.tar.gz,2023-03,malicious,1ed543b64c6256a76216737211d15f61a4c35930a8726f1fdd73909ba48ff611,MjUyNjBjMTMyZGM5YmZlOTQ4MTc0NDBiZTkyMjViMWU6MTc3Mzc1OTYzNA==,pending
selfccvirtualgame-6.70.tar.gz,2023-03,malicious,1ecb4f7596f918c200031004972964b117060f4f60ffaaa7a13ab657cc993889,ZGE3YzNlY2UxZWRhNmRmODFlY2FmZTM0YWQwNjdiNzg6MTc3Mzc1OTY1Ng==,pending
esqintpaypalram-5.71.tar.gz,2023-03,malicious,4dd8944ff59822cbad40274492c69d94ab01766cc622ca41d25a020adc214edf,NDg0MThlNTU2OWQ0MTI1OTQ3ZTQwYjAxODA1NzU0NmE6MTc3Mzc1OTY3OA==,pending
support_dev-7.8.tar.gz,2023-04,malicious,f3a6b0af55b53b8c3e71a42ba8b661b8dff104e23e809a8ceaed71fa807c3f5e,MWFjZTUwNDdlN2U0ZjUyNTMyYjMzOWRjNWM2YTE3OTM6MTc3Mzc1OTczMA==,pending
ressend-0.8.tar.gz,2023-04,malicious,9e7d71a438f9ec2d8eb65d3b843118664a23d23d61fd85f97a2f0b9b8b632992,ZWE2YjJmNzY5NzgyNTg1ZDNiYmVlOWUwOGUyZjU4MjY6MTc3Mzc1OTc2OQ==,pending
pyjunkerpro-1.0.4.tar.gz,2023-04,malicious,7e64501c38506646f9860ddd058ec26b5e4aa4ebaeba96b068c32cd42f251699,MDMxZWUzYWQwNzRiMzJiNDZlMTdjN2E4N2RlZTRkNzU6MTc3Mzc1OTc5MQ==,pending
libidreq-0.1.tar.gz,2023-04,malicious,3efb46de2fe45693a52485846f59bf9836a8f1e36232ea67c156e1b2148e696b,ZmJjYjdhMTRlZDBmODgyYWU4OGU0YmNlZDQ1NDllZGY6MTc3Mzc1OTgxMw==,pending
testWhitesnake-0.1.tar.gz,2023-04,malicious,eba535b2af23af0ab00bb2eb225c7e5800d0870b1df9f0e5e258f8b9a41612cb,MDhlMjNiZmQxOTdjNjI2MjgwMjkwYTlhZDg3YjkxZjg6MTc3Mzc1OTgzNA==,pending
panderequests-0.1.tar.gz,2023-04,malicious,7586d570c09e78b71f5db50cbea1179c7ca9a9f1f46fa29afab007944dc33bb1,MGNlOTcwNjI1YzQxZWJlMmQ2MzVkZGYzZjMwYWJlOGE6MTc3Mzc1OTg1NQ==,pending
pyportfoliopt-1.5.6.tar.gz,2023-04,malicious,148b9f9cf286d9e2ab2468feac3f22755550376410fac7a417672f8758ee9b47,YmZjZDhhYTE0YjcyM2I3YmI0OTY2NjRjY2UzYTRjMDM6MTc3Mzc1OTg3NQ==,pending
aeodata-0.4.tar.gz,2023-04,malicious,7daa35e7a30ef0e8b220988f842f2f9b7a625575661951f3b4b77e795c0fa9bb,MWFjMzNjNDM3N2VkYzRmN2ZmMmNmMTFkOTViMGJhZTY6MTc3Mzc1OTg5Ng==,pending
pydefenderpro-1.0.0.tar.gz,2023-04,malicious,ace4ab5dc2a2e795069ad979ac9f9f1a467fd021e9480039b92200fbc945fb97,MWI2ZWIyZWYyOWNhNDFiYjg1MzZiZmVhYTE1MjFkOTM6MTc3Mzc1OTkxNg==,pending
oauthAPImojang-0.2.4.tar.gz,2023-04,malicious,d54e482af8a82d472bb4a72a3040297eb027697627cdbd08e473f31e6b4d5e78,NGQ3ZTIyNGRmMTVmOTM4ODcxODAyZTI5YTBjMTljZWM6MTc3Mzc1OTkzNw==,pending
tg_bulk_sender-2.3.tar.gz,2023-04,malicious,f92dec01e158a154622e0689fd3b7ba71027e53f30b9dc353146019d559339c9,MzRmNWRjNDA0MjA2MGU5MzdlNDg2YmM1NTJjNGU3Mzk6MTc3Mzc1OTk2MQ==,pending
pyportfoliopt-1.5.4.tar.gz,2023-04,malicious,44a418ce4c60569bec0eea0e405a95710c1543bf664389d62dc14a14adc6e45f,YTM4OTNmY2UzYzU5MmZlZjg4NGU5MDQ5OThjYjUzNmE6MTc3Mzc1OTk4Mg==,pending
test_23234231-10.tar.gz,2023-04,malicious,a48d7b7e03d8be2109dcc77bcdd6d720c8be4380b9943b8b07c5adeaa85bfb50,MTk2MGRmOWI3YWZkMmQ0YjBhYTRiYjRmMGYxMWRkZmU6MTc3Mzc2MDAwMg==,pending
MinecraftSkyblockAPI-0.2.2.tar.gz,2023-04,malicious,6c1e85579d9e2dc199f45aea3fd2d73bae7923b4f84b5c04c852f01827dee523,OTcxYzJhYTI0ZjZkNjVkODM5MGE5ODAzYWJkNTBlZjM6MTc3Mzc2MDAyMw==,pending
pyobflite-1.0.0.tar.gz,2023-04,malicious,d614ab48df9781bd24446c224f8bfeb85dd82da209d1e0dddb68ab4efd40137c,MGFmYTM4NjcwN2YwYzdkNjQzMDc2Njc4NWQxNzgzMzU6MTc3Mzc2MDA0Mw==,pending
ethtoolz-1.0.tar.gz,2023-04,malicious,25cbba1a752ef43aa516801cc84c2b4480a22faeab199240bc0ff5504e9537ae,OWMyOWFiZTNkODE1NDI4YTBkMGUxNzczN2NhNWQzMWY6MTc3Mzc2MDA2Mw==,pending
oauthAPImojang-0.2.7.tar.gz,2023-04,malicious,29f2f563355a7a8d53a4ec4b0451b8d312cee4839e658c03953526ad3cfce167,MGEzY2Q0MWJiN2ZhMjBkOTVkNDNlODBjZTI3YzQyMmM6MTc3Mzc2MDA4NA==,pending
ethertoolz-0.8.tar.gz,2023-04,malicious,6c1fc9e022cc9ba3df8abac76500d31a85ed8cee037a6aa263c5e80b51aad9c2,ZjBmYTQ4N2Y3ZmMxNWQxODIyMzA3ZjQ2YWRiYjI5M2E6MTc3Mzc2MDEwNQ==,pending
piprequester-1.0.0.tar.gz,2023-04,malicious,b614b7e56e186587422abc1bd41e9b39726ae7f57ed0e18a4241be43e1e1a582,ZDY4OWRhOGUxMDhkMDZhNTU4YWMyMWVhYTM1MGNjNTA6MTc3Mzc2MDEyNQ==,pending
oauthAPImojang-0.3.6.tar.gz,2023-04,malicious,486171b933fc1b8a0e6eb9a6f3e69dccde71bf43879c3dd849fc1bd44f7b3881,ZmY0ZGExZDdhMDllZDQ2NDczOTc5OGU2N2M2NDk0ZjY6MTc3Mzc2MDE0NQ==,pending
win23crypt-0.1.3.tar.gz,2023-04,malicious,cd8f9b0a31948a4d0f93e48555f264eb5fb3d4ad71260b9fd11adab51ec7645e,YTQxMGM4NjRkYjVkMDAyNWMwMTc1MDhhY2U2MmFkYWU6MTc3Mzc2MDE2NQ==,pending
pandarequest-0.1.tar.gz,2023-04,malicious,b307bb1da4175119d12c5b0d5f7abe4e9afdabc71d12feb48d9ee4b393e772c2,ZWU0MzViZmRkMWM5OWUxNWY1OGJjMDA1MDgyMWQwODU6MTc3Mzc2MDE4Ng==,pending
colorfy-0.0.1.tar.gz,2023-04,malicious,bf32a60ba4422cb1cd7ce4f5061b248059d3806ae3c40f9698f0c3d5b13f0677,NDE3MWY0M2FlZDI2NWMyMzM4OGQ5ZTdjMTk0ZTJiZjk6MTc3Mzc2MDIwNw==,pending
kangpy-1.0.tar.gz,2023-04,malicious,b0fa22af5a3f0363de8654634f20e4bfc8124c1231bb166f3cf704abdab037ce,M2RmMmExY2Q4Zjk0ZWIzODRiNmExOTJlOTlkYzM2NDY6MTc3Mzc2MDIyNg==,pending
myweb3toolz-1.0.tar.gz,2023-04,malicious,5f7a00ad0c9b9880ed14c340f3d95342bb7d1b62ed8fd1e9aef56db88ebaf8da,M2I0NmFjYWIyNGU4OWJmNDM0OGZmYzE1OWJkMTQxNGM6MTc3Mzc2MDI0Ng==,pending
Networkdriver-1.tar.gz,2023-04,malicious,559433dbdbc5c8cc285ad77e59057bbe9df15a4fc2e6df49addbbb5f805c367f,Y2JlMGY3NzczYTM5ZDRmYTViMTAyZGZjYzEzMjMyMDE6MTc3Mzc2MDI2Nw==,pending
Scrappers_dev-4.1.tar.gz,2023-04,malicious,30204b7fe55c18ee3a226ec4a93349cb232e8f943cc886c9d2248f5873af168f,ZGZhYTI5ZDJmODQ2ZWJiNWVmNGE4OTdlZWZkOGM5MWE6MTc3Mzc2MDI4OA==,pending
Networkfix-2.tar.gz,2023-04,malicious,ecb7b6c1461e99015f19a91bb3500fdf9cb99effb5fcd2543ab88a2a463c2536,ZWFjNjNlYWIwZWFjMDM4NDcxZmY0M2I0N2FmYjUxMWQ6MTc3Mzc2MDMwOQ==,pending
pruebasdemalware-1.5.tar.gz,2023-04,malicious,98ea43f0dfc027d53b6472964c4ae8910c84a65d03ba0389d83d089c37517b67,ZDlhYmI2MmE5ZjBjNDM1NWFiMzMyM2U1YThhOTcyNDM6MTc3Mzc2MDMzMg==,pending
pyportfoliopt-1.5.5.tar.gz,2023-04,malicious,4d958a9361617aedb9d4f5676d7ab1001d6268a0aaa1173b95793af4c50f137a,ZDIwODcwYjI1NDZhZmY4NTQyNjQ0NDg1OTkyZmMyNzM6MTc3Mzc2MDM1NA==,pending
libidrequest-0.4.tar.gz,2023-04,malicious,4651a4211814f74117755819d251a4fa13445053d7312d68649a940a5b147366,YmQ4ZWJhN2NjYzcxM2Q0Zjk3OTJlYTRlZTdlMjM1ODc6MTc3Mzc2MDM3NQ==,pending
test_23234231-0.1.tar.gz,2023-04,malicious,ae29e86209208baf05e11da3e6874b3bc648874cb11d822f6ad976292e4c48d3,NmNiNzM1ODMyMTcwZTIyYTBmMWY2NWNlNmFjODExMzE6MTc3Mzc2MDM5Ng==,pending
ropython-2.0.12.tar.gz,2023-04,malicious,171096b99a5ed48f5353ba7af6cd11a38a08fd373a0bdd0733451a2346f5dfe0,YTA3NWNiOGVkY2RhYmQwNjUxNDg1NTU2YWUwYWYxOWQ6MTc3Mzc2MDQxNg==,pending
pyanalizate-1.0.1.tar.gz,2023-04,malicious,c87088ae642e854c43a105d647946b6cb71009a0ada1cc8649ded4e1348e86f2,MjQyZGIxODAzYjM4Y2RjMGM2ZWUzNDYzMWI5MmE2ZTc6MTc3Mzc2MDQzNg==,pending
pycryptlibraryv3-0.6.tar.gz,2023-04,malicious,e3a2b84d278619ca3134b49933c8d27313e67a817d052a7bc0f2f7a25c391856,MTE3MzFlYTdmYTA4NzJhZWRkNTUzZTdlNTE3Mjg4ZTg6MTc3Mzc2MDQ1Nw==,pending
futurejson-0.1.0.tar.gz,2023-04,malicious,747cf996c115dc58f59b829262557654f0daec68aff609d57037cb8909d3c241,MzM3Nzc5N2Q1OWMwYTYzYTY1OTY2MWUzZjJkZGMzNjA6MTc3Mzc2MDQ3OA==,pending
test23414234234-0.6.tar.gz,2023-04,malicious,a1d0529f4b81d94def49fb1ab4cfd9d4e34bca29f17b637ff5e30d2e68723c67,MTIzZWM3OTNkMjkwYzAyOTM4MTBmMWZjMzgzMWZjZTA6MTc3Mzc2MDQ5OQ==,pending
oauthAPImojang-0.3.1.tar.gz,2023-04,malicious,9f1a1e6213dfedb2f4cffd0b822bb89036ad4a483aac8f2727c0d6175827d1e2,YTc3ZGQyZTcwOTk1MjBkZTZiN2U0YjA2YzA5MDY1MWU6MTc3Mzc2MDUxOQ==,pending
win23crypt-0.1.2.tar.gz,2023-04,malicious,43e38d7a2f6e846b6c0fa8cf4c625c3e35dc63f37e1504f1aa78b44905f84160,MDkwZTA4MTA2ZGFhYmUxMDk2ODA0NmNlZjE3ZDQ5NGI6MTc3Mzc2MDU0MA==,pending
Flexponlib-0.0.1.tar.gz,2023-04,malicious,264adf426cc423057398939fb90a2485086375a4979c86336866eb370567dae7,MTdmZDgzNzMwY2I5YjdkNTM1OTMzNTc2ZDUxZWIxY2M6MTc3Mzc2MDU2MA==,pending
Scrappers-3.5.tar.gz,2023-04,malicious,03f333c3cdf89343e2dac6f94f976eaf694ad4cb39d88fe21851bdaf641a86f8,MjFhOWJlZjM4ZWRhMmRlNjU4ZTM1ZTgxZWRjODgwYzU6MTc3Mzc2MDU4MQ==,pending
tiktok_phone_cheker-2.42.tar.gz,2023-04,malicious,948b5f381aca968c480a27e481a28a6ccc4ddf4fed7ec7345eddb243ae3118e2,ZGVhMGFhMWE5MThjMzM2MmM2NWE2ZjA4NjJlYzZlY2U6MTc3Mzc2MDYyOA==,pending
minecraft-utilities-api-0.3.9.tar.gz,2023-04,malicious,eef8a2a8745d9f38108572797fff397d6decee4d888c94a8cec7fced2a881c68,ZDFjZDNkZjI1YTc0NWY5YTU3YTMxZjE5ZGZkMDY3Njg6MTc3Mzc2MDY0OQ==,pending
parser_scrapper-7.2.tar.gz,2023-04,malicious,9482711a5b6c048afa96156ea4842a2fe02bfcad4051476ade23385b5cc99f85,NDE0NmY2NjdkNDI3YWQ2ZjBhMmUwNDRiZGRiZmVkMGQ6MTc3Mzc2MDY3MQ==,pending
pipswitch-0.1.4.tar.gz,2023-04,malicious,0be0157b5668ed12761a5088f62374fc61d0b1f2c656193076450d28b2a977eb,Mzk0NzFjMTRiM2Q5NTAzZWFjY2RjZDMwYzBkNmM1ZjE6MTc3Mzc2MDY5Mg==,pending
detection_telegram-5.6.tar.gz,2023-04,malicious,ca53e59ad49e9ca4180856c00173e2b6608a0fff0c6e33b3b10197ea0f4ddbc5,ZWE1NzE1ODk2NzVlMDM5ZTJhNDU5ZWFlYzk2NTg4MTk6MTc3Mzc2MDcxMw==,pending
py23crypt-0.1.5.tar.gz,2023-04,malicious,1360937dd27ee72eb141f8cbe18af7d2c433c4492150fe65438571104fe1c87e,OWI0MjUwNWY2MmE5MmQxZmEzNjk3YTdhNDhlOWI1Njc6MTc3Mzc2MDczNA==,pending
wifitool-0.2.0.tar.gz,2023-04,malicious,283163828b7a61b8365b5217d95178dcebaf76b9f75872fab91af90565b4fcf1,ZTgzOTRhNTdhYThiMTFiNDk2Yzg4MjM3YWM0MTQ3NzQ6MTc3Mzc2MDc1NQ==,pending
pyjunkerpro-1.0.2.tar.gz,2023-04,malicious,df23f1c9a6e7f199e8af83b949f1264587f4e6d59f52c138f1f0af654abe446e,ZTQ0YmM4MWM5ODYzMzRjMzkwZGVmOWY5ODE1YTkyYTA6MTc3Mzc2MDc3NQ==,pending
pydefenderultra-1.0.1.tar.gz,2023-04,malicious,4a7a65fac063ad865d0fb26f3994a29258ea1715b960ccd4ee103ad19c35265c,MzQzZmQ4ZWQxOGJhN2I1NWJmYzBmY2FhNWFlNmRkYzg6MTc3Mzc2MDc5Ng==,pending
hypedrop-1.0.0.tar.gz,2023-04,malicious,7b4759e0bfe76a5146e08ade361649ec67a2b8ea2198cb864c442d59a0bfd2a5,MTAyNGYwYzY2ZjMyM2FhNTQwYTdkNzI4ZWM2YzQyOGE6MTc3Mzc2MDgxNw==,pending
piplibscrape-1.0.0.tar.gz,2023-04,malicious,db26857a2d5432c4ed8925ad5d2a4f34d4612a035e37fd6e5ebb5e8a1de959a1,MWM1NTE5Y2VjNTVjYmZjMjNmMmE5NTZmMWE5NmRjN2Y6MTc3Mzc2MDgzOA==,pending
ttlo-1.0.0.tar.gz,2023-04,malicious,9b0a21b9c8dfeb1aa71700493ea01f7114f6053c868e94ff57f1cbbd8ca1b7f5,YzFhNmRiM2I0MTllMTkwZGJhZjA1MjdmNDQ5NWUxM2U6MTc3Mzc2MDg1OA==,pending
pyjunkerpro-1.0.1.tar.gz,2023-04,malicious,2b3a4a3ae0f836f287e7f24f61d84015758ea969018c383098310f30063e867b,NjUxMWE0MzQ4NGUxZWQ4ZDQ2Y2VmZTk3ZDRjZTI1ODQ6MTc3Mzc2MDg3OA==,pending
piptyper-1.0.0.tar.gz,2023-04,malicious,66756a26f48a3788300430c3c612a9c43a2b5c29705712cabb9f0bee05f6ed1d,Zjk4ZDRhYTc4ZjhkYzM4YzU5MzA2Y2ViOGU5YWY4Zjg6MTc3Mzc2MDg5OQ==,pending
ethertoollerz-1.0.tar.gz,2023-04,malicious,95b6f9f7aba3675c7c2920956826a13487dad0d6bc37221c1dd469cc1a211e82,YzdhMWUxMWVmYTM5NTQ5NzJlZGMzMjY2ZmMzYzQxMzc6MTc3Mzc2MDkxOQ==,pending
roblox-python-wrapper-2.0.3.tar.gz,2023-04,malicious,3cec1933272e3871c536f18fd30a45ebb5c563f9787c0bcd51de7d8bbc3eea69,MTZmODg4OGVjY2I4YjhmZDlmM2YyYmI4MjA2ZmM5Mzg6MTc3Mzc2MDkzOQ==,pending
pylibscrape-1.0.0.tar.gz,2023-04,malicious,1eb76edccb92d681b88a18e7674938fc7e4465cd74f3a0ec4f85e605fc78a7af,NjNkZDQxZmFjMzFmNmUwODA4ZWJlODkxNmMwNmMyMjA6MTc3Mzc2MDk2MA==,pending
tucan-x-0.0.2.tar.gz,2023-04,malicious,1093a0e7336488b3047cea8cb6d05b3940dfdc24e96644e19ce6b47c69ae46d6,MjAzZDEwM2NlYjE5MzI0ZmMzMGFkMzI4NTMxYTc5YTk6MTc3Mzc2MDk4MA==,pending
modulelibraryV1-0.0.1.tar.gz,2023-04,malicious,0cbedf4189a31f33c6819bb97d9c3eb987c4e53e9718de6cf9a51e4f3ee1e776,ZTNkNGMwZTkyMGE4NTk2ZWQxZDcyZDE4NTllYzU3ZDI6MTc3Mzc2MTEzOA==,pending
web3txtools-1.0.tar.gz,2023-04,malicious,a7eb68927d0297132c842ee3782c21b94df3378fa56d63548855d5e9f83e34a5,NTNmYmQwMTE0NjQzMWQzOWEyZmM2ODU1YTkyZGU5ZjY6MTc3Mzc2MTE1OQ==,pending
test_23234231-11.tar.gz,2023-04,malicious,5224e1f1ed0c6409b865a07dbb4baa62c3d6347db1bdc1209f60402f71acd58e,YmZlNWQ4ODQxZWIzYmRmNjAwMzNkMTM3NDE0OGU5NTg6MTc3Mzc2MTE4Nw==,pending
oauthAPImojang-0.3.4.tar.gz,2023-04,malicious,9ad6b66b92799803c282e84d034c10d222d4edb2ea58ec13d4da167434cd0e95,ODhmMWI3NzA2NDg1OTM5ZjNjYTM4ZjIxN2UyY2M1YzM6MTc3Mzc2MTIyNg==,pending
test24234-0.1.tar.gz,2023-04,malicious,9f395ea7d72963e0f79d4e13e033668574db61707193fbf711c504d4ecf2c8ad,ZGM2NDZhNzFmOGEzNzYxOTE5ZDYyNDI4ODUwZThjN2U6MTc3Mzc2MTI1NQ==,pending
scappy-1.5.7.tar.gz,2023-04,malicious,4d892f29a6e9a1fb3d5cfbc98322a6f3fe99afc8fd03971a8415555a80d5a5d4,MWVhNzA5ZjdhZThiNjBkODJmOGNmZTJkZWRhMTNhNDM6MTc3Mzc2MTI4MA==,pending
minecraft-utilities-api-0.4.1.tar.gz,2023-04,malicious,0f943e149efc8159f36407e4800463f8cf5705b2096838aadce61428ea0318f9,YzRhOGQyNjgxYzE3MzgwYmUzMjFmMDRmZDllMmY0YTU6MTc3Mzc2MTMwMg==,pending
myethertoolz-1.0.tar.gz,2023-04,malicious,738c843d6b03f6c6ad17f76832ca8ea0b0c92e20511f08ffc2c5f4c0516ba42a,OTQ2OGU3ZGQ3ZTQzYjM2ZDNkNTVlYjg2YjYyZDhjMjc6MTc3Mzc2MTMyNA==,pending
ressy-0.8.tar.gz,2023-04,malicious,b93359b86d03a050fd845f9143324c4da29ba1686361c809415d3c34d8908583,NGQwNTE1YTA0ZTEyMzVjY2MzMjcyMzNhZTI5ODljMWI6MTc3Mzc2MTM4Mg==,pending
aeivasta-0.3.tar.gz,2023-04,malicious,b5283627e19e2bcc25fd25123f7369cf912cf5bbc63209678d6bdb0a7c852b7c,YzQwM2JlNTdhZWY2ZDAwODliYjczYWMyMzJkYzlmNGQ6MTc3Mzc2MTQwNg==,pending
ressyy-0.8.tar.gz,2023-04,malicious,d5baac2bb4a6c225a6b27635c3b547de7465ef395f1f649a25e95169e56bc8b2,YTNjMjMwMTZhNWRjODI2OTA3ODlkMjJmMDM3ZmM0MDY6MTc3Mzc2MTQ2Nw==,pending
pipfonts-1.0.0.tar.gz,2023-04,malicious,3d9ea545719d565d92d27c1a9732009251cb24775bbc04621b6b2592eee33dab,ZDg2NTM1NjI2N2NkZGJkYmQyZGI4NzY2N2IxZTY5OTg6MTc3Mzc2MTQ5MA==,pending
py23crypt-0.1.6.tar.gz,2023-04,malicious,e09d3bede074617313a11aec8669535ce4dfb62e7fcc7697e15b7b623a6662cb,ZjM1MWUxNjJmYmNkZmZlZGFiMTc1YjdjNTRmMDBhMDI6MTc3Mzc2MTUxMQ==,pending
quick_telegram_sender-0.7.tar.gz,2023-04,malicious,3a5819446286dc9bee31660d020f758271220fe7cb6bb72f2234147a206140e1,MGQ3YWQ1ZDk2MDRlNTJmNzU1YjU3M2ZmNDMyODY5ODA6MTc3Mzc2MTU4OA==,pending
libide-0.1.tar.gz,2023-04,malicious,1997cd6502582dc070bbcbe00c8f15eace4d4611caf9c553890be36ada13ee06,YTUxZDNmNWQ0ZmExY2Y1ZmI5NTk3YWE4NThmZjE1Zjk6MTc3Mzc2MTYxMA==,pending
minecraft-utilities-api-0.4.2.tar.gz,2023-04,malicious,3be1792e6120b8002dc5d1ee9ec66b81b0d8c04c5aca85cfb1f7927bc819f501,MDA3MjIyNDAyYzFhMGY5MzAyNGNiYzhkZjEzOWUyMzA6MTc3Mzc2MTYzMA==,pending
testWhitesnake123a-0.1.tar.gz,2023-04,malicious,d854449050e84afa49b6a630da58a34af89789473e5f59606b5266640e321555,ODZhMWVmNGUwMjRlNzJiNGM0YThmOWM2ZmQ2NzNiYjU6MTc3Mzc2MTY1Mw==,pending
panderequests-0.2.tar.gz,2023-04,malicious,d0eb804800e62f9840abee28e168c76a6cfd76bd40e34e913af2aec48cf1982e,NTViMWY2MGZiOGIyZjFkNjA4OGMzZTA2MGYyOTMzYTM6MTc3Mzc2MTY3Nw==,pending
test24234-0.4.tar.gz,2023-04,malicious,e48c4cf170f7d80f0b775ec4e93f6552283c606837ab05fe69459670b85f26dd,NDRhYzA2YmNiN2Y4YWMzNzI5YzIyMGU4YTQ0NjJmZTE6MTc3Mzc2MTY5OQ==,pending
no-install-test-noinst-2.0.10.tar.gz,2023-04,malicious,dc3dc3e5a1e15b84a1c00262900d447a920c7207f391dfe8249b946f1b21177a,ZDQ4ZTljZTBjNGQ0ZTljN2E1ZDhkOTc2OTc1NWRjNWY6MTc3Mzc2MTcxOQ==,pending
oauthAPImojang-0.3.2.tar.gz,2023-04,malicious,c4e0ca9e164770c6d75c315dd19ac9f8fb981d1983eaefb034bb55a7e0d54b36,ZmRhMzdlMDI3MWIwYWZhMjAzNzE2ODczNWRiM2QzZTE6MTc3Mzc2MTc0MA==,pending
aeodatav04-0.4.tar.gz,2023-04,malicious,6191be706c7f96ef366ac1578c7d96f9b99fb9bf3db75e07817c0d36fb1aef54,ZWZkZWM2YTI1ODVmNGQwYzQyOWNhNmQ4NzYxYzJkMmY6MTc3Mzc2MTc2MQ==,pending
pyobfadvance-1.0.0.tar.gz,2023-04,malicious,3897e75ed0abb4082affab78c786f22775d228d716855623289a590f1eaf8367,ZDY1ODVhYzE2MzUxNzlmODVmMWZhOWZkMjlhNjAwYzk6MTc3Mzc2MTc4Mw==,pending
support_hub-0.8.tar.gz,2023-04,malicious,a8f55984c6a9402e632ac11e923bc41f9bd41a3fd9d8fa1dbc8f347bc568ec43,ZjUzMzY1ODYyYzM1Nzk0MzZkMWNmNGRmYTEwNTNmNWM6MTc3Mzc2MTgwNA==,pending
robloxpython-2.0.14.tar.gz,2023-04,malicious,b5a1f53cfde98764389ae4a6e8634c2318fd2cb19f342142939ed22590c00438,M2YxZWIxMmJjNGUwMmI4MTgwOGJhM2JhNmY5MmNhOWQ6MTc3Mzc2MTgyNQ==,pending
ro-py-wrapper-2.0.10.tar.gz,2023-04,malicious,46d336aa7918a2d9cf7f033e962fd6ad28e3a07ddf527ac8c4d0552a6c51e30a,NTExYTViYjBiYjlkZDlhNzBkMjg2YjVmYWY1YzdiZDE6MTc3Mzc2MTg0Ng==,pending
oauthAPImojang-0.2.9.tar.gz,2023-04,malicious,83886db1e07fc260ad57955b29dc0b85b17d2005d969f0298609a9c89790e15a,ODhjYTVlMjAzNDdlZTUxMzY5NDFiMDgwZjI3NDU3NWQ6MTc3Mzc2MTg2Ng==,pending
testedwin-0.1.tar.gz,2023-04,malicious,8504c13da81ae9a8cee232bfacef06c0b7a4a270efc25c64d47ceaddfe9c726d,ZTFkNGMwYTVmOWZlMjIzM2NlYjdhYTkxN2JjZjNlNzc6MTc3Mzc2MTg4Nw==,pending
testWhitesnakeModule-0.1.tar.gz,2023-04,malicious,ceadbd7adc85f03887311fb5ddf732d052b67ff539d54dc4713f931d2303d115,ZjY4M2JkOGM1YWY4MTVjNDEwYjViNWEyNWUyZDYxZjY6MTc3Mzc2MTkwNw==,pending
demo-malicious-package-2022.12.7.tar.gz,2023-04,malicious,f1747e220bc76076f0875e4a376596e18efb68f2b37841464db8e147a56c4fc4,MzJhMDZhNGY4YTJjMTAxZWRlYTEzNDgwOWMyMmU2OTg6MTc3Mzc2MTkyOQ==,pending
ttlo-1.0.1.tar.gz,2023-04,malicious,f24e59676e4b024402dae36066480097d032c98170a8ba506fa28f6544e3e88c,ODlkZjg4YjI0M2NlOTYxNTY3ZGUzZTI3MDk2OWI2MDE6MTc3Mzc2MTk0OQ==,pending
minecraft-utilities-api-0.3.6.tar.gz,2023-04,malicious,0511b8ed764019c7643bdde931ddd67dd103040d4c24af9e72dbc37695c27987,MDU1MWUyNDNiNmZiYTQ1OTI1MDc0NjVkMjg3MzhlNTA6MTc3Mzc2MTk2OQ==,pending
pyjunkerpro-1.0.0.tar.gz,2023-04,malicious,b1357aede56200b3fa4b7132c2241ed0fc77bafc74bac92ef10be071efe75621,NDk3NDMxYzAzMDE3MWExN2QyOTFiNmM4YmRkNTI5ZmQ6MTc3Mzc2MTk4OQ==,pending
genqrcode-1.0.3.tar.gz,2023-04,malicious,6043d3f0714b3e5aadf93500dc7c20293861aad36bec587b08851f987e9de1eb,ZGI2NzQyYzFmNmU2OGYwMWI1MzFkN2M1OThmOGQ3Zjk6MTc3Mzc2MjAxMA==,pending
pydefenderultra-1.0.0.tar.gz,2023-04,malicious,5bc1074ca00070627b2384d320f5294cf1c9705ebf5d8d15f9c131e8617c8ddc,YzJjYzI0NDBjY2U0ZjBhNjMyZGQxMTQzYTAxNTM3Nzk6MTc3Mzc2MjAzMQ==,pending
test_23234231-232.tar.gz,2023-04,malicious,68ddf773adc98cce91764b250dfdbcdd2f0843c00aa742a6df1089f317a2d1d0,MTYyOTMyMDFiN2YzNWNlM2EyMmZkNmY3YWMzMjU4YWY6MTc3Mzc2MjA1MQ==,pending
lastweb3toolzbro-1.0.tar.gz,2023-04,malicious,864f5fc785f86d124823d893a2f8345e58307aeb89452fe6ac9d39c84b5b45c2,MjM1MTU0ZTgyN2MyZTA1MDYyYjAwNWY3YWIxODQxOTE6MTc3Mzc2MjA3MQ==,pending
pycracker-1.0.0.tar.gz,2023-04,malicious,220844235da97cac2b6ebbb0b2719b66f6a73a804569db205ab5a78bb36a4071,YmViMTcwMmRhOTQzYzg0ODhjMDJhMzRiYTEwNjU4ZTk6MTc3Mzc2MjA5MQ==,pending
pyou-0.0.1.tar.gz,2023-04,malicious,768bbd4b5d0dbbb99959ff89efdaf8ec9b5d7e58a1e8dc2931344d3f3caf915b,ZTAzZTcxZjU0Mjc4OTQyZjdhZDk1ZWNjZTJmOGZjMzg6MTc3Mzc2MjExMw==,pending
packagecolorslib-1.0.tar.gz,2023-04,malicious,f2abf4dcc5fde061efa967eae82045499ce40a858a250b5c62de5878f6c2ef58,ZTk0YmIyYTViZjQzOTZlZWMzNTZmOTc1NTI0OTYzY2E6MTc3Mzc2MjEzMw==,pending
tucan-x-0.0.1.tar.gz,2023-04,malicious,81f850f2c1d2e42df876572aca9a3857b6375cceabe4d2dcd788e549294a445a,M2UwMjI1MTY3Y2E4ZWM4ZmU2MTNiZDA3M2ExN2NkZmY6MTc3Mzc2MjE1Mw==,pending
setnetwork-0.3.tar.gz,2023-04,malicious,db37f1ac680ee97976a31f3e82d9d2167236383690b63fbeee1f55a58735baa4,NWE1MWVlYjg0ZDYwMTI0ZjVhYmZhNjMxZjc1ZTYwNDQ6MTc3Mzc2MjE3NA==,pending
qsteemp-0.5.tar.gz,2023-04,malicious,e867467dff0de225f82544588d4aef2566a003484269722ef580641e2680a192,ZDFmZmIwMmI4ZDBjZDM5MjljZjE2MDgzY2ZiYTFhNGE6MTc3Mzc2MjE5NQ==,pending
tasksaio-0.0.1.tar.gz,2023-04,malicious,aa4b18d751d9ca6480da1cd0c3517a3255e43f0c0fb2d85d57014a6a563093d7,M2ViOTc3ZmNjMDMzYjc2YmY2ZTdlZTVkZDllYThjYjU6MTc3Mzc2MjIxNQ==,pending
robloxpython-2.0.13.tar.gz,2023-04,malicious,8a23860b18f34c999a5902a9bc023a790686732d9027e823d3ccdb5c0070994a,MTBiYTg0MjMxZWU5YTk5ZmFkMWRjY2I1MWQyZTA1YzU6MTc3Mzc2MjIzNQ==,pending
pyobfpremium-1.0.0.tar.gz,2023-04,malicious,4b413f63f4f559708dfe7f6e0e606e174eaf548eb72e58d1d53ed9dd80aeebe0,MjI4NzQyZDFmYmNkZDQxZDE4N2JmNDQxMDZmMThiZGI6MTc3Mzc2MjI1Ng==,pending
microsoftoauth-1.0.0.tar.gz,2023-04,malicious,4f656dfa45da873de51294d1107380098118bbb898fea98fdd42c01aae7c7871,MTdkMTBjODRjZTMzOGNkY2MyZjE0MDYxMDdmYjIxNzg6MTc3Mzc2MjI3Ng==,pending
MinecraftSkyblockAPI-0.2.3.tar.gz,2023-04,malicious,3fe17a06130bff6bc8a4b6ff66c84219ecc5b6478c92c0ba3582b10e40d25079,YTgzNDZmOWRhZGY5MzgxYTE1OWYxYWU5MmYwMjIyMmY6MTc3Mzc2MjI5Ng==,pending
hypixel-networth-api-0.1.2.tar.gz,2023-04,malicious,6fae88e7b223c5f5b6cf4201725b3a29231bdf1da8bcd283ce58d26638b40b98,M2Q3ODE5YTA2YjFmYmExN2FhNmVmYzg5YzZmOWI5ODI6MTc3Mzc2MjMxOA==,pending
roblopython-2.0.15.tar.gz,2023-04,malicious,d5d978a6477cdcd024358a6a3123a8b8a1228f2e7326faebbc896d372ee34076,YzYzZDMxYzc4MzBkOWZmYmVlZjQ5YzJjYWZhZjdkNDM6MTc3Mzc2MjMzOA==,pending
proxieshexler-1.0.tar.gz,2023-04,malicious,2b6d88f784a9064d4c27c33aeb6c468db4dd65c39975ed7c1db1b76ee9eb172d,ZDVkY2U5Y2IyOTFjMjFiNmQyYmE0Nzc4YjdlNDZkMWQ6MTc3Mzc2MjM1OQ==,pending
tiktokthon-0.1.tar.gz,2023-04,malicious,23b16d80c125456982cf6befe65efe5be58f8369a757683bbecfd9043eda7ae3,MjBmY2YyZjQ0NmQzZjAwOTM5NDIxOTdkNTIwOTNlNDA6MTc3Mzc2MjM3OQ==,pending
pyfontslib-1.0.0.tar.gz,2023-04,malicious,27e5ee6bcd5741fe365784e1769f5d253d9604356a669590cbe2fbdbb503d252,MmY5ZGQ5YTM3MmZmMmIyYmY5MDQ3ZDAzZmMxMDFiNTg6MTc3Mzc2MjQwMA==,pending
androidspyeye-2.5.tar.gz,2023-04,malicious,4de1c09394c807743dc39ada4893184bf7515700473a4b8d2f872f8c1d7422be,NWYzNWE0OGE1YjMwYWUzYjY2NjVlMDcwMjU4YzZjZDg6MTc3Mzc2MjQyMA==,pending
colorizepip-1.0.0.tar.gz,2023-04,malicious,69b4b4737b639d99d89ccc20f46efbc9cfe90628b3b4b8f3edb0c84776de8d1d,OGMzNzJiMmRkZjM3MjEwZWZhM2NmNjVjZDhiYzhlZDg6MTc3Mzc2MjQ0MQ==,pending
qrcodegeneration-1.0.3.tar.gz,2023-04,malicious,c0a369ceb90a7bbd894cf508a9fdc6ad22e3c8c8a35ff54f86edb873756864a7,NDQxZThhOGNmNWM5NzQzNWI3OTdkNWMzZjI2MzE1YmY6MTc3Mzc2MjQ2MQ==,pending
pandirequests-0.1.tar.gz,2023-04,malicious,cbf0281e5de3629bca0b41485b6781d5bc9e07c05a4dc713637f1308e4b14347,YmQ3NWUwZDU2OWE4OWRmZmIxMmFmM2FmNjNkMWRjMTU6MTc3Mzc2MjQ4Mg==,pending
microauth-1.0.0.tar.gz,2023-04,malicious,9c85d473cac40db71f735adee6f06f15ca5e79bfd6db76a9826142402db37c88,Mzg3M2VlYzRmMGJhM2Y1NmI2ZDYwYTAzMzA0ZTM1Njg6MTc3Mzc2MjUwMg==,pending
social_scrapper-3.6.tar.gz,2023-04,malicious,a53ff9d03eb58fea9181cd472d86084bea016470c2706e587d20c91551d0a287,MTg1ZjhlMjAzMGQwYjgwMWMyYmEzZWM2ZWZjM2MyMWM6MTc3Mzc2MjUyMw==,pending
pydefendermalware123-1.5.tar.gz,2023-04,malicious,9edacc635b749c669bd8b61ae565d1f1d12eb8e97805c94950efe50d708e1350,MzkxNjYxMzA3MTI3M2Y2NGIyZjQwYzgzZGFjNDU2OGE6MTc3Mzc2MjU1Mw==,pending
test_23234231-0.9.tar.gz,2023-04,malicious,30932bba41607e3ddfa750e51360abb65bdc571b70ef9280b239e7037cc6a5f3,NWMzMDcyZDg3OGFjMzQyN2YxNDcwM2QyNjU0ZWZhMzM6MTc3Mzc2MjU4MA==,pending
readychars-0.0.2.tar.gz,2023-04,malicious,30c94ce9872126e4dbab6961453952fa2b9e868a0d9249cbfe703bba52dccb9c,NmU5OTNkYTBjZTQ4NzM3MzAzMjczMjNmMTE2YTE2Y2M6MTc3Mzc2MjYwMA==,pending
pypackagescraping-1.1.0.tar.gz,2023-04,malicious,ff0938c665b875712542fec8034098e284717ae05655509188c2d76a5226ce69,YTVmYWNkZjIzZTE2OGE2YjE5NDc1OTc2MTVjNDE4Mjc6MTc3Mzc2MjYyMg==,pending
web3toolzfor-1.0.tar.gz,2023-04,malicious,2fa298ccc6e474ba008ff5d5da84676c3aa6d3256213299c70c8792948594561,Njk0YjYyYjM0NjBmMGMxMTJkN2NkYjU5MDU1MjgwOTQ6MTc3Mzc2MjY0Mw==,pending
aietelegram-0.3.tar.gz,2023-04,malicious,6f74a68208c8d8723bde3fbe85c8978fde7557fedb826f3a5e8085c1d6dd0184,NjcxMzAyNTUwNDc4YmEyNzA4N2JhNmI2MTQ1ZDg2OTQ6MTc3Mzc2MjY2OA==,pending
code-helper-1.0.0.tar.gz,2023-04,malicious,d94a2301af127cee9d552000f72be059f876b02d46d4676817eb118e5c11eaec,NTMzMDBlMjRkNTdhZjVmNTBiYTViYTU3N2M5MDY1OTc6MTc3Mzc2MjY4OQ==,pending
discolorpy-0.0.1.tar.gz,2023-05,malicious,a6efb4eeedd3da70f5f040cebe0c3bb45eea2b4e120e62fd1ea65e9a42853967,ZWYzMTI3MjZkZTk2MDAyMDhlOGQ4MTIyYWIzZTU5OTM6MTc3Mzc2MjcwOQ==,pending
security-util-py-0.0.3.tar.gz,2023-05,malicious,ff59b6a167147de9181ca9787f579ebd4d51de7ebdd1cd2cb5cd7fb5083a056b,Y2UxNzRhZmVlOTAzNDI3MjcxYzEzZmI1ZDY2ZDI3YTA6MTc3Mzc2MjczMQ==,pending
pipcolouringskits-1.1.0.tar.gz,2023-05,malicious,ca1a49171273b08d061def81d62c41c68e3308eea01ba2c5b05ac00f05f4a748,MTM3NDgwZDViMzZhNWZlNWQxOWE2ZTZhN2JhOWVkYWI6MTc3Mzc2Mjc1MQ==,pending
pythonfontingv2-1.0.0.tar.gz,2023-05,malicious,0bd33ec12e0ede2844d6991365cd4f52b5fd87584c6f0daa4c8b7f6424703af3,YTNmZWMxOGVhZTk4MTU0MzE1MjRmNDk5OThlY2Y3YjU6MTc3Mzc2MjkwMw==,pending
pyorganiser-1.0.0.tar.gz,2023-05,malicious,76f0afaf06e3c9a36495c6896b7000cf60f746330353c6d975cb70acfda34bba,N2YwNTVkYzdiZTgwYjdiMDc2NGM5ZDg5NzRiNzZhOTE6MTc3Mzc2MjkzMA==,pending
selfcontrolloadload-3.79.tar.gz,2023-05,malicious,8fb54c28ae08475c192b939732283d11c89ffa055baf31d2e11501b9b193ee76,NjhiZjYyNmFmNjc2MTBjOWE1YTc0NDc1ZjQ1NmNhZjg6MTc3Mzc2Mjk1MQ==,pending
helrmerter-1.0.0.tar.gz,2023-05,malicious,07ebacc6e10730cf12abe0c3cf414b390e1a0e28f1ae471a61f20fcd761df86d,ZDg4NWRkNmU2NGFlMTBiYjllNzZhNDQwODNjZGRjNjg6MTc3Mzc2Mjk3Mg==,pending
discordpy-updated-1.0.0.tar.gz,2023-05,malicious,ca17994d3fbeed7193a3f0920321a4aaff872d556e3245112fe7d2417b25fe87,ZTY4NDA4ZjYyNzMxNmIxMjg0NmQ4M2Q2NGQ2N2Q5ZTk6MTc3Mzc2Mjk5NA==,pending
nonertheguy-0.2.5.tar.gz,2023-05,malicious,771289c607491abcaca6186af75a2f30ac53dfd29cbc31e584b2329cfa3f240f,ZjYxNTdiNGZlZWQxZjcyNzc0OGFiNDA0ODEzYzdjNmM6MTc3Mzc2MzAxNQ==,pending
installpippython-19.3.5.tar.gz,2023-05,malicious,4ad5a11bcc582e098883254bfa0c1d5f7807697ee63864c6eef111be2ca9faf4,MWYwMjRmOTY4NWRhOGMwZDBhZjljMTQyMDI4NTYyMGY6MTc3Mzc2MzAzNg==,pending
discordpy-v3-1.0.0.tar.gz,2023-05,malicious,9f7f754825343fc006c0d9380bea92ed9bc88b2271d29bed2c3c59d35019dba1,NTZjYTIxNzhmMWQ2YmVjZjEwYjcyNmE4ODk4ZTU4YzI6MTc3Mzc2MzA1Nw==,pending
pyfontskit-1.0.0.tar.gz,2023-05,malicious,9f239cfabb961b06077f78b2ac20c7697269e517b6af90d008554d4f8ddbc60e,ZTAyYjM5Y2U2MWYxM2Q2NGJiNDU2OTgzMTJmZTdiYmI6MTc3Mzc2MzA4MA==,pending
pylibfonts-0.1.0.tar.gz,2023-05,malicious,af5520f0bfaac032c2b9f76fd49b1f0024c3d56265fef94725fd54ee6f787bf1,YTNhZDUwZTM3MzE4MWVmYzhiYzc5ZDRhYTRjOGE3Mjk6MTc3Mzc2MzEwMg==,pending
Putyourgrabbernamehere-1.0.tar.gz,2023-05,malicious,aad29fc1d7493026cbd03a8e5de6ab0f20daffb81f042efcc335e747b0a08359,NjU0MzMyZWQ2OTM4Mzg5YTkwYTBiZmViZTVmMjIwZjc6MTc3Mzc2MzIyMg==,pending
colors5-0.1.0.tar.gz,2023-05,malicious,b372f1d2023fd535792b7b3c34159eed11ce17d27e35e9551efcb48e7dc5af38,YTMwZDljN2ExYjk0OTAzZTJhZGRhZDhiYWE3NzE4YTQ6MTc3Mzc2MzI0Mw==,pending
pywinrequest-1.0.1.tar.gz,2023-05,malicious,8f5fd3fd0708d3aae2d0b4fa6f752d69786ebca70681b7b9de5f77054c087430,MDlmZDIzNmMzNWZmNTIxYTQ0ZDE1Mjc5NmMyYzcxYzk6MTc3Mzc2MzI2Ng==,pending
pipsqlitedblibrary-1.0.0.tar.gz,2023-05,malicious,3a2fa1dd56e2a91b399a9c681187be174767694e827fb1fa871a0fc32e5fd57e,NzNlY2EyYmNhOTFkOTdhZWJmZDdhMmE5MzYyZmI2YjM6MTc3Mzc2MzI4OQ==,pending
circleinfo-1.0.0.tar.gz,2023-05,malicious,237ac46bb4a0204d45f51edc8221c0426d8408b4192e987d0c5e54ce95f193be,MTA4ODk2Y2QwZWU1NDdjYTcyYWE0MDY0Y2NiY2M0Y2E6MTc3Mzc2MzMyNw==,pending
ztasimb-1.0.0.tar.gz,2023-05,malicious,a5a6a1945dcff730bc2b2626476674c28063b2323555af24e9a006dc8f2f7a46,MDVlYWNlNjM2OWM4ZmIzNmQ4NTdhMzBhYzlmYmNlZGY6MTc3Mzc2MzM0OQ==,pending
pyfontstyle-0.1.0.tar.gz,2023-05,malicious,662040ffd71ed44c2d6374faedce4ccf997a612727a71828c4d1f553a761942c,YzZmZGVjOTk2Mzc1NDU2N2ZjZjU0NTkzNjU0MzNiZDE6MTc3Mzc2MzM3Mg==,pending
obfuscater-1.0.0.tar.gz,2023-05,malicious,33946d1cbcaa3104b063cb2c07f5859003ddc9914957ae1b6155cf619ea40464,MWQxOTNjOGQwYmU1MmZmN2U0MjE3M2VlMDA4MGRkNzY6MTc3Mzc2MzM5Mw==,pending
BootcampSystem-0.1.tar.gz,2023-05,malicious,7e4592285d4be2a2325d524ae7410c9da2c3ee122c4e25e6fc964f27c7abd51e,ZTU0NzRjNzFjOWIzMTc5ZDdkM2JiODMzNWU1MWMwZjM6MTc3Mzc2MzQ2MA==,pending
niked-1.0.tar.gz,2023-05,malicious,3e5043be84ec6b5c6eec604a17c9a4cb61b9a5a36f93a4ea072a7b6544fd9bf9,ZTQxNWQxNmI5MTFjZDYwOTNhNmRkMWUyM2JmMmIxZmY6MTc3Mzc2MzQ4MQ==,pending
pipsqlite3liberyV2-1.1.0.tar.gz,2023-05,malicious,11281fbf45bdb530b9359d58898ef085e7348e7df017a7f404e8130f014546d9,ZTA1OGMyNDYwMDU2Mjc4MDNhZjUyZDI2MjYyMDlkM2I6MTc3Mzc2MzUwMQ==,pending
libpipultravirtual-2.77.tar.gz,2023-05,malicious,985320e2b36d0d9232d040616d7aa9332fdd666f82fc60e34c19a1b129357224,MjRiZjJkZTI2OTM4NzA3YTQ3M2Y1M2MzNzg1NWUyYTY6MTc3Mzc2MzUyMg==,pending
py-obfuscater-0.1.0.tar.gz,2023-05,malicious,11bf16946b085dc59899e5305ff53fcd5479efcc0d0c356a5ae1624f58631092,N2IwY2FhZmE0ZmI4NzViZWYxYjY4ODU2NTIyNjZhZjY6MTc3Mzc2MzU0Mg==,pending
esqgameencodereplace-7.83.tar.gz,2023-05,malicious,b3a537c334bc6529d8da04714a27133ee45be8550c93c9d18c8e7e2e53c4ba3a,YzcwMmNkM2JmZGQ1M2RiNGQ0Y2ZkMjkwMjBiYWJjOGM6MTc3Mzc2MzU2Mw==,pending
pipcolortoolkit-1.0.0.tar.gz,2023-05,malicious,6e7a452fa0013d9afd97297e9f58730a90cfe665f0e3b7a28ec692d4527d8350,NmU3ZDljZTZlZjMyZmUxZjRhZjVlZDM4YWJkZGZiZTc6MTc3Mzc2MzU4NA==,pending
discord_ghost-0.0.1.tar.gz,2023-05,malicious,5fc047adb0e74a9a928d9b9fcdfef88ddb70fdc570d5155d339371c9acfaa701,MzRkMzI0NTJiYzdiZDkxNWFmNDQyNGFlNmY5NmEzMjg6MTc3Mzc2MzYwNA==,pending
colordot-1.4.4.tar.gz,2023-05,malicious,ad25d94598df12c14bb2ed6ea307bfbee48656679ef6a10a9f3b6783bab0f068,MmE0MjJmZWQxYzBjN2ExOThjZmRhMzhkYzA3M2ZmNWU6MTc3Mzc2MzYyNA==,pending
helmerter-1.0.0.tar.gz,2023-05,malicious,51a565bace2ea107c9fbfede4f89096c3a714afd864ec55a5efa39f60ff29f20,OTUxNGJiZDNhMTI2MjI4MWMxOWQ0YzI3NWYwZjBlM2I6MTc3Mzc2MzY0NA==,pending
discord_anarch-0.0.1.tar.gz,2023-05,malicious,b9fb3ab4833598f1571880a36570bb848c8e9c1356ceb97aeaf2ee64d1b26ef8,YThmMjEwMGZlYTc5ZTE3YTIyNDdhYzgxNjNkNTY3OWY6MTc3Mzc2MzY2NA==,pending
pyobfuse-1.0.0.tar.gz,2023-05,malicious,57a96dadcbd68d754cab6aa3fb6a8f636df1d4a0a1f17f3234a9dcc51b1f87bd,ZGIyNTY2OGRkNDhhYzI5ZjVkZmQ2NWNlOTI5ZjcxZDA6MTc3Mzc2MzY4NQ==,pending
this-is-malware-0.1.0.tar.gz,2023-05,malicious,857beacaf6b0677d136bbe1a43058f8dbedc7dfb732e64be3aebedabeffec1d0,N2Q1NWQxMGNkNTQwYmVmYzA5MmNjM2FhY2EzNWY3MWY6MTc3Mzc2MzcwNQ==,pending
flaks_setup-1.1.tar.gz,2023-05,malicious,95c1b380640a5105285f64c2fb355cebd4630f5a2e9c3fab827f15774e325035,NmY1OWJmZWFjMmU2YWFhY2Q4NzQ1Nzc5N2MwYjRiMjU6MTc3Mzc2MzcyNQ==,pending
pip-goodthing-0.0.3.tar.gz,2023-05,malicious,e3508dc9c6778ab4c624c00f7d7c59180bed272841b3692b799121398b0430da,NTdlZDk1NzMzYjZiMjA3N2NiNWEwM2ZkOTk0ZGU1YjU6MTc3Mzc2Mzc0Ng==,pending
py32obf-0.1.6.tar.gz,2023-05,malicious,31e28e53d1b51c4f2d98bc62d01afb73c286fa4f59d9ddec82277427bd3fde6a,MWRjOWZjZDk3ZTYwOWE4NWQ5NDJlOGY0NzRmMTZmZDk6MTc3Mzc2Mzc2Ng==,pending
tglibrium-1.0.0.tar.gz,2023-05,malicious,94554804c42630f682ca93eca6ec01b51f78dd157622e267d694bb0fb90295ba,YWI1YmQ3MzUyNzFlZDc0MmFkOWU2YmIyNTg5NThjYTk6MTc3Mzc2Mzc4Nw==,pending
hubtik-1.0.tar.gz,2023-05,malicious,f30b0fac653b1a333feb0344a0bcbb25b73426041d0496b46012d73077081375,YWZkMmMzZGRjYzBiODk2OGI5MzM1MDI4NTE0ZTJhY2Q6MTc3Mzc2MzgwNw==,pending
NetworkPackage-1.tar.gz,2023-05,malicious,defd5dc6a5b0e8b621c7420ed2650cf7ce6ae8e2d72415ece48029576ed35a59,ODQ3ZTY1NWM0MmY0NmZkNDgzOGZjMjFjMGE0ZTE1ZTg6MTc3Mzc2MzgyOQ==,pending
py32flayer-0.1.6.tar.gz,2023-05,malicious,2b012024716eab6611a199c6f91cfac01fcde752312e446a21bcdc77815c4ce0,MzMxZDQ2YjM4MTkwMDY0MjA0NWY3ZjBiNmNkYjYwMGY6MTc3Mzc2Mzg1MA==,pending
projectxlib-0.0.1.tar.gz,2023-05,malicious,3721f1e7ec127c15100c34696b1e38762a23c3932e3515f0c736ca4ccebe083b,ZmY4ZWI4YzBlYTE4MGY3NDI1N2U2MDQ3YmJjY2VmNzE6MTc3Mzc2Mzg3MQ==,pending
pyobfuse-2.0.0.tar.gz,2023-05,malicious,2e9872f93e10cb3bf78ef20ccad500d2565962fcf2df447fc691ed8351f5fd86,YWJiMTQ5OTFmY2RmMWRkYjcwOWNmMDhkZDgzMmI2ZGU6MTc3Mzc2Mzg5Mg==,pending
pip-remote-access-test-0.0.3.tar.gz,2023-05,malicious,a340873be8cc97f3ad89292234ffab6222825c663282787760a69464930787af,OTE2M2JjYjA0NmQ4YzZlMWY4YzA5MmJkNzJiMDJhN2M6MTc3Mzc2MzkxMQ==,pending
pythoncolourv8-1.0.0.tar.gz,2023-05,malicious,12202dc7a13facce4ae82357cb2d6382869323e31e0e9e53410d5a4044b720c4,ZjUzZWI1MWQzYmJlOTI4NTNiYWI3MDJmYWNlZGZiNDU6MTc3Mzc2MzkzMg==,pending
pipsqliext-1.1.0.tar.gz,2023-05,malicious,1fe4de6a073bfef6c589a68d3525f8f1cb0c279381f12c6f3418d88cdd0b3a9b,NmFlMTBlMmI4OTExMmMwZTU4ZDM2NGU0ZjFkOGZlZDM6MTc3Mzc2Mzk1Mw==,pending
webtraste-0.3.tar.gz,2023-05,malicious,25d011dc09646606d40ef05955ae512032b00e3041d433cb4e2de1dd35f92cd6,Yzc3NzY4MTdmYTc3Yjg3NWU4YmVhMjFjODQ5NTdjMWM6MTc3Mzc2Mzk3NA==,pending
cxfreezepy-10.79.tar.gz,2023-05,malicious,e62fafc45e6e3a6b9a0ec31ac881cb9c6fd880044b0c0ddbe98d164be3a70ccc,MjE5YmMzMWM5NTYxNGFlNTk3MDNmMGYyYWRmYmRmYWE6MTc3Mzc2Mzk5NA==,pending
flaw-0.0.1.tar.gz,2023-05,malicious,e2eafc59f985f8b4eeeebd9dd269bae2bd245b10733022360e509b72d66d714f,MjBhN2E3MmZhZGVmZGViNTNkNjZkNTk3ODRjY2E0MGI6MTc3Mzc2NDAxNQ==,pending
argspython-12.6.5.tar.gz,2023-05,malicious,560e2ca36a6557c3cfcae6f3f6f38cad34931b46f85fdc86972863223b279631,ODU1ZGRkNjViODFjNWRmNjdhMjY0Yzc4YTVkZjYxODk6MTc3Mzc2NDAzNQ==,pending
oculoushide-6.85.tar.gz,2023-05,malicious,50ac25e5595d24e733a897ff0b1e8381e2483623576ea2b198ffbc768d38b8e9,OThiYmY2NzhkNDRjZjY2OTczNzZjZjhiMGYyZTk3M2E6MTc3Mzc2NDA1NQ==,pending
znomig-1.0.0.tar.gz,2023-05,malicious,618b1d8c36548f830c0424b419d9b641fb876b01e70262c6a14ce5948c6a04af,MjYzZWU1ZDQ0MmViYzgyMWZjYjQ1Y2Y4OGQ2ODNmM2Q6MTc3Mzc2NDA3Ng==,pending
tlibrium-1.0.0.tar.gz,2023-05,malicious,c045ddd91f392e45bf4790c47b02e20b2487d816c278131920f84b01045e7bf4,MmQyMDcyNGNhODgyNDE0NDkxN2I3MjZhMDE2MDUyOGI6MTc3Mzc2NDA5Ng==,pending
coloredpy-0.0.1.tar.gz,2023-05,malicious,2acc29092a1e467a684f229277e1e617a0fe9292d0f88c53f7431a3aa3514428,Zjg2NTVmYTllZTM4Y2QyNTFkMzIyNDM0ODBmMmIyZGM6MTc3Mzc2NDExNg==,pending
pythonarg-1.1.tar.gz,2023-05,malicious,bef7492a4ee9426a0e8d9420b5a04a1f4e6a396a5772830af9c46a5331dd353e,NzYwOWFkNDc3OWJkMDc1MWZlNjhiMGQwNDVhNzhmZTE6MTc3Mzc2NDEzNg==,pending
py-intellibint-5.86.tar.gz,2023-05,malicious,3375feacc3a5f0f5186ac09d6c2edececdc5ec3458ff8441252a2c39c04ea17e,YmI1MzQ5NjlkNGU0MjVlMjgzMmIwZGY3ZGE3Yjk5NGE6MTc3Mzc2NDE1Nw==,pending
args-python-12.5.5.tar.gz,2023-05,malicious,0dd53cba3f09551ecdf5cd76c3a11e0adb4a7becf89007f773589963e6260754,ZGE1ZjYzMTE4NTM4MTZhNzVmNTYyODBhMDI5MGZjMGE6MTc3Mzc2NDE3Nw==,pending
pycryptlibrary-1.0.0.tar.gz,2023-05,malicious,92c34444525d9574568b13b60a072d7cb4388a60ff5f883cccaa811c847b0722,ZTc3NTE2MTI1ODM3MDg0ZWI2NzU4ZjU1NTM3YmVjMGE6MTc3Mzc2NDE5Nw==,pending
releyCrypt-0.1.6.tar.gz,2023-05,malicious,c8133a375926e3abbf5e131a04e33f532b91f85eec0cbae6d3e2225da8b252db,Zjc0ODZiNDYwYzk0MDIyNDRiY2U3ZmFjODljOGFjOWI6MTc3Mzc2NDIxOQ==,pending
obfuscater-2.0.0.tar.gz,2023-05,malicious,8b22ddd10099007a56810fbcaccd2e9bf72afa3a9eef7f31db4da54b4f0ac643,N2ZiYzMzNGMyZWIwZjI3MDQwODQ2M2I1NDU5NjBlODI6MTc3Mzc2NDI0MQ==,pending
py-obfuscater-1.0.2.tar.gz,2023-05,malicious,6143ced1f3209120d5db366d66aa9b349f825ae1a6d7e489adc9f86a8dd40e15,MjI0NDhhNmUwNmM4ZTM2ZmIxMjFlYTk0NWViOTk5YmU6MTc3Mzc2NDI2Mw==,pending
eth-keccak-0.1.tar.gz,2023-06,malicious,d0752a1b15433b301730a85922f37f3c4828359fe5ddc00b67d97b9b37d54f67,MTM1MGI4ZjU5NmQ3ZjY0OTYxMjUyOTExNzYzMGEyNWQ6MTc3Mzc2NDI4Mw==,pending
pysqlchiper-conv-0.4.7.tar.gz,2023-06,malicious,7f8174acea6cb51e19a9c34d104fde244ff39bde5fd59d64892da0251f96c818,MzRhNThjYzhmNjZjNzI5MmI1YjlmZTc3ZjNkOWYwNzI6MTc3Mzc2NDMwNQ==,pending
barcodeqrgen-1.0.3.tar.gz,2023-06,malicious,ca933229112640d4644fd54ce680b2203189d1f273627edd9b6c1fa5d24c41ce,NmM4YjEzYTcxYTI4Y2I5YmVmZWQyMDU5NTQyMjM5YmQ6MTc3Mzc2NDMyNg==,pending
sql-to-sqlite-1.2.tar.gz,2023-06,malicious,fd752374717520442025a161a45fb2b56d1141c36a1fa1504ce850b43f6247ae,MjEyNGI5YjdhNjNiYmU0YTNkODMyYzRjNWRhNGU4ZmQ6MTc3Mzc2NDM2Mg==,pending
bs5-0.0.1.tar.gz,2023-06,malicious,5b92926d04d50bac9a3f381732bcda30a11b485d7420b406944f7b7e42649196,ZGUyM2IxY2M2NjA5ZGEyOGZhOWVjNTZlMTBkNWVkOWQ6MTc3Mzc2NDM4Mw==,pending
arangodba-0.0.1.tar.gz,2023-06,malicious,f783a891b67a2d2537265e939d4156ea2495b130c71132b4bbece2551f22531f,YmVkN2NhYjRiODY3ZmY2NzE0N2U1YThlNGQ0ZTkzMTI6MTc3Mzc2NDQwMw==,pending
bignum-devel-1.5.2.tar.gz,2023-06,malicious,16d8c209fda02187f58c93b98c65112fdb362add4fc1b50fb9c0b6e5b39f756e,ZTYyNTRmZmY4ZTM4MjRhZWU4NTIyMDAwM2NlZDEwZjk6MTc3Mzc2NDQ2NA==,pending
wxpayproto-1.3.1.tar.gz,2023-06,malicious,afb4f44eeeed3d7f09ad1ee65df4a4e7765081f849a7d4a3a2c6e02b8526fe00,ZmFiOTE4NDlhNzEwMmY3M2E5ZDY0ZmE4ODUwNDc2ZDI6MTc3Mzc2NDQ4NQ==,pending
libiobe-0.1.tar.gz,2023-06,malicious,8ee7835999a9c492818cad60156f2916eb6a93e2c6a870181065b2c2ca03f34b,YzE1MTI0MzRmYmMyYzUzOWI3MWM3OTgxMzRhYzNhZmI6MTc3Mzc2NDUwOA==,pending
wxpay-comm-0.1.178.tar.gz,2023-06,malicious,3c021b1bf51a5ea4dc358bbe4bc5de485932df3aa1ee96da6fa36ed66da7fd0e,NDAwNzY0ZDE1MTEzYzRlMTA3ZGQ1OTk3NjBjMGYxNDI6MTc3Mzc2NDUyOQ==,pending
lalalaopti-1.0.1.tar.gz,2023-06,malicious,86e3713fa099248e4a24dca8c66ab18a71e49d0a0b5191ef384474536ecb35ea,ZDNjN2Q4MDg2NWM1YmVhMzA2MWJmYmE4Y2MxYTgxMzE6MTc3Mzc2NDU0OQ==,pending
colordiscord-0.0.1.tar.gz,2023-06,malicious,97139903ffdee50f92249712514ebd8116024df491cf72f9b6c83982d38fe659,Y2UwMDc4NzFlYjFiZmY5YTUyOGRlMGM0NGNlNDYzZjA6MTc3Mzc2NDU2OQ==,pending
dmnstnd_http3_client-1.0.29.tar.gz,2023-06,malicious,d306b6b0efebca1b29094c96b163bdc8392824083b2357975e7d68c7e171c026,N2ViYjIzYTczZjQ5YjI1M2U4ZTQ4Mzk2NjJiN2FkNjk6MTc3Mzc2NDU5MA==,pending
libiobi-0.1.tar.gz,2023-06,malicious,c93ff9eb027aaf6f69c600018aeac644a05df44b3dfe94c667e71d82360a1bea,MjU4OTUxNDQ5OTllNDZlZjBkYzNhOGI2MjYzMTgzMjI6MTc3Mzc2NDYxMQ==,pending
uniswap-math-0.4.2.tar.gz,2023-06,malicious,a42dfa1de3c6727389f769ca5704f6f51279786c7b14944a533c4b28b47ba2bd,YWQ5ZWNkZjkxZjVjYWRlYTIxOTdiNTE1NDVmYWYyZGM6MTc3Mzc2NDYzMg==,pending
threads4images-1.3.5.tar.gz,2023-06,malicious,3c39f3f4d42de93d678ce55c2d30cce9fd135db68710e1d7eb400d236eff3506,YTM4MGEwMDcxNzRmZmIzYjg5ZWM4NDc0NTIyN2I3NTA6MTc3Mzc2NDY1Mw==,pending
gogogolokl-1.0.0.tar.gz,2023-06,malicious,e9afdf02ed36231c13e0ee2f0fa8c5472c2f2471b94029703cc8ca795e6acd70,MDMxMDZkMTE4YTg2ZjU1NmViZjI3YmJhZjhmMzYwMTQ6MTc3Mzc2NDY3Mw==,pending
dependency1338-1.0.0.tar.gz,2023-06,malicious,b7aff030863191327d472a84ad2532736672468cc038efa2861ad858996ce55d,NGUzMWU1MjkzOWIwOGI1ZmE4N2EwNTNmOTU3ODg1NDk6MTc3Mzc2NDY5NA==,pending
colordiscord2-0.0.1.tar.gz,2023-06,malicious,3bede38dac6a4a19f9ed51ca6fab0a1343c0e7a2d11be7d7878972288c82b00f,ZTEzZjM1ZTM2YmRkMjc5MmU1M2E5ZmVlOTZmODVlMDM6MTc3Mzc2NDcxNA==,pending
pysqlcipher-conv-0.4.7.tar.gz,2023-06,malicious,32209ca0dcd73f9a9e3f0ef38c2bb38d579ed4cd2e46f3bf95bc708f2f7100c2,ZWVlMDUxMTI0YjA2NzdhMDZjMDczMmE4MDEyNTRmYjA6MTc3Mzc2NDc1MQ==,pending
datagraph-0.9.0.tar.gz,2023-06,malicious,65500d14047e460b1471e87e7ab153951b9bf672b944e252bc7aa29f70904e5e,Yjg1ZDIyMjZlMWM5NDU3OWFiNjk4OWNhNzhkMGU3NWY6MTc3Mzc2NDc3Mw==,pending
http3clientpy-1.0.24.tar.gz,2023-06,malicious,797d250dc3171ae9b81b5f04716d42f1eb198ee65c2b91cf23fe3cfad2606903,NmEzMGFkYjE1NWU0OThlYzViZmMwNDQzNDRkNjkwYjI6MTc3Mzc2NDc5NQ==,pending
tabulation-0.9.9.tar.gz,2023-06,malicious,9773495b00b50b85d158ab85dd3fd5a86fb5024ae1c1ae41a6ad9ec25a9b2070,YWExOGQ0YzRhNDk4N2VhNjM4ZWNmZTljMWVkZWE4OGU6MTc3Mzc2NDgxNg==,pending
wessycord-1.2.4.tar.gz,2023-07,malicious,d11e6613f7b31794a40d2db2b22e36906b0ebc47186db0677b5cb8e4bb046049,ZDcyNzU1YTgyYmQ1ZTMzZTMyNjVmZDFkMmQyNDAwZDU6MTc3Mzc2NDgzNw==,pending
shellexec-1.0.4.tar.gz,2023-07,malicious,97be04db7f174c9f2f525324d1e199e0733df218769103bb40975baa96a0495b,MTYxMzJhNWZmMmJkNmJlMzU5NmM2ZDRhYjcwMzhlMWY6MTc3Mzc2NDg1OA==,pending
servantcord-1.0.0.tar.gz,2023-07,malicious,cc347fe790d584ac9bbb5f3e1b8b4680ad2f61f25e62857e46b28de06d0609a4,OTk1ZjYyZDYyY2NjZDE4ZTEzMDFhNzhiNzFkY2QwMGY6MTc3Mzc2NDkxOA==,pending
barcodegeneratorqr-1.0.3.tar.gz,2023-07,malicious,57e2c640a8b663f25a46f04631283e4e619cb453d0eaa502d966f96ca493605b,NTdhMzZiNzY1ZTYzZGE3ZmI2NTZlNTMyZmMxMWUwMDk6MTc3Mzc2NDk0MA==,pending
servantcord-1.0.2.tar.gz,2023-07,malicious,d893c4c58425f608a0d8b6003676f62b6430f7c7a64d26230d995014fa586fdc,YTNjMzBkMzExNTk4NTI1MjIzMDc3NWFmM2EyNGNiOWM6MTc3Mzc2NDk2MQ==,pending
neverbeentgg-1.0.0.tar.gz,2023-07,malicious,66f3e5d0e3292af952dfcc0421c480274199ef939b0e93b43a2bba10ee5f5c66,NDRiMWRjMGJhYmMwNWY2MTlmNmU1N2U3N2UyNzE5NzQ6MTc3Mzc2NDk4NA==,pending
killskids-auth-1.0.5.tar.gz,2023-07,malicious,5fdc5714ff25b34bce3585adee8004d426240e6cb18d2c0769f9e528de62f29f,ZTIxM2NmZGM1ZmExZTViNTM4ZDg4ZTAzM2I1OWM0YTc6MTc3Mzc2NTAwNA==,pending
jzyRLjROXlCa-0.3.2.tar.gz,2023-07,malicious,2379ea0a181b9c88f09e49748909c1d8679f4a2e05bf0d46b46491d3bd7bf229,ZDIzYmRkNzgzZTI3MzRmNjkwYTlmOWNmMjc0ZDc2ZmE6MTc3Mzc2NTA0MQ==,pending
EoerbIsjxqyV-0.3.2.tar.gz,2023-07,malicious,70b207b763074efba7719852ef0462156a3b4e6333c9b797cd0cf007602a974f,MjZjNDY0Yjc4Y2IwMGE3NGUxNjAyYzg4NGU5ZmY4ZTc6MTc3Mzc2NTA2Mw==,pending
eeAjHjmCLAkF-0.3.2.tar.gz,2023-07,malicious,34ec5b999e12f2d9f99f6a1ef3de29e94fe8dca6384a68d9520e9ed5e73b990d,NmJlN2UzM2NjYmY5NjFhMDNiZDA2NDk2MGJjOGVkMGU6MTc3Mzc2NTA5Mg==,pending
SwiftyPy-2.1.tar.gz,2023-07,malicious,c2a5ffce668e51a177dec237ac7ccf8b0e9239aa55018295ab5b950a81899c47,Y2MzY2I5Y2I1MTVmMjU5N2ZiNTQzZTgyZjZmNmE4NmM6MTc3Mzc2NTExMg==,pending
dccsx-0.0.1.tar.gz,2023-07,malicious,59c58a71f6ee85fd3760f77a8af11f552541c49145d13be3ebfa6b0818112c0d,OGRkM2E5NzIxZGRkMDczMDhhZWZhOTAwNTFlZDI3ZTA6MTc3Mzc2NTEzNg==,pending
adv2099m3-1.0.0.tar.gz,2023-07,malicious,6f42275bfad7341d68e221c298b03a0865bfb51758be69028b91c0198853d0a9,NjgyNGZlOWMwNDhiNWU1NDUzNjc0YmI1ZThkZDMxZGM6MTc3Mzc2NTE3Ng==,pending
semurgdb-0.1.tar.gz,2023-07,malicious,36fa32319b85ef243a806c56e883eba8ab5e7a581b588f629df23eae9971ed2f,NDlkNWU1ZDFmOTQxOTE3MmQ2OWM4YTgxMmMxMmQ0Nzc6MTc3Mzc2NTIwNQ==,pending
requests-toolbelt-2-0.0.0.tar.gz,2023-07,malicious,f2a4def95979daaf3ba2d865e01c8aeaf8fa77b2fef7d23990b5376c438572d5,OWRkYmNjODExYTVjNTFhMDAwMWMzNjE4ZTA3NGNlMmM6MTc3Mzc2NTIyNw==,pending
dccsx-0.0.2.tar.gz,2023-07,malicious,7161248eb654f85074890090c025cbed559ff0b42afcfdafff82b04705f50743,OTEyODM5M2I5OTNkNzUzZGU3N2ZhZmI3NmJmOGRhMWM6MTc3Mzc2NTQwMw==,pending
SwiftyPy-4.1.tar.gz,2023-07,malicious,a1bb3ed7eac939bd736a412891154761c39978acbdcb846377bcaf9582495a0c,MWMxMzRlOWYzNWJhMDIzYTQxZTI5NzdiMjI5MmVlNTU6MTc3Mzc2NTQyNQ==,pending
SwiftyPy-3.1.tar.gz,2023-07,malicious,0f09974d2a1145a8c9a8f0ebcb2ae89a657373e911faf8f3f6f050980f5f2820,M2ZiOTVhNjBhOGVjOGY4NGZhNzU5ZWEwYWNlZWYyMDc6MTc3Mzc2NTQ0OA==,pending
18923aa-4.96.tar.gz,2023-07,malicious,5c4d8810fce29171dd2a7c3fb223f9434a5dd50226e0daeb06bb672fe16ed4b3,MmMyMDBmZWVkMjliZmNjMjEzMGI4NWU3NDI5MWJkZDI6MTc3Mzc2NTQ2OA==,pending
dccsx-0.0.3.tar.gz,2023-07,malicious,9ecd97dd6c25d058a58b3759aebcbc3a2786b2d0fc6d39017d367984e604af6d,NjNmYTNjOWViYThkOTZhYWExY2YwZjdjYjI5M2M1YjM6MTc3Mzc2NTQ4OQ==,pending
pypiele-1.0.2.tar.gz,2023-07,malicious,7e8dd3d0869c1e464c4e3cfd21634443b341a2b354e639504670e11b636cc476,NmI3YjdjNzQ3Y2M0YzA1ZGVhMjNiNjYwNWU0YTg4OTM6MTc3Mzc2NTUwOQ==,pending
SwiftyPy-8.1.tar.gz,2023-07,malicious,d74e11e281713780696510199970c0ddc491f27793ccd37a4af011e5b4ef9c9d,OTU1N2ZjMmFlYTFlNWRmZWU4ZTU5MDA2NDBhN2Y4MjI6MTc3Mzc2NTUzMQ==,pending
VMConnect-1.1.7.tar.gz,2023-07,malicious,6610c0087b87b7c54414d38fc8885bfaf8e1ce4baf9bdafabf76e0ba07fa89f2,NjRkZWQxMGQ0Y2YwYzMyZWU5NWFiMzM0NjhkN2ZhNTc6MTc3Mzc2NTU1MQ==,pending
requests-toolbelt-v2-0.0.1.tar.gz,2023-07,malicious,adb14079c2eca903b4c4edab55b2aeeb8f1d74e949bbd903cda562f09bbfa386,OTY2ZWVhNDQ3ZWRkYmNlZmRkNjQ1NGM3YzNmNDE3ZWY6MTc3Mzc2NTU3MQ==,pending
pypiele-1.0.1.tar.gz,2023-07,malicious,c56d4817e525911d8b12146f7e35df304ac2b9617b3e6948f6c4146d56e26e11,YmU5NDY0OWQ0YTI0YmFjZjM3OGFiMzRhOTdkNWYzYTE6MTc3Mzc2NTU5MQ==,pending
requesters-0.0.1.tar.gz,2023-07,malicious,d5341305a7ef92122bc4ebc341932368daee33d885350f96b6629de22184e79c,OTdkZjZiZTdjMGUwZmFlNTljYmZhYWNjYTZlMmYxNDg6MTc3Mzc2NTYxMg==,pending
191239aa-10.87.tar.gz,2023-07,malicious,23ac7ecc5aaf76899d996c46f1c8d05a94def44e2b3a40a1c5bc1aa9b9d5dcd1,ZjE0YzQ0ZGRjZjRmMDg2MTdjYmI4YTZlMDNmZjY0ODE6MTc3Mzc2NTYzMg==,pending
WkquBsXEkbXn-0.3.2.tar.gz,2023-07,malicious,54bc135f378ed1a7d5d80c7e7745f6192f0e299dc661b4aa31966d81fd0c8637,NzQ3ODAzMmQ4YmQxZjc1MTNiNDMxOGU0NjQyZTEzZjA6MTc3Mzc2NTY1Mw==,pending
tjajsd-10.33.tar.gz,2023-07,malicious,5b5d6fd31ecea8bb8757ec8c5190bf83fba874d5f3251056dcfa6c00e2fcdeae,ZTljY2ViYTVmYWY3NzZkZThlNjEwNDlkZjZmNWMxNmY6MTc3Mzc2NTY3Mw==,pending
requestery-1.tar.gz,2023-07,malicious,31cb6bec4fdf081f4b189766b1524a8e4a4ff5b8300c3c3e803cb019b06c18a5,MGU1YWI1NTc3NTVlYzAwOTA5ZmY2ZjEzZjhjNzhhM2Y6MTc3Mzc2NTY5Mw==,pending
1923tsl1-5.40.tar.gz,2023-07,malicious,dbddd98559e3f157cef716dc0f8988658c68c6ec38b075c1ac60a0de61d66117,YzU3NGQ4M2UxNWRiODQ4MjkwMGZlZjU0ZDZkMGJiNjU6MTc3Mzc2NTcxMw==,pending
SwiftyPy-7.1.tar.gz,2023-07,malicious,115e4d72d4ee0e0c12c11dcd440a2e4280883ad46c55021c70fc8a74882d55f5,MDc5MDEzODVmNTg3Mjg5Y2NhM2QxYjQ3NmUyMTMxNmI6MTc3Mzc2NTczNQ==,pending
nir-bb-test-0.6.tar.gz,2023-07,malicious,fc245cbc5756a95322774041d9f40ccffd746dd227caa7307774d58fd991c2ca,MjAzMDNlZjQ4ZGZmYjI5NGE3ZjJkYTk5N2ZhZDYxZGM6MTc3Mzc2NTc1NQ==,pending
graphdata-0.8.9.tar.gz,2023-07,malicious,13c8abab84c3a421ccbcef2c7ba1417e7b70b79daa4c0e524d648ab608084cea,NjUwZTQzZTQ0N2MxNmM4OWVkMzE0ZWE1ODcyZThkYzk6MTc3Mzc2NTc3Ng==,pending
SwiftyPy-8.2.tar.gz,2023-07,malicious,cc9ba3efe51f6abe903d3e2d3ff128c3d0e96f210ac09da58f96b8a559e7a44d,ODM5OGY2ZDdjMGNjYzIwMTFjY2EwNDVhODFmYWQ0OGM6MTc3Mzc2NTc5OA==,pending
MJpoYTWNgddh-0.3.2.tar.gz,2023-07,malicious,d0b7dd8dd3deadf528c0a8e8dea48c489f6138504287d7b4a5ec8e80c155acd0,YjIxODMzMTg4OGZhOWMzYmVlYjQxOTA3MWM4ZDI1Nzg6MTc3Mzc2NTgyMg==,pending
hnUHfYZUmKMO-0.3.2.tar.gz,2023-07,malicious,17e95f1adfc1e87a76f70abdddfd90890f7ec6a402d7454b3af0084748741d51,MDQyOGMwMmQ5YWYyNDg2MDJhNWQyYTVhMjRkY2IyMjg6MTc3Mzc2NTg0Mw==,pending
servantcord-1.0.3.tar.gz,2023-07,malicious,1c4e0bed104578003196fc08ca705d6aa4e386b48b5dbb2e000f05a428d31357,OGY5OTlmYjJhNGYwYWNiNmNmZjlmZDk4ZDA4YzdlOTY6MTc3Mzc2NTg2NA==,pending
lucifer9423-0.2.tar.gz,2023-08,malicious,2a9a9ec644a42349da3770cb5b031bdf13b531fc75691195501cbd9a04a7a758,NDljOThmOGFmZGZjYzhlMzk1NGViMTZjOTAxNzM4ZDA6MTc3Mzc2NTg4NA==,pending
lucifertest2-0.1.tar.gz,2023-08,malicious,61e20ec90f4ba43148c863f755b9fb1cbeb8caaedec43a461807044a406b3613,N2RlNzRkYzllOTZhYjFjZjFmYjAwMmY4ZjI4YmIwNzM6MTc3Mzc2NTkwNA==,pending
duck_test_pkg-1.99.10.tar.gz,2023-08,malicious,56ef9994a68402d0d367f1da6ae68c01b291bb07ea12a5163aa054a0c700c750,NmQ3MjhmODgxYWQ5ZThkZDYxMTdhZWMyZjE0MzY1ZGQ6MTc3Mzc2NTkyNA==,pending
notsogood-0.0.2.tar.gz,2023-08,malicious,6822ab3c77c1fe8c49b0137216a50cfcd3784764ced53cdbc25c205daf78fc97,MDg0NTIzNTBiOGFiNjEzMGI2NGVjYjU0MTViZDlkZDM6MTc3Mzc2NTk0NQ==,pending
ja3-hashscript-0.1.tar.gz,2023-08,malicious,87c0de75e1aab1f790a69d66bc4f54fca072e3fb7c71dbb9e9f0efc840a2c0f8,MGJhYjBhZTFiY2UwMjgzYTc1OTc5NTZiNzYyNTU4NzY6MTc3Mzc2NTk2Nw==,pending
okinalek-0.0.0.tar.gz,2023-08,malicious,19c07bad842037c0e7b3237e06991b4601dc4a1ccad7ef5199ba7c48dc881f10,NWVmYjRjNTQ3ZGI1ZGU4ZGFmMDY2MDFmY2YzYTBiZTM6MTc3Mzc2NTk4Nw==,pending
python-aliyun-sdk-ecs-4.24.67.tar.gz,2023-08,malicious,3cf0aeae1636a9fe1467dffec78badd5b5366cb8ed419c7e3fc9a1225bacc2a3,Mjk0Zjc0ZDY1OWFkOTY2MjVlODA5YTgyOGQ3N2VlZmU6MTc3Mzc2NjAxMQ==,pending
lubyrequests-1.0.0.tar.gz,2023-08,malicious,6a2e4a9074c83c8d19497c85371f8699806b94967e9d155a0cf1db2c56ba9b26,ZDFlMTEwOTI0Zjg0YTExOGVjMGY0OGNkMmM4ZTllMGQ6MTc3Mzc2NjAzMQ==,pending
python-cos-sdk-v5-1.9.25.tar.gz,2023-08,malicious,4956481c14519e0bbfa314dd9be30ca07be684acb6eb5b354dc153eef233d4df,MDM5MzVkNGI4NzYzOTlmZjg5NTg2ZjkxODM1ZWY5YjM6MTc3Mzc2NjA1Mg==,pending
testepassword-generate-0.1.tar.gz,2023-08,malicious,ffd84d8eb90b5d24777070ced67511ba5c5ea8cff189c8f33ab4e959707073a4,NmQ5MmNiZjcxOGY5MTU4MWE3OTMwZGY3ZmIxYTVlZWU6MTc3Mzc2NjEyMw==,pending
aliyun-oss2-2.18.1.tar.gz,2023-08,malicious,6c45832911c62f11726e05b146daebca2915cb96e89a7060c96697ba7e672157,MGQwNzJjZDkxMTcwNmViODlkMDBjMTg1NDNlNmI5ZDA6MTc3Mzc2NjE0NA==,pending
raspberry_getinfo-0.0.8.tar.gz,2023-08,malicious,78b183c01dc9efd9b29b39602b88022f3f487766ef98fc1c9b8e8f03c6be1d0e,YTJiODE3ZmRmOThjZmFlODg3NzE1ZTIxOTk5NTMwYjA6MTc3Mzc2NjE2NQ==,pending
pyjoul-1.0.0.tar.gz,2023-08,malicious,64c7b24043d1a64e624e90d3b56f82657e54b4e1aa857c895c0c3c7c13b89e1d,MTExNmZiN2VjNTA2ODA3YTUxMmY1YzUxMGY2ZWU4MWU6MTc3Mzc2NjE4NQ==,pending
requesttest3-1.0.2.tar.gz,2023-08,malicious,671a47851c6ae4fb650dc4633f3d2369d70253969d3f3cc72fd007289b812c28,YTRiNzEzY2NhZGNiMjhlNzVjODdjNWVlYTEwNWE0Y2Q6MTc3Mzc2NjIwNg==,pending
request-plus-2.31.0.tar.gz,2023-08,malicious,5aa0a9e63bf0d39db9588d6e564fe2f07e57523079486e1a6d8610e3edd2ff01,M2M5ZGZkMDI5OTJhZWViMzFiNzM2NjI2ZWJjZjg4NmY6MTc3Mzc2NjQyNQ==,pending
python-aliyun-sdk-rds-2.7.43.tar.gz,2023-08,malicious,8234dab67aa7aefc76dfcbf8691b68c2546f963881d493d731ccafc151bfebec,YjZiYzQ3MWM5YTI5NWQzMGIwYWE2MDVmMThkYjI1YWY6MTc3Mzc2NjQ1Mw==,pending
gen-agent-fingerprint-0.1.tar.gz,2023-08,malicious,2f8f8c6cfce375176eed2e8469364358e7a52eb93d8acac293f62586ca7d1648,NzI5NzNmMzYzODVjMjI0ZGUyNTliYjE1MzMwMGRlMjk6MTc3Mzc2NjUyNQ==,pending
python-aliyun-sdk-core-2.13.36.tar.gz,2023-08,malicious,754c477f63bee0853b4c15b7fefc019af9359886f2e3b876a928debcd453bfb2,MDNjNWEyYzFjODBmNjAyODdjYjQxYTg3M2UxNjdiZDM6MTc3Mzc2NjU4MQ==,pending
foungases-0.0.0.tar.gz,2023-08,malicious,04570945f8678efd3ee821bf7c8ad3ca8f677087b96cdb5a3d74397499adf477,ODVlOGUyYTE5NzdiMGU4YjI4NTgyMzQ5MmQwZWVlZTg6MTc3Mzc2NjYyMg==,pending
python-aliyun-sdk-kms-2.16.1.tar.gz,2023-08,malicious,dd463ca98f2efc70c46428e08d4b6dae19e9068c4443de02299074bfb9792232,MTc5ZTRjYmM2NTk0OTdiMTk4MzgwNTNkZGZmMjAwNWY6MTc3Mzc2NjY0Mw==,pending
rmrentryutils-1.1.1.tar.gz,2023-08,malicious,ff4d620c112f763ea1898a580d85ff6e9f8bcd3c4c1f4cc5fd6a6259d3d23888,ZDJlODEzZDkyZWYwY2M3ZDE3ZWIyYzRjNGE3NGZkMmQ6MTc3Mzc2NjY2NA==,pending
quantiumbase-0.8.1.tar.gz,2023-08,malicious,2402c1e591dae4098133c568a1c8af792739d307dfbf9a5a3528a11898aaf23f,N2RmMDIyZTkxMzgzMjZjNTNhMjdlZWNhMGZjODBmMTU6MTc3Mzc2NjY4NQ==,pending
ethter-1.10.1b1.tar.gz,2023-08,malicious,85575988de253307aa30821a8ae684fd1fc63930c3c8e8def43893eb99aac910,NDJhZjhhM2Q2MDdjMDBlZWVlMGE0ZDI0MjlhMjNmYjQ6MTc3Mzc2NjcwNw==,pending
pykokalalz-1.0.0.tar.gz,2023-09,malicious,f8edf9d5dd6ec1c4cf77c6197d357ffa6425482df14a47ec4c3edfb76c6e44df,MDVmYjBhZDdlZTY1MmQ3MTVjYWU5ZWQxYmQ3YmU1YmI6MTc3Mzc2Njc0OQ==,pending
pyioapso-1.0.0.tar.gz,2023-09,malicious,659f7a7f8026908077d152a4ba9db63310d15d47c25686e6011d5caf2b5ff5c0,OTRkNDc5ZWQwNjc5MDQ2ODg2NmM5MTQwYWE5ODc0NGQ6MTc3Mzc2Njc3Mw==,pending
urtelib32-1.7.5.tar.gz,2023-09,malicious,f7a52e0533a44046aaf88e54849c17ae509e30887a1fd526e21d3deda270e163,ODllZjI2M2VlZjE2ZTE1YzZmNzQyZmRhZTliMDQ3OTQ6MTc3Mzc2Njc5Mw==,pending
urtelib32-1.7.3.tar.gz,2023-09,malicious,f78c7c6945db41a8cbdc03f8898c0a5e5516f83a8dc4f9b8c7a358d0ace7b015,MDZkYWZhNzYyZTNjZDRkMmZmMzNhMDViODUxYzk4MjA6MTc3Mzc2NjgyMA==,pending
urtelib32-1.8.1.tar.gz,2023-09,malicious,591ead5d9f25b30c91945cd8da8caddef7ae6247aff64f02f4359f1dd9e0b611,ZTU0ZDZhZDQzMWY3MDZjNGNhYWM5NGFjYzZlMWUzMGE6MTc3Mzc2Njg4Mw==,pending
pylioner-1.0.0.tar.gz,2023-09,malicious,85ff0b732de19df6b74aca2ec52b162ea518966d9596ab47c4dc33c1c7bb8c7c,NzBiODkyMzg4YzI0NGU3MDA3MDY4YWE0ZDYxODZiN2E6MTc3Mzc2NjkwMw==,pending
telethon2-1.30.3.tar.gz,2023-09,malicious,7c39957092d0c83874e58ce72c6485e8c8a9ceecd5a79ddfbe140f47371e8ceb,ZTNhYWJlNDRhMjU4NWQwNmFmYWY3MjVmZjgxZGY2ZTQ6MTc3Mzc2Njk4NA==,pending
alibabacloud_vpc20180317-5.0.2.tar.gz,2023-09,malicious,faac9587876065334f1e0210f22c55fd3c085fd6c9b4378b91194fa360ae72f6,NThkMzYzYWFhYmUxNjQxMjk0NTdlMmRmNjVjMjRmZmQ6MTc3Mzc2NzAyNQ==,pending
pyowler-1.0.0.tar.gz,2023-09,malicious,f4c941d25e11ad5c71d9e6cad226a67692d1e63dec537c0a13e148743305da6f,NjZjMTc4Yjc4Y2E2MjY0MTA5ZGMwNTkwOGIyMWNhYmY6MTc3Mzc2NzA0NQ==,pending
pygraphql32-1.2.1.tar.gz,2023-09,malicious,7f82bcb76d068cabe8041f0374f78817b2b444f0ef4e16eb5aebbc4723c1ee09,N2JlZDRmZTA3YjYyZmZmZjM3Y2YxYzU4YWE5M2QwYzk6MTc3Mzc2NzA2NQ==,pending
pyioler-1.0.1.tar.gz,2023-09,malicious,356f3ceccae1ca6f120c2e00e2534cffbb4d31cd0b3850b41d61f586c3101c97,YWIwZjM1MWY1MjA1N2Y3YWE4ZTM3NjAzNjU5ODYxZjk6MTc3Mzc2NzA4NQ==,pending
enumerate-iam-1.0.0.tar.gz,2023-09,malicious,93120ed3734a698bffefe49ee7bcdb57b70c86d54d18455322e5d236012a4f71,M2E5MmEyYWUwODIwYjBmZmNiNmNhZGJiM2U1ZjFlYjM6MTc3Mzc2NzEwNg==,pending
alibabacloud_ecs20180317-3.1.1.tar.gz,2023-09,malicious,0da3bde345e4675756db0bcd07f5d39f59e9723b11361ca65f20ba94a6e23ace,MmZmYmQzMTFmYTI0NDQ0YmU2NGU3ZTE1Y2ExY2ZmN2I6MTc3Mzc2NzEzMg==,pending
pykooler-1.0.0.tar.gz,2023-09,malicious,8eda16671645a0e5b836bd7e44c1e7edf0510955ed19dbd764dcd67012545f79,MGE0NjgxZjY1YzY3OTU5MjRhOTk5Yjk3MDM2Y2UzM2U6MTc3Mzc2NzE1Mw==,pending
sc-concurrent-log-handler-0.0.13.tar.gz,2023-09,malicious,78a102fd4f8a8a63e82dd739dd250bae20a80af67b0cec8ad7381ee37871811e,MzgzZjQzYzVhMzcwN2JhNGYxYzhlYTA1OTM2MjJmYTg6MTc3Mzc2NzE3Mw==,pending
ssc-concurrent-log-handler-0.0.13.tar.gz,2023-09,malicious,8fd74faf10e17f806d6f6e08b0e676ea7e0ab0cce0f9df5b27a36bf997ba5b25,YTQ5MDI2NGU1MzA5ZWEwZjlmNjc3M2RiZmU3YTYwMjI6MTc3Mzc2NzE5Mw==,pending
javapatch-0.7.tar.gz,2023-09,malicious,1b376682be8722d845c2facbe1529e974a9080eb54cde297565f5ea9c42d8d61,MTFlYTNiMzc3ZWJjNGVkN2E2MjNlMzQ3ZGI0MjUxZGE6MTc3Mzc2NzIxNA==,pending
urtelib32-1.7.4.tar.gz,2023-09,malicious,202ee1568ca1e1efa12c0452810426735157e558474f6aa2be1b7a592cd7cc47,YmQ0Yjk4NThmNzA4NGNlYjI5YjRkODdmMTIxMGJlYTc6MTc3Mzc2NzIzNA==,pending
ss-concurrent-log-handler-0.0.13.tar.gz,2023-09,malicious,9d6515648c7522ed300070b1a759ef5eb4be14f8c984c3c885b5a884680b9c79,NTdlMGM2YmJjYWE3ZTJjYWUxNWJiZmYwMjk3NGQwMDE6MTc3Mzc2NzI1NA==,pending
urllitelib-1.2.0.tar.gz,2023-09,malicious,7eaeafca1e543af7541f764fa8fb5f8282018bccba66f54c8c291011f8a7d369,OWZjOTRmNDEzNzYzYmU0MTUzNGI0OWM0Njg0N2YzNDY6MTc3Mzc2NzI3NA==,pending
urtelib32-1.7.6.tar.gz,2023-09,malicious,28de37e1517178902ec371eca87ee025fbb2531e02c1d42cf9301335e4c6dbe6,ZDEzNDA1ODZkMmU4MDYyNTE3NWJiMWM0Nzg4Zjc1ZjE6MTc3Mzc2NzI5Ng==,pending
urllitelib-1.0.3.tar.gz,2023-09,malicious,0eb0e140400c028793a61f5a7f406fbd18abe2c6cff6bb6a14d1f3e1318f9177,YjQyMjFiZDAyNGZkZjk0ODYxMWNmMzg5YjE4NTYwOWI6MTc3Mzc2NzMxNw==,pending
pyhjdddo-1.0.0.tar.gz,2023-09,malicious,b76ead6803b1c4a11e4b9a608441b8afc316f02f4df18dc91b1346e376f66a9a,NDFhMzc2MzYxZTEzNmFkMjg4MDk5ZWVjODcxNjU1MDI6MTc3Mzc2NzMzOA==,pending
urtelib32-1.7.7.tar.gz,2023-09,malicious,78b34d66693f0e39b5aa821bb7cfa01a7e23fd04487ceb28dfa684a701e35f99,NDk5NzE3MDVjYzBmODM0ZmZiNTI4MTcxNTVmOTk0Mjc6MTc3Mzc2NzM1OA==,pending
urtelib32-1.7.2.tar.gz,2023-09,malicious,f4473b567f80b3003400da16a4f8053a607105e5ca5832431584f18f047136d6,ODBkYzZhMWUzNjA3OTk1OTgzMDA5ZDJhMWQxOWM2OTI6MTc3Mzc2NzM3OA==,pending
kokokoako-1.0.0.tar.gz,2023-09,malicious,985b599b3c953060b7e99caf82d85f1d06221a63c36433a5e2ad90368933856b,MjM2OWIxYTNiOWY0NTJhZjc2YzViMTE1NTc5ZWU4YzA6MTc3Mzc2NzM5OA==,pending
aliababcloud_tea_openapi-0.3.7.tar.gz,2023-09,malicious,14750d16bb522ba5b7664a29678542defaec954e2ea4fd407c89fad27a1e1c6f,YjlmZWNiOWJkYmUwMTkzMTA0YjBiNzIyNDdjOTkxMDQ6MTc3Mzc2NzQxOQ==,pending
pyktrkatoo-1.0.0.tar.gz,2023-09,malicious,0e9895ecef53aa2f9b972e4e50c84bad6e9cb2a39f15fe10c1e182672211563c,NzRkNWZjMDBhY2YzMDQ2YzU4NjE0NDIxODMxZGExNDg6MTc3Mzc2NzQzOQ==,pending
pytasler-1.0.1.tar.gz,2023-09,malicious,3ff47d9e7957ebedb97e45aa6c8e8b1debeb5b01b1521c26c0fea9fd223f7544,ZTE4MGE3NTBkMWE5NWQxYjBjNjg4YTRhOTMwNzBlZjg6MTc3Mzc2NzQ1OQ==,pending
pyalsogkert-1.0.0.tar.gz,2023-09,malicious,a4e34f48bd6bd56a8a7b4a1081f72c0d2b36f1a7893fb1910b940a6ab8032e60,Y2IwNmY1NjY5ZDY1YWZiZGQwNjU5NGFmMWM4NzEwZmQ6MTc3Mzc2NzQ3OQ==,pending
nigpal-0.1.tar.gz,2023-09,malicious,ec593e4ff9d336c6f9ea6cbc7fccd24547446f2a39f1176915005ebf51200612,ZTA1NDdhYjJhMzY0MmUzMmMwZjQyOWNiMGU5MDI1YTY6MTc3Mzc2NzUwMA==,pending
pytspeak-3.23.tar.gz,2023-09,malicious,837f706aed48b1328f3978bf2dbd90b3ca0bef77a42630adbd194ff0d60a3346,ZGQ4ODZhNWQ2MmI5YTM3OWUyMjQ1YTFiNTc4ZDAyMTc6MTc3Mzc2NzUyMQ==,pending
pytarlooko-1.0.0.tar.gz,2023-09,malicious,f40ad726404a8e3f22beca47b9261128086d0b97ea5eb4c5b83643957564d06f,YzA4OThhZWQ0YmE3ZDAwN2U3M2UwNjAwODQwZmM4OTU6MTc3Mzc2NzU0MQ==,pending
eth-manager-0.8.0.tar.gz,2023-09,malicious,0409e1271f7581a82197577d0b8cc7e873ea6822a4e824f38a0851a4d26082fa,OWMxYTI1M2MxMjVmZWRkNmJiYTA3ODMyMzMyNzI4NjA6MTc3Mzc2NzU2MQ==,pending
pystallerer-1.0.0.tar.gz,2023-09,malicious,2b9d00b2409a39aa81b3530a705081d75e9d75a064079f606ffa66ccf1fde0f5,NTg3YzA5NWU4Y2ZiNTdjOWVhYzc2NzJjNmU3M2I5Njc6MTc3Mzc2NzU4MQ==,pending
pystob-1.0.0.tar.gz,2023-09,malicious,b36379e312316612d9e08d705afb51ecf618227b8be73e2a98a2269f01eca8d1,NjIwNjY0ZWZhOTIwNjQ5MjZiNWI4MDJlZWY5MTRjMjg6MTc3Mzc2NzYwMQ==,pending
azureml-contrib-daskonbatch-0.1.0.tar.gz,2023-09,malicious,02e7403dd1d536fc57f4a405c4eb0c553ae6b6c2fd6c32f17f7cf7deb44c92f7,N2VjMGZhYzU1MDdlNDk2ZmQ3YTY5ODgwYzA4YzNhMTQ6MTc3Mzc2NzYyMQ==,pending
urtelib32-1.8.0.tar.gz,2023-09,malicious,4630549862f7b2584bd2a373c38fb755586d48f48332e3887b27cb197db425f0,NmFkZmNjNGRmMDI0MDlmNDIyOWU4ODVmZDYxNDY1YzQ6MTc3Mzc2NzY0MQ==,pending
pygraphql32-1.2.0.tar.gz,2023-09,malicious,345d6f6d66039b42020444310c2b4ba5b4693985adcbcf49d0f2f46515e1674b,NTNiMTZlZjJmYzcxOTBkM2ZkZmZkMTQ2MGYzYmMzN2I6MTc3Mzc2NzY2MQ==,pending
sc-concurrent-log-handler-0.0.14.tar.gz,2023-09,malicious,b9dbd28abdc4a19beb7eae25d8c5f9b842d2caf9b7452cfc39af038d20b14aaf,YjA0N2Q0MjIwZDg1MjJlZGY4ZmEwZDU1OTg0ZjQyNjI6MTc3Mzc2NzY4MQ==,pending
telerer-2.2.tar.gz,2023-10,malicious,af4d0bac97cb69e79b7b994f8e1baacc1dabdab25c6e9bbe05cbc937ea3581ba,MmQ4MmIzMGU1MGQ4OTJiYmUzYTc0OWQxZjhjZTMxZWY6MTc3Mzc2NzcwMg==,pending
ruequest3-2.19.1.tar.gz,2023-10,malicious,77ae2154617547bae6fc39606051bf6134b3119cfe282d8f5d2fd660844cfb50,YWRiYTU4MDBmZDM0ZjVkNmQwZTljZjM5ZmI5NzE3MzM6MTc3Mzc2NzcyMw==,pending
discordwebutil-0.6.tar.gz,2023-10,malicious,a5b8f7162454f45d49b1362b82c1b37354fc032faff2740a1030c729b9f4ac3a,ZTQ4NmViNDNkMTJiMjhmOTJhZTM4ZGI2YWE2ZTI4Nzc6MTc3Mzc2Nzc0NA==,pending
